X0,X1,X2,X3,X4,X5,X6,X7,X8,X9,X10,X11,X12,X13,X14,X15,X16,X17,X18,X19
0.3478631455,-0.02591564082,-0.1919482485,-0.1027919707,-0.4577638475,0.7546856515,-0.1357033463,-1.07388921,-0.006235590025,-0.008437827955,-0.4136179645,-0.1583793392,-0.4532358259,-1.048182971,-0.1851729516,-0.1644857058,-1.011316155,0.3596829404,0.454983593,0.6486128157
0.3896391708,-0.09237560156,-0.2947118703,-0.5092413874,-0.06970945795,0.6769354113,0.8654516091,-0.6477979803,0.2202871334,-0.1100178052,0.5829986989,0.2800640862,0.4806548122,0.2047714646,-0.3023863748,-0.09725783459,-0.6271597441,0.3546203137,0.4655451565,0.86196448
-0.05536122444,0.1411882791,-0.1264986839,0.3500615506,-0.6312652965,-0.206232636,0.07407409064,-0.2450823432,-0.2238545673,0.05822802696,-0.3415766498,0.4379979401,-0.6669878543,-0.555649039,0.1940723471,0.3556931178,-0.05884303708,0.8673687323,0.4522314272,0.3453837705
-0.2084494292,0.2711848544,-0.207934626,0.06487643578,-0.4036387184,0.01057476816,-0.08845013143,-0.7566298348,0.3172507988,-0.02340628124,-0.378327756,-0.3549123141,0.8428760378,-0.1446418487,-0.8676628848,-0.7021888236,-0.2390315268,0.5488744152,-0.4504257654,-0.5005065225
-0.2074115081,-0.5042904191,-0.1595252808,1.356758503,-0.09183311273,-0.148377364,0.9400431928,-0.2699567643,-0.7769637468,-0.263876323,0.6445008389,-0.2671864128,-1.01099133,1.347769527,0.02228875871,0.5339360937,-2.029198463,0.1318120184,1.126374495,1.022463237
-0.2345343773,0.5547884658,-0.003076056619,-0.1337429109,-0.2127036533,-0.0005540282252,-1.051678993,0.5963622204,-0.1325977368,-0.07248326208,-0.6797192712,-0.7490621227,-0.4114928546,-0.4582571586,0.05096924204,0.04194621746,-0.09522721482,-0.9528927507,0.0145204738,-0.06320838523
0.09869367776,0.06466996469,-0.2220546533,0.1557129579,0.0827422765,0.6435067807,-0.2127808134,-0.006633646749,0.2436833396,0.2301064471,-0.1618496204,0.1911023983,-0.1652443418,-0.329771647,0.1765101309,-0.8293702827,-0.6100214166,0.4264866555,-0.02561609858,0.1195306798
0.06639450655,-0.4523714709,-0.5521707536,-0.1184847915,-0.1013018252,-0.3567775281,0.1176419779,-0.8127851617,0.6017265899,0.221804591,0.02383141927,-0.1602640114,0.5834675938,0.04460261574,-0.328418758,-1.078212952,-0.3867013552,-0.5373894607,-0.4684415461,-0.3681864784
0.4357314602,0.2161674782,0.3744599423,-0.9281740333,0.1081087527,0.2532115342,0.1191493649,-0.1238016917,0.1575477785,0.2531139155,0.4464623767,0.0874260202,-0.3825379293,0.4640219843,0.1120843588,-0.04990701587,-0.02511861979,0.1354537846,-0.5459272267,-0.1844261857
-0.1544319082,-0.502975254,-0.1274284135,1.021515647,-0.4276073599,-0.6380302902,0.200770413,-0.7845811135,-0.6309372336,-0.6337961591,0.4657787274,-0.8331039039,-1.254003347,1.304806065,-1.443175232,0.638810841,-1.422822717,-0.7169846812,1.057399078,-0.2617899707
-0.09612584742,0.05942265528,0.4329648787,0.2043646371,0.05995411547,-0.239335622,0.269796358,0.2638181841,0.2203138768,0.1067842087,0.7698762265,-1.025688512,0.2934191607,0.5748589081,1.046070639,-0.3761021453,-0.9097083095,-0.4735857909,0.3803930464,-0.8946426292
0.2918642798,-0.1043600667,-0.4107310911,-0.252468504,0.3041583132,-0.5108354388,-0.3923469461,-0.2691884822,0.1487066969,0.4582112771,-0.4574205448,0.3959876007,-0.3131065585,-0.845337488,0.2590981672,-0.2983112279,-0.517926011,-0.07877735577,0.7431608906,1.511931482
-0.2718906769,0.2207122368,-0.5620819638,-0.05267960654,-0.3007398641,-0.4882258954,-0.5160317955,-0.6215597958,-0.4244096472,0.06655427648,-0.7752587377,0.3492486159,-0.743409466,-1.741585745,-0.32982276,0.3684354085,-3.470687638,0.1387066457,0.7305807011,1.381389154
0.4512037305,-0.3800775454,0.2362034769,0.3807606319,0.4720482981,1.018897983,0.2452050467,0.6586187955,-0.3981228122,0.1577544642,0.289864449,1.321151256,-0.7771401863,0.003805953714,1.010706437,-0.3599782181,1.117332961,0.7064425435,-0.8949047617,0.4478692353
0.002999479204,0.2282140378,0.07213330659,-0.04229349465,0.3218631465,0.1477756602,0.6277632297,0.1064076839,0.04951592634,0.3073032678,0.2741174915,-0.7001113405,0.02648373373,-0.3883010975,0.3651307306,-0.1342557576,-0.03875124579,-0.9725989802,0.2367897072,-0.3719037302
-1.062402467,0.3691708981,0.1042412749,0.4575996642,0.597093307,-1.098920206,-0.2050882678,-0.01847048247,-0.5794949277,0.4582400235,0.2291138148,0.5583216325,-2.083187919,0.3435820624,0.3578308572,0.6586319999,1.090996835,-0.02052400281,-0.07800011109,0.704569021
0.278484083,0.3936170526,-0.04299913703,-0.7121590156,-0.06621855792,0.9584136436,0.2279748593,-0.8338590428,0.4198776433,0.3622566961,0.03837989655,-0.5125508798,0.101554692,-0.9511120451,-0.4631411114,-1.530804652,-0.560456633,-0.6528072426,-0.3493102737,-0.6372415714
-0.6771021962,0.1094462198,0.4370599825,0.4783632322,-0.2101489312,0.01141933206,-0.3400520774,-0.004516395092,-0.4060630742,0.08113246111,-0.6662497567,0.3254845401,-0.1139270182,-0.9889125777,-0.02155952769,-0.1491721679,-1.276517448,0.2813956628,0.6902465367,0.9522404879
-0.3263340637,-0.1373360421,-0.2265234527,0.661068423,0.1338738364,-0.3732889884,0.05302832993,0.3518639051,-0.1603900695,0.1210575056,0.3944618227,0.2746945275,-0.07983646198,0.1643173527,-0.2990825263,-0.3242584712,0.01536492021,-0.3525669314,-0.5218751938,0.1124137875
0.3041422432,0.3773586963,-0.2982976339,-0.6445500517,-0.05690825098,-0.2993323753,-0.7512903127,-0.1967933411,0.2404148032,-0.1712425833,-0.9814768116,-0.8301261163,0.5538091589,-1.008924252,-0.8252104037,-0.3667492801,-1.51145366,-0.1966225285,0.2596523259,-0.8269101989
0.113714095,0.4816943093,-0.1823672954,-0.5923775167,-0.3402865405,-0.4100242441,-0.1694243166,-0.07369978879,0.8930482381,-0.07664699361,-0.991332871,0.4350135447,0.9575823938,-1.026895055,-0.1907152113,-1.092271118,-1.047511734,0.426501367,0.4003600971,0.7912925382
-0.2358223173,-0.4557230626,-0.01036388177,0.8613188997,-0.02934919456,0.8378388621,0.4670403411,-0.4862735655,-1.210539414,-0.02689841053,0.4938229571,0.12100671,-1.314373783,1.175984512,-1.40100287,0.8168329963,-1.379079125,-0.2530308504,1.181465188,1.084470815
-0.6256159817,-0.2185437731,-0.05475879587,0.2715292072,0.7333365712,0.05845783959,0.5513214025,-0.06452747676,0.3086669986,0.1528983035,0.7939656409,-0.09346000639,-0.2059689101,0.7578182711,0.8662566014,-0.8496592634,-0.0294436777,-0.2889598436,-0.1576907001,0.3021104743
0.1145762642,-0.1392074212,-0.1501229597,-0.07747791171,0.07462697044,0.4029420988,-0.1552568799,0.276232851,0.06736336536,-0.2507085018,0.3473520709,0.9269122743,0.1322454135,0.4431862648,-0.1226163237,0.529728426,-0.4503954268,-0.1820965774,0.1643683714,0.9198369756
-0.392066752,-0.232556091,-0.1883719503,0.4025789822,-0.569581611,-0.4830436793,0.1691805729,-1.057341056,0.07521703126,0.01274014445,0.07198475271,-0.9187740828,-0.5958539023,0.1081387394,-1.024649068,0.1957474903,0.5505910623,-0.2297024282,-0.6536037854,-1.3778817
0.1747493203,-0.8947800381,-0.1521290235,1.648250247,-0.3883586431,-0.4953875034,0.9772763026,-0.4207150287,-0.9560124127,-0.1408446152,1.046680866,0.4479069952,-1.39423456,1.206503244,-0.4456940142,1.263685972,-0.7263574518,0.8715092345,1.533255088,1.82631152
-0.7581907508,-0.6470901106,-0.06239214848,0.8123006947,0.5168647727,-0.2546570979,0.4621855803,0.5635649337,-0.4160484089,-0.4160548729,0.5655902734,-0.2832489065,-0.09756174757,0.9028784985,-0.3735453807,0.3747048929,-1.421618657,-0.459181354,1.215333858,0.480250369
0.3551816598,0.08114386087,-0.1117252547,-0.4105784157,-0.6139409367,-0.08498955091,0.218657839,-0.5790059177,-0.1498051517,0.6201328019,-0.09510547394,-0.3401191691,-0.3316743987,-0.9259877936,0.1950448743,0.09068893565,-0.7463516684,-0.8165793319,0.6288244895,0.002569024724
-0.4415085335,0.1131267662,0.5703245517,0.7848684536,0.06401909396,-0.2305963663,-0.1124412176,0.3622515556,-0.2224269606,0.3163121237,-0.1354360573,-0.4484917334,-0.2515994938,0.3355957642,0.2294816085,-0.1298450697,-0.3981762094,-0.1483381012,0.5860829656,-0.01287423803
0.2306181637,-0.455402811,0.4202832744,0.1930911418,-0.4370928197,-0.1557425782,0.7567752448,0.4473771861,0.2551890296,-0.08537876904,1.056726559,0.3632436839,1.647473471,1.58240286,0.7377404406,-0.3939334446,-4.203195741,0.4674779981,1.291204159,1.696824314
0.1608557734,0.0303136272,0.1877085627,-0.3341620958,-0.1391614069,0.5316793183,-0.01587954935,-0.02777470898,-0.3545180299,0.4129650414,0.6351868444,0.4835336097,-0.8250155769,-0.07545631822,0.1638934072,0.09523185847,0.1464043356,0.1308167659,0.1864290882,0.6199335959
-0.05085539626,-0.106194436,0.1369976738,-0.9273116051,-0.05473639613,-0.5048598561,-0.0250050055,-0.3197790637,0.5741074308,0.390123131,-0.3356474258,0.3195799175,0.06368368629,-1.077727948,-0.2135795799,-0.9223745505,-1.410757644,-0.09067732278,0.3642336217,1.329227999
-0.2467489616,0.3526790707,0.1667981868,0.0289946098,-0.08627586315,-0.7568408566,-0.903734789,-0.2304148529,0.1831871553,-0.2059625739,-0.5084053215,-0.3905977647,-0.4741828287,-0.9645514266,-0.09636802737,-0.4676648415,-0.9205030733,-0.5536708838,0.4358613115,-0.1873240994
0.04597951812,-0.02836111498,0.03839175283,0.01017139602,-0.2680812478,0.3316729483,-0.0840378071,-0.1237129598,0.4586693324,-0.3258832909,0.3293449153,-0.5553760057,1.294683342,0.8540249019,-0.02702217183,-0.5595399399,-1.82909556,-0.3704401123,0.7254549874,-0.2062808165
-0.5946080737,-0.1567968863,-0.2980710943,0.4580382602,-0.07426299651,-0.6496239202,0.1997162486,0.1104821474,-0.3065963684,-0.03207441728,0.07271817119,-0.06387087769,-0.4491523463,-0.4140920399,-0.1664967374,0.03398552142,0.4741867777,0.1294947229,-0.09810402152,-0.5914339634
-0.5144376576,0.1489551333,0.3874921866,0.3511229121,0.2806877083,-0.4635123626,0.05144182193,1.157480664,-0.5678412105,1.000027455,-0.5186644289,-0.01495089197,-0.5496633275,-1.934961882,1.311259664,0.303884052,-3.380350335,0.1945448226,0.8656786548,0.2907421477
0.135668396,0.422784187,0.2997993018,-0.158213166,0.532376037,0.4058573976,-0.3381555824,0.8474093656,-0.007206614717,-0.3252008665,-0.8328732792,0.4170161726,0.2288642664,-0.5447780022,0.2720763622,0.1290073863,-0.6015756307,0.2429521232,0.3612254366,0.7502340672
-0.0640490231,0.248836117,-0.4663792612,-0.3051730425,-0.06078954593,-0.4030027615,-0.1706816786,-0.9229419374,0.256874298,-0.1104377299,0.3083677778,0.6143768348,-0.1880995333,-0.02831112868,-0.5203129328,-0.425500849,-0.1820319226,0.1191860307,-0.01350864843,0.6109989079
-0.1955748611,0.3004439202,-0.0314014864,-0.205797059,-0.6866210333,0.1085020299,-0.8355950237,-1.169142913,0.6364311754,-0.4419262617,-0.03956007174,-1.458594265,0.957030304,0.07568538178,-1.261532745,-0.8280507911,-0.1435359449,-0.8078123079,-0.1636628665,-2.370680615
-0.3001569609,0.01172874847,-0.246847407,0.1440633763,-0.4841308318,-0.723544806,-0.05794424443,-1.094558044,0.5306129581,0.4476845075,0.2099922319,-0.8111051278,-0.08710626546,-0.1347166449,-0.2556600637,-0.6217822477,-0.2803197095,-0.2252565415,0.05071051645,-1.071946005
-0.4025678534,0.2099675381,-0.4041661218,0.2318197885,-0.2888727284,0.3852052469,-0.06494406394,0.0003027008933,-1.001692358,0.388935097,0.1520645451,-0.1843240365,-1.013749301,1.001329694,0.5672230901,0.7240035364,-0.2007164117,-0.3079440348,0.6959364294,0.8860322316
0.06111649855,0.1768614414,0.4318094827,0.05553146504,0.7873485011,0.01840328159,-0.4196135126,0.1239661488,-0.3211616324,0.2104657104,-0.08133949068,-0.2502539641,-0.04993856108,-0.4403972032,0.5998449653,0.2452448892,-0.3010218078,-0.4334004025,-0.1816024083,-0.3091703681
-0.554252533,0.3119885951,-0.2510718596,-0.4889149027,0.3469095139,-0.0354811833,-0.4010792213,-0.02422529654,1.003773802,-0.402906573,-0.757305959,0.03092482691,1.27141097,-0.9202448687,-0.480081025,-0.9877804914,-1.433210128,-0.6516921702,-0.07605132131,0.4025803625
0.2004294077,-0.5011013128,0.2388575394,0.0553401021,-0.1829028461,0.1336458363,1.14231161,-0.01076007009,-0.02696236874,-0.1686166613,1.199057921,-0.3328173542,-0.03410894009,1.214373249,-0.3494275849,0.4666006529,-1.396233242,-0.564200874,1.028822351,0.5511595877
-0.6786237988,0.2697673644,0.02589962967,-0.3386231818,-0.3167289401,-0.6317477121,-0.5798840888,-0.07069846908,0.3534648246,-0.2436766866,-0.6096492984,-0.583179678,0.4778769455,-0.8435038755,-0.3364086799,0.2217146876,-1.069816272,-0.09153523694,0.7069434824,-0.05621018254
0.2548429891,0.02321262779,0.7813838897,-0.3690841798,-0.4706326413,0.3809361273,0.3914724971,0.597653795,0.03429218094,0.1964194793,0.608031437,-0.2124959782,-0.3974789456,0.1533374811,0.9163597039,-0.0552410234,-0.3149980222,0.1158919164,0.5203812872,0.5703361844
-0.1863879377,0.3796477702,0.2585339603,-0.2088211384,-0.5542122346,-0.04677577018,-1.06455041,-0.07749162577,0.1093396545,0.06276577027,-0.9169493056,-0.508180219,0.613035883,-1.132999327,0.8393980576,-0.2494840911,-2.590237436,-0.7997881698,0.7780747191,0.5809615152
0.4206088445,0.2044035627,-0.02765512993,-1.177196246,-0.3892769847,0.03082767289,-0.5091564293,-0.2489367631,0.6128736616,0.2741322004,-0.6511446981,-0.5166359791,1.391166372,-1.138944708,-0.14234573,-0.7526433931,-2.609037632,0.272032263,-0.0251115317,-0.9104710608
-0.3438998805,-0.6687795523,-0.8050975665,1.01030776,-0.1736870309,-0.4296203076,0.7504400584,-0.6364800603,-0.9074455668,0.9397408433,0.8502093534,0.2787894414,-1.43843983,0.2640059407,-0.04566486782,0.5081440235,1.033561,-0.1788584524,0.07217527141,0.07408054514
-0.4270485734,-0.1986052986,0.1407473236,0.8755853533,0.3769784961,0.07111915832,0.2658097517,0.09567255836,-0.4649481034,-0.04101775545,0.5102620737,-0.2195719615,-0.7036226031,0.3106116327,-0.08824033996,0.8558910936,0.08348644948,-0.7196863246,0.9684161073,0.4721209012
-0.1172107969,0.001866623503,0.1781320512,0.3851676748,0.6615986299,0.06076091729,0.07753412917,0.430026322,-0.03470782968,-0.2620343937,-0.01246133362,-0.2300974302,0.6420748253,0.21100597,-0.6188708722,-0.3336817169,-0.796132733,-0.3292432653,0.03023668451,-0.4957259453
-0.1105707141,0.1468975826,-0.5587331649,-0.2565102863,-0.135834381,0.09753230295,-0.2290785305,-0.3586500072,0.3524080328,0.4689729991,-0.08061698572,-1.438782807,0.987509194,-1.177423823,-0.4390169186,-0.2859361817,-2.37304422,-0.8860034638,0.5228041921,-1.182056608
0.4829283204,-0.6754401666,0.1235058261,0.1180077567,0.05406947422,0.7422427243,0.6322306192,-0.4739862315,0.5055515916,-0.1850211146,0.4810415545,0.2466273044,0.5508872315,0.8293207975,-0.8280038733,-0.5134393009,-1.311434075,-0.3650766527,0.6859819488,0.5667154125
-0.1103446301,-0.1077616977,0.184502188,-0.03079254362,0.7621518541,-0.2462169195,0.5838726369,0.5420159891,0.253600611,-0.2742997689,0.1893620018,-0.38984241,0.7034231486,0.7717980379,0.03804383332,-0.3407407083,-0.9258732551,-0.6993481243,0.2436145455,-0.6190831809
-0.09598140262,-0.3373338398,-0.3778071459,0.4215952785,0.5699711762,0.08972945724,0.5584416011,-0.05039366373,0.874504085,0.9980329604,0.3082309096,-0.0239927586,0.8757050104,-0.9364701807,0.8486439484,-0.286412149,-1.665998621,-0.0969882558,0.8110050359,0.4423038328
0.4068998094,0.5699229735,-0.3948831612,-0.9945475236,0.6838267497,-0.1369854589,-0.7927571592,0.5621141355,0.6467380352,0.2604251805,-0.7209058325,-0.08015212475,0.9881763369,-1.142418095,0.8947626937,-0.7818330767,-1.933343264,-0.0660823998,0.7595400209,0.2641626619
0.3057307223,-0.2037293382,-0.6945922613,-0.2569693977,0.9340682439,-0.2878900417,0.08896009032,0.2304607433,0.8391807178,-0.09483528234,-0.09309386643,0.4879443394,1.310396139,-0.6267685692,1.165859565,-1.090355427,-1.195974994,0.9626786451,-0.07464138662,0.01935118896
-0.4213559756,0.4862283719,-0.05401842774,0.009225186706,-0.1155201308,0.3345229186,-0.4426219972,-0.1299818602,0.3359948131,-0.1220707422,0.01365019853,-0.2746223031,0.1243059443,-0.1488675647,0.2655576056,-0.4395651476,0.1489853413,0.5510601963,-0.2307479699,-0.6189822851
0.1752639434,0.4112034248,-0.7114859198,-0.7092686276,0.2475555004,-0.1955101862,-0.3159977325,0.06512078173,0.5525588905,-0.3403187493,-0.7122731572,0.8924140097,0.5058684348,-0.4264734408,-0.04943624568,-0.7786378409,-0.5631327871,0.5383976697,0.1602723488,1.409361902
0.1418937343,0.3539725056,-0.4366259561,-0.550282204,-0.4522567096,0.01063969019,-0.4480810596,-0.4465051951,-0.0005789104736,-0.1200868244,-0.5876258406,-0.3311885124,-0.3051741766,-0.4581875753,-0.2056641138,0.1034171278,-0.4746793808,-0.3285750751,0.3090943525,0.1953792434
0.6500318393,-0.4568657653,0.1261887419,-0.6788181268,-0.1820588134,0.4916896058,0.605630108,-0.2253533876,0.04214730234,-0.02886447112,0.2453888817,1.694381122,-0.09842354058,0.6344217105,-0.3423660359,0.1108751904,-0.6621720682,1.019738719,0.4005630597,2.57604302
0.06073993457,-0.1900689135,-0.3952035708,0.1822663078,0.4726556913,0.1290725723,0.1122003009,0.165428166,-0.6034501106,0.3025772136,0.2780457557,0.4247342045,-0.05167963044,0.005660016974,0.205578129,0.5053913804,-0.2271677414,1.028844684,0.8422442122,1.576167902
0.1306916235,0.2460401759,0.03664620972,-0.3947456817,-0.07483127956,0.1966465339,-0.4476310036,-0.3482398213,0.6344558606,0.5788830529,-0.3710582224,0.04402279239,0.8116924888,-1.25257891,0.2859059218,-0.5303016452,-2.325320622,0.3838323798,0.3956451306,0.3963641825
-0.24154892,0.09807509395,-0.153548683,-0.07680899207,0.01603554595,-0.2906812061,0.8733140512,0.3260416153,0.4306458502,0.2496555002,0.5106548756,0.4648588719,0.3668693075,0.5465327896,0.113606589,-1.160899493,-0.4702459916,0.0230077133,0.235692588,0.7577607347
0.1475141592,0.1615853825,-0.275497273,0.575814988,0.1814822321,-0.5324033321,-0.3439429713,0.1759239582,-0.1244207701,0.1281107613,-0.5967942932,0.2756971427,-0.1388040913,-1.192815486,0.2997160935,0.4937005496,-1.36001612,-0.4465123525,1.712180171,1.485946949
-0.3801096115,-0.3618349796,0.3946325562,0.4017727785,0.09296494419,0.04751274537,1.087120042,0.6958856533,0.4152224429,-0.05432771887,0.8586424635,0.7676568644,0.768849814,0.9404814403,0.794324061,-0.4142370671,-0.6035408006,-0.3152729851,0.3953334925,1.29983773
0.02784694125,0.1019553233,0.1966763182,-0.3883574355,-0.01847726082,0.4029994564,-0.4600363082,0.09224992148,0.8097969428,-0.08915975041,0.3663044425,-0.2398307594,0.8441865361,0.3729957374,0.2726999999,-1.120091032,-0.1221100938,0.05512881683,-0.735804803,-0.5176554738
-0.3081044046,-0.3815741043,0.3175670198,0.45197292,0.1722365171,0.3932894129,0.2833248844,-0.08133657313,-0.8459654631,-0.1038217941,0.297004449,-0.4164859406,-0.8021193865,0.02194010351,-0.7037838289,0.8918912871,0.4473134692,-0.6046296898,-0.2516607382,-0.737490872
-0.2050939941,-0.2389870203,-0.3402740718,-0.06982389881,0.2649958968,0.02581585088,0.6100587206,-0.5646273968,-0.3345154016,0.07674437063,0.08569909852,1.153856952,-0.09154921735,-0.2955873164,-0.2801550946,-0.1218418755,-0.01550931264,0.4445682799,0.7700324721,1.479697564
0.8627838929,0.2208953764,-0.3054229459,-1.331913995,0.0945232112,0.5789256995,-0.2684179811,-0.2662743088,0.3031595201,-0.3045365399,-0.03500402317,-0.4407361682,0.6312141615,0.0439486297,-0.8443539828,-1.017807417,0.2338052875,-0.4747070361,-0.8524674755,-1.51717361
-0.4252024674,-0.3820531807,0.3896615831,0.5692049914,-0.1562668953,0.02597192494,0.6241732765,0.5538037463,-0.8287138578,-0.1384464708,0.4836292316,-0.02452809956,-0.9100107087,0.2392572256,0.104729448,0.8069933167,0.5092066958,-0.3767310315,0.3652647281,0.5643269029
0.1176950267,0.5774752983,-0.5626986388,-0.2254932899,-0.0825732027,0.6835506378,-0.7806934604,-0.09998842013,-0.1477627966,0.2421833819,-0.3341019804,0.009462204112,-0.5175885675,-0.7035201867,0.2848348487,0.006263452785,-0.9722748251,0.4441616343,-0.1925473362,-0.9756625793
-0.005201526514,-0.6991263703,-0.2199242973,0.8200159103,0.1012491823,-0.3301669155,1.301489697,0.2525975162,-0.2391097419,-0.1361562117,0.2871243991,0.1600118483,0.039946736,0.7764739684,0.4706579619,0.08405060788,-0.7217335701,0.5409061716,0.2841527688,0.7618681302
0.03628415904,0.2434903858,0.3973730685,-0.8824773464,0.5046050408,1.11736386,-0.2110338783,0.4845805662,0.6192210068,0.5046461996,-0.4479113586,0.942199634,-0.1641240581,-0.6051181221,0.571132354,-0.9263920894,0.3342246171,1.236712877,-0.8496258444,0.05041374073
-0.1660812616,0.4318240382,-0.1116518876,-0.6467596503,0.2139701904,-0.4683271066,-0.671973593,-0.1512753529,0.8259218262,0.007715409585,0.1137139915,-0.05667067005,0.7841062408,0.1316554601,-0.1496483609,-0.5235356446,-0.2338111822,-0.6993587014,-0.09215249594,-0.5680679388
0.2717959009,0.3110085442,-0.1123019328,-0.8079714397,0.3586864842,0.4160070922,-0.5714418574,-0.07643969366,0.06263876455,0.3686407274,0.08822798054,0.1848068599,0.09731485287,-0.9268313081,-0.3147251606,-0.569273421,-1.143972685,-0.3797783213,0.8657609517,0.8272963826
-0.1288174245,-0.02435154106,0.09604459366,0.01191927693,-0.04876574568,0.04402712449,0.6029498749,-0.1528135482,-0.215824954,-0.4391398039,0.6826110648,0.5445791472,-0.0245576385,1.414399918,-0.9171324852,0.4142437371,-1.755157172,0.3619899874,1.428185666,1.834445889
-0.1016284092,0.01968256094,-0.3069785332,0.04090353649,0.3516442023,0.06087895264,-0.06371602558,-0.266365235,-0.04872457023,-0.09459344402,-0.171569864,-0.377553105,-0.2605625761,0.1748587652,-0.4451582258,-0.1617188584,-0.5149633637,-0.7939522118,0.1598838658,-0.5120639467
-0.3180984888,-0.3446546858,-0.1361469306,0.5799803316,-0.4526808938,0.2679249999,1.233744441,-0.4166779435,-0.7014401843,0.01799262446,0.9639880383,-0.7326739018,-1.139394691,1.36631989,-0.2223185481,1.317673574,-1.563849269,-0.5831903295,1.762872807,0.4200574982
0.456810868,-0.7340285665,-0.0337341068,-0.01889962114,-0.1075464514,0.041040392,1.210395291,0.06979798622,-0.1931890188,0.2342141089,0.5607670148,0.5612873333,-0.3949894432,0.1827207665,0.05119053346,0.3703821253,0.7542726209,-0.04655935522,0.1494496778,1.307239904
-0.4734207821,0.01997607138,-0.2487516874,0.177893071,0.06705265643,-0.6732382183,0.3105997164,-0.04406529321,0.01524936356,0.0529011069,0.07992009638,0.09277947079,-0.3087477363,-0.3689572,0.1653233414,0.3226884291,-0.4028062155,-0.513601902,0.5878699652,0.519625668
0.7059349178,-0.304130484,-0.04383236672,-0.00730733136,0.606612968,0.5489411262,0.1108515509,1.126479575,-0.5341077715,-0.13541316,-0.2352011145,0.7830532484,-0.5568613646,-0.1877817058,1.081055999,0.5158982073,-0.02805638199,0.3401956786,0.8648946435,1.416052942
-0.189233602,-0.3571125334,-0.6081773728,0.4289202369,0.1333413803,0.06341199969,0.1353679811,-0.3394431915,0.2820630593,0.4955280725,0.4030858746,-0.3768255268,0.9594577482,-0.2513491219,-0.0699764487,-0.4964100195,-0.5681288011,-0.5033219268,-0.05182087332,-0.1720841169
0.09772650621,0.06576254126,-0.1404853193,-0.479051075,0.06906372834,-0.1149937129,0.4875149246,0.04290002893,0.3315589162,0.01512589829,0.4845278136,0.4345681768,0.08196759548,0.5099350061,-0.2621643949,-0.3806273116,-0.6902369486,-0.1162273808,0.04503069575,0.5756674758
-0.5614101108,0.02407861174,0.07529348187,0.5644011057,-0.5168602032,-0.1299357313,0.3434391786,-1.127213862,-0.4980860862,-0.06464196445,0.6249935334,-0.1220785528,-1.905916917,1.494286308,-0.8617074822,1.045051892,-1.944387967,-0.1469831972,1.217870846,0.823513619
-0.2137029515,0.07067411347,-0.2644409196,-0.03643368229,-0.2742107075,-0.8102588877,-0.3342042438,-0.1322080772,0.2115141259,-0.2354734638,-0.2021673861,-0.8690817937,-0.06202956513,0.4910855879,-0.1682462304,-0.4344616818,-0.2650848856,-0.235537339,-0.7217052398,-1.537013706
0.3673957031,-0.1532795974,-0.09590669499,0.0437627729,-0.4868934925,0.0713493504,-0.2727265509,-0.2090992783,-0.3177600812,-0.1269931708,-0.4650840359,-0.8037936657,-0.4136361858,-0.2109871737,-0.02974313007,-0.1506947981,-0.4989757937,-1.057206808,-0.01330615682,-0.4756396239
0.501610936,-0.04463297116,-0.2189360229,-0.6013665909,-0.480385453,0.06479479591,0.2577959132,-0.3292206951,0.118966978,0.1184579856,0.6730145837,-0.2793275348,0.4447541895,1.32046004,-1.105450323,-0.2545278231,-2.04411636,-0.440375255,0.3826789771,-0.1667835835
-0.1041646433,-0.07093865115,-0.551248329,0.256940433,0.3584114606,0.6846076246,-0.2332155358,-0.4692840828,-0.2361375535,-0.07670054042,-0.4529945196,0.06248618495,-0.7715509562,-1.138873391,-0.7371377035,0.4026634812,-1.255695568,-0.4434495727,1.062986006,1.100950959
0.0210910872,0.003299152353,0.4961811857,-0.09676387099,0.134202242,0.6241653198,-0.3633073302,0.8619604984,-0.1772080005,0.2656580127,-1.027313966,0.3417764668,-1.030341267,-1.011532447,0.9112420063,0.1886364765,-0.5602533816,-0.2776604119,0.214703228,0.4781304861
0.06154795539,-0.2414635847,-0.4491491066,0.6032342907,1.059309756,-0.3276715879,0.193654662,0.2653693509,-0.6026871261,0.1379339954,0.3827692601,1.508251999,-1.111180543,0.08033426233,0.6941155008,0.6233246779,0.4721921472,1.16490488,0.1406390637,1.339902875
1.076444332,-0.3287534885,-0.2675940441,-0.721561121,0.1167382063,1.376335551,0.8287138337,0.307607728,0.3794149625,-0.2290304145,0.3598910088,0.9772904634,-0.8092731135,0.8324927632,-0.8686303513,-1.04901533,-0.452353647,0.1794864256,-0.7433395386,0.6254595068
0.09002506294,-0.2643423481,0.3984921498,-0.4695550489,0.04850244627,0.1916171701,-0.2268022147,0.6048765101,0.4421453314,-0.03638267608,-0.6370771794,0.6011557805,0.7552039797,-1.486237041,0.6232324202,-0.3935317872,-3.410899899,0.6672828447,1.089484497,1.616432509
0.1333881425,0.2729268693,-0.1599584206,-0.2973229668,0.5289438689,-0.0009786375139,-0.1927540575,0.5997489886,0.4062393303,0.03773795531,0.03376880203,0.5411912535,0.7516623696,-0.7671885792,0.9880575615,0.0150597991,-1.038505517,-0.161628333,0.5014352484,0.9652590076
-0.01734806872,-0.7807357195,-0.1307264102,0.5215967742,0.1150406311,-0.05917554779,1.552980339,-0.3071676075,-0.2227403694,-0.3945548089,1.249203685,-0.524423659,-0.3490019397,1.5084288,-0.8546341612,0.08292655616,-2.806276624,-0.9462855918,1.095121268,0.3495930424
0.456758244,0.2076509905,0.1104315667,-0.5055230123,-0.3838346243,0.3083889112,-0.6777120559,-0.3787930036,0.8412681055,0.01412670329,-1.103235218,0.2386581845,0.7540733879,-2.083923778,-0.2703001033,-0.9697878464,-5.560612204,0.4488724159,0.2191418696,0.2048647199
0.159854279,-0.2564632615,0.36160501,-0.9601020405,-0.1648135778,0.1153300122,0.198468721,0.02601532745,1.109212281,0.4836049767,-0.6382930835,0.4624786575,1.765448709,-1.365749727,0.1817924163,-1.714802123,-2.702932272,1.212273865,-0.006571931061,1.11330294
0.5345769423,0.3263991802,0.2460627976,-0.5526137492,-0.3430456164,0.365789163,-0.6596116262,-0.2842600119,0.2187176486,-0.2124893718,-0.02913301257,-0.254716739,0.2555784418,0.06391968739,-0.6920672237,-0.06755078117,-0.5203263261,0.690572043,-0.2433117269,-1.121208373
0.1535441489,0.2275197019,0.174203205,-0.2414624639,0.1045475957,0.2743563266,-0.4481729043,0.8611246947,-0.33306492,0.2634926063,-0.6089102482,0.01574754973,-0.7403473793,-1.661367126,0.7535697688,0.5785427149,-2.544544271,-0.6975748842,1.535915272,1.554604114
-0.02154992728,0.2514416884,-0.6187852936,0.04173889836,-0.2603590581,0.2822697075,-0.6029026808,0.2105896148,-0.2906920175,0.3896845937,-0.7133497275,0.5172504822,-0.2884369975,-0.912217425,0.9455269657,0.05955793409,-0.9060529955,0.5567496276,0.9952906069,1.211784484
-0.6416987887,0.4015181972,-0.3971948781,0.06542241433,0.2863366763,-0.915829748,-0.008135441716,-0.3322604572,-0.06599603082,0.273084713,0.08621810569,0.09843383498,-0.3249038712,-0.3136935296,0.159340024,0.2463300024,-0.1004912788,-0.9674993381,0.2260984356,-0.05462874521
0.7227205868,0.1464393309,-0.49554274,-1.042079801,-0.2593085153,0.2236310362,-0.2517999379,-0.7098616696,1.228498389,-0.09277141433,-0.1549443474,0.9467224205,2.001254406,0.1675300475,-1.127551827,-0.9678659352,-0.9365980623,0.7597204366,0.06014192855,0.8770629041
-0.4640781084,-0.006167444551,0.02731285704,0.2321888527,-0.3768701278,-0.6449039447,0.2929822389,-0.7437020784,-0.3713913156,-0.3905686303,-0.3650214299,-1.193772687,-0.9832886,0.6199903721,-0.9971406976,1.051724335,0.2456909556,-0.4122690543,0.3498063768,-0.918559229
-0.058466193,-0.3053901605,-0.2605554687,-0.05725787214,0.4910789778,-0.1126692663,0.4776109944,0.1537596284,-0.5642797859,0.3775380483,0.5471407313,1.064677614,-1.136463983,0.3990330183,0.5892638958,1.3493026,1.313558396,-0.08940928545,0.2099729158,0.8477073245
-0.02460155222,0.1057631851,0.4873983062,0.1995760281,-0.5155157265,0.3670577288,0.3429472329,-0.5795049025,0.3220631593,0.1999531657,0.1933195371,-1.269836636,0.05283432715,0.07595611406,-0.5206003644,-0.6131696598,0.1489507705,-0.1713016891,-0.04941056687,-1.027567294
-0.07758208746,-0.02183585559,0.0868653337,0.2000533996,0.05055182583,0.3387508457,0.06890943024,-0.2205467287,-0.01030724673,-0.001751876101,0.4595261804,0.4762322173,-0.4860300364,0.007560896508,-0.05920527523,0.2121388124,0.04034369171,0.2315934064,0.3729200033,0.4373720327
-0.1258969376,0.733740262,-0.07539324082,-0.4895592077,-0.2438949395,-0.08261534661,-0.9779294965,-0.0145986398,0.8358680957,0.2666431492,-0.3631525635,-0.4846092949,0.852048919,-0.6750503893,0.1568832161,-1.291239312,-0.5554890388,0.05220802276,-0.4051984192,-0.8645478619
0.5669581032,0.01707173205,-0.1613698592,-0.7941071234,0.3145888161,0.02384517337,-0.3648117796,0.5469639842,0.6066596229,0.008455255736,-0.3962400919,0.4396654405,0.8143548019,-1.001869411,0.2986864481,-1.015948563,-1.513843544,-0.1811451017,-0.3502529375,-0.3886763393
0.2544759222,0.07894153509,-0.1024508889,-0.09225293774,0.1114497422,0.8175684113,-0.4907805489,-0.289765419,-0.3524435914,0.1151041137,-0.4610198213,0.2383750485,-0.8516064243,-0.9918535945,-0.04082345113,0.06535175841,-0.5938476735,0.4541741531,0.1007155805,-0.2766648098
-0.2575170692,0.3058689465,-0.1135171642,-0.2206958589,-0.1106196388,-0.1265337307,-0.3248257116,-0.8100064117,0.2801595251,0.03706280763,-0.3615558896,-0.04809853801,0.577541492,-0.3741076642,-0.7065432204,-0.8000229473,-0.5243323257,-0.5680084308,0.05985916809,0.2869363493
-0.222380183,0.07656894273,-0.07764802878,0.3061046223,-0.6015511748,-0.1850604416,-0.1787889271,-0.5047110843,0.270795015,0.6895663422,-0.2422921751,-0.4973146799,0.4147529225,-1.000543415,0.1815260099,-0.6118825245,-1.960467552,-0.6182326365,0.4891289947,0.4202615599
-0.3324040497,-0.1335386036,0.2981336594,0.5643038444,-0.6008014348,0.2795517919,0.2804648596,0.1484883221,-0.3523665074,0.6168952242,-0.198093195,0.6625394409,-0.9835147232,-1.079245243,0.4163615899,0.2896084392,-0.6460106973,1.264907398,0.9753641246,0.7804091579
-0.0160971454,0.08771246071,0.03086220859,0.3053972488,0.1851994019,-0.1227173342,0.3008412483,0.1344509525,-0.4453785788,-0.3714346408,0.5872770949,-0.02389942745,-0.5781041744,0.7348285989,0.1200891145,0.4593686862,-0.7123892096,0.6656919587,1.272310026,1.085138877
-0.1371982959,-0.2136789385,-0.1370214843,0.08943298936,0.6547793787,-0.03956309006,0.2063877638,0.3671182842,0.016990759,-0.6150926957,0.2564322252,-0.9413187283,-0.7615068832,1.391961136,-0.5389988966,0.2211279144,-2.003744128,-1.852649496,0.9527382761,-0.5173185121
0.7177102787,0.7321719311,-0.2920317102,-2.174931619,-0.2032643956,1.129117107,-0.63559696,-0.2817419352,1.382073612,0.09421718413,-0.4766288161,-0.242082421,0.08173402148,-0.3339865157,-0.3627415899,-0.1038100958,-0.1014093991,0.100079057,0.3589104221,0.4707670027
0.09611321416,0.483592855,-0.5140914955,-0.541528605,0.4545437593,0.341955694,-0.1909960024,0.3766251385,0.4196704834,0.118744041,-0.8136466893,0.5555518388,0.4206326264,-1.065723841,-0.1821165822,-0.974982564,-1.574209516,-0.04963758052,0.06913055927,1.104925825
-0.2009424208,0.004527362994,0.1937148772,-0.4339212445,0.3395726429,-0.1496180139,0.5983705549,0.3252158429,0.6038870265,0.1439375498,0.3551969837,0.07813704301,1.192559351,0.4035771626,0.02623551741,-0.2793918315,-0.47924944,-0.03552977207,-0.253847206,-0.5787593613
-0.2378033596,0.09992241678,-0.02651617767,0.2967166018,-0.3452223228,0.04897763795,-0.1810326929,-1.014896329,-0.1064978599,-0.166123025,-0.3746426873,0.01579358027,-0.3759357577,-0.3726319455,-0.9009741657,0.5620421985,-0.4604399484,0.470488161,0.5782446578,0.3117554407
-0.6698473488,-0.1433029234,-0.3451973743,0.7976672552,-0.6474017365,-0.6479822489,0.2379147981,-0.9153434925,-0.3798609671,0.791088829,-0.1198022425,-0.8687262594,-0.5788326024,-0.8646050711,-0.5984046148,0.06481800798,-0.9661450584,-0.6126217286,0.7723568468,-0.2981624443
0.6077555125,-0.1532005868,0.2372725006,0.06825867772,0.4496747138,0.7457980419,-0.03005913007,0.6095752972,0.4470786815,-0.3021045219,-0.2584289704,-0.251418954,0.6146904197,-0.2294105729,0.1031202571,-0.344883089,-0.0746620683,-1.191990635,0.2830166286,0.9059862536
0.7062509509,-0.4674805845,-0.7258689055,0.1469024719,-0.03414258489,0.5549097092,0.9657110248,-0.9722917032,-0.3065783423,0.3518539345,0.7203839879,-0.9988530527,-0.5265054877,1.149624079,-0.9490631245,0.03911104942,-2.001154447,-0.3376650256,1.073312731,-0.1502644473
0.6395442644,0.5253387533,0.1609924853,-0.9895249569,0.541623343,0.005520838946,-1.19642067,-0.05981164339,0.7771091682,-0.1689809125,-0.1187898808,-0.8125514722,0.7616785088,0.3544756705,-0.01402455811,-0.9168104053,-0.8864790115,-0.32081324,-0.3286110512,-1.576454339
0.03573203362,0.1249317079,-0.1972280883,0.3224257832,-0.5215491885,-0.2866296545,-0.9916182177,-0.444047108,0.1795713965,-0.09491216816,-1.142482189,-0.1894207688,-0.1143638243,-0.9836029461,-0.2291138914,0.01377027233,-0.8240213513,-0.04858451828,0.5262145281,0.3408615212
0.2827744342,0.6264777354,0.4858809758,-0.09013580923,0.1111194174,0.3500626113,-0.7581449799,-0.3000565142,0.5650907728,0.001281058132,-0.5646770248,-1.19413163,0.3756475296,-0.6942518278,-0.3233453475,-0.6953580006,-0.9909798323,-0.7997962314,0.8304419943,-0.6957697834
0.06024254379,0.5795667687,0.6459225696,-0.929215113,-0.118646619,-0.03191309315,-1.426492923,-0.2913709109,0.4678603541,0.3185285503,-1.005223368,-0.8415974071,0.02578640161,-1.450358578,0.6348640551,-0.7762924515,-2.74194553,-0.3516852564,0.1028202048,-0.5530968597
-0.4154972876,0.2880485537,-0.03726071879,0.5098451273,0.1449633715,-0.07835544363,-0.4445146736,0.2958144844,-0.09994181248,-0.04854993866,-0.7675430556,0.0480834293,0.06903382402,-0.5564299222,0.3702590453,0.05314920169,-0.0261288169,0.4717867296,0.1661572696,-0.1574708762
-0.3691886664,-0.09724898949,-0.1617851268,0.7228021883,-0.03645848886,-0.445340736,0.1799733678,0.1006811647,-0.4429501303,0.4493429772,-0.03147175045,0.584679512,-0.9443552809,-0.5516698944,0.727822552,1.66549196,0.3763148119,0.725258429,1.194386593,2.096107608
0.5368750905,0.2767884244,0.281399965,0.3409569544,-0.002000891051,0.2219711957,-0.1654877317,-0.3053350843,-0.2324036667,-0.3886126449,-0.3910626992,0.0627964378,-0.140034041,-0.1120844618,-0.6990189889,0.2147914866,-0.3048504416,0.07589087805,0.07628609998,0.6184002514
0.4210098493,-0.2359016003,0.1156682022,-0.3016055153,0.08202371964,0.2990847653,-0.1019617206,0.4150567956,0.2203645369,-0.6093466919,-0.5824841098,0.7291505674,0.7856079117,-0.2837413202,-0.3682617069,-0.1001830541,-0.560985268,0.4524596848,0.9490696167,1.305004783
0.0838711074,-0.4452143226,-0.1229935157,0.2262003984,-0.3114537853,0.1078055807,0.3181442594,-0.3743802307,-0.4045770585,0.1010615942,-0.07932332199,0.03649504624,-0.8067486869,0.4706297342,0.04214817621,0.04390064426,-0.5817370652,0.08768535613,-0.3777482611,-0.1056376016
-0.2626255114,-0.06260925608,-0.8366891117,0.4635386538,-0.5205407349,-0.4957508595,-0.1829023556,-1.373732785,-0.1000655495,0.926971645,0.1965775247,-0.02664450256,-0.2342645936,-0.482770574,-0.3590460303,-0.5470037806,-0.3481279171,0.6027727571,0.1697176036,0.2759404427
-0.144876438,0.6229359172,0.3267396653,0.0902569217,0.001132814799,-0.3265086876,-0.5930573277,-0.231790611,0.008967446028,0.1003538885,-0.9447597829,-0.3305592658,-0.2137446661,-1.027842256,-0.7999807108,-0.0001980671927,-0.7614631752,0.4448492546,0.3528598847,-0.4146830698
-0.1561201476,-0.2361996637,-0.4131481163,0.4456093876,0.5188274481,-0.1809880098,0.4992949906,0.4208068722,-0.1694353558,0.2466296093,0.438217515,0.01715002333,-0.4492778608,0.3773604054,0.6156114606,0.4019196515,0.08199261318,-0.7285959712,0.8119506275,1.062208772
-0.04293715616,0.543872561,0.2263237829,0.04739446591,-0.9322195505,0.4651379442,-0.7645956971,-0.3984776137,-0.09812486872,-0.2978064438,-0.4269780104,-1.030109635,0.2570907665,0.4260398131,-0.1668072936,-0.1033721474,-0.345187162,-0.8317914556,0.07773225077,-0.6187866788
-0.7267965878,-0.01681821815,-0.1579859549,0.7682484469,0.1254702605,-0.07421635389,0.4501804013,0.5148502827,-0.7892292257,-0.1243485705,0.4606276913,-0.08469083416,-0.8053330617,0.4792606609,-0.08967089954,0.6320559577,-0.4430468266,-0.8574478954,0.3264895167,0.1198417012
-0.1939320798,0.3803235867,0.4821876379,-0.6484232743,-0.2073437944,-0.1817275309,-0.5143186181,-0.4969946708,0.7588395676,0.328910299,-0.4882483829,1.048680821,1.307395028,-0.9579583954,-0.533715447,-0.6132646096,-2.170669599,1.251983068,0.5240733162,1.442712479
0.2391496855,0.07556940873,0.2009130036,0.2509448164,-0.327053606,0.4992343456,0.2819471027,0.3619223396,-0.4316393043,-0.005943373436,0.1097238875,-1.417000183,-0.5040383676,-0.01553029982,0.889120973,0.3805401801,-0.6747283384,-1.197430133,0.4481862093,-1.571340962
0.06929342969,0.6875182028,0.3776775699,-1.006070657,0.4215133886,-0.1014039739,-1.071397379,0.7708400632,0.3757021693,0.7504343142,-0.8784624873,0.6734082226,0.3017076556,-2.153306643,1.50643549,0.5755730571,-5.200020896,0.7426493934,0.87506979,1.365459347
-0.394152038,0.0840602697,-0.06184902683,-0.1276888418,-0.3285573902,0.08110486087,0.1902537616,-1.266942425,0.3319633207,-0.2023459803,0.8684838679,-0.3839392956,0.2869216811,1.482516479,-1.419928988,-0.0423849853,-3.202814601,-0.1791844678,0.4479536501,0.07036582483
0.2733798195,0.05731881631,0.3723721317,-0.1950450878,0.241033421,0.5208290647,-0.8798214703,0.2955117019,0.233014066,0.07775989659,-0.7122807639,0.09413129487,0.2123473607,-1.043181118,0.3407298038,-0.1993453792,-1.712776402,-0.670040081,1.109658352,1.158969564
0.443031787,-0.09972967925,0.0008384348983,-0.2029474306,0.8615446619,0.5978879722,0.692881739,0.8189995388,0.7294702088,0.2332298514,0.5965101427,0.5702124554,1.28239741,0.8224555943,1.295949487,-0.6038391289,-1.313596494,0.1077656014,0.3833874274,1.703714864
0.1212002403,-0.4602786185,-0.1887154861,0.2111564875,0.03834448378,0.5930030831,0.476018791,0.1908106223,-0.1093601042,0.08595063215,0.4907805799,-0.7809352582,-0.3299878689,0.1129089869,0.2370727001,0.1507628926,0.3399104006,-0.4636215808,-0.4880103384,-1.65387501
-0.1986525933,0.1772874003,0.1713810522,0.1050851996,0.4422768687,-0.4304872856,-0.155423824,0.4043792145,0.08146362713,-0.2618997495,-0.6309775337,-0.8547857763,-0.05571750042,-0.545752294,0.3317322075,0.1917663838,0.2138858667,-0.2532982718,0.05057257937,-0.4776514446
0.2077485434,-0.001557048557,-0.1564265206,-0.1764758959,0.2833369782,0.00778755474,0.05961585963,0.1525377054,0.04579266317,0.4170258102,-0.512207563,1.573936011,-0.1184595454,-1.347211612,0.6397077313,0.0933307378,-2.606019209,0.6995019464,1.358046486,3.198459318
-0.4028760975,0.9887120418,-0.0532612513,-0.4618351131,-0.06201397193,-0.339100256,-1.142779086,0.05189516406,-0.4347200679,0.4507811545,-1.076980451,0.1147143489,0.1695498174,-1.446312436,0.00495782986,0.7682482712,-3.104331254,-0.424125066,0.9959949974,0.7641515508
-0.04745770661,-0.05152629043,0.04721365657,0.07958999052,0.01033664814,0.4738199504,-0.06198408658,-0.3114466519,0.01098648505,-0.01458983781,0.1651911193,-1.00687145,-0.2230214381,0.4100139576,-0.7714460584,-0.1344624925,-0.03404766626,-1.524966581,0.2601985734,-0.7059930409
-0.2664685083,0.0228866154,-0.08452000771,0.4241638609,-0.1705821801,0.1269238895,0.04832299577,0.2752031445,-0.5242476612,-0.2685018121,0.8481565725,0.007042601375,-0.6789314459,1.402558884,-0.1167330731,0.1732786351,-1.445278014,-0.5977740288,0.3748773163,-0.17515451
-0.3481626209,-0.3065047022,-0.4975493784,0.7061359137,0.3761859549,-0.7274635853,0.3149864227,-0.296649765,-1.088761345,0.2324459384,0.267408099,-0.5821826467,-1.454764009,0.5084160897,0.5491798709,1.101266799,0.4292661284,-0.7791739388,0.3223508573,-0.6193556155
-0.3582304021,-0.3239086772,0.04322737853,0.8589957968,-0.6184062251,-0.02943238278,1.093738002,-0.3316822888,-0.8191900387,-0.6388361079,1.051593338,0.08592636617,-1.168337198,1.48029757,-0.5339791475,1.037446705,-2.493517358,-0.2174433121,2.104578368,1.888751048
-0.7094486065,-0.5292331172,-0.0440528601,0.6323351367,-0.9909904614,-0.5641459207,1.096162931,-0.5861003447,-0.05474143692,-0.9315617765,1.38620292,-1.308975253,0.08344959534,3.072653078,-1.22715308,0.07753784592,-11.04970256,-1.324370543,0.4570552398,-0.7619808534
-0.03382750794,-0.5155317655,0.2350042907,0.6642843643,0.4878928644,-0.5047858614,0.4495803046,0.5156166508,-0.3652216313,-0.3704319796,1.096998472,0.2989923721,0.1304235171,2.386173887,-0.1649210265,0.4459298246,-6.486175512,-0.1204193959,1.166294546,0.9866956605
0.2083418563,-0.1005960959,-0.1145784829,0.179658856,-0.04271502655,-0.0006588673735,0.1598397657,-0.2838028389,-0.146217578,0.07118405039,0.2309118559,0.01796286252,-0.07600551765,0.1809620198,-0.8076392268,0.1911429061,-0.9897865276,0.4269789486,0.6280965433,0.06892722397
0.2921360868,-0.0001822411155,-0.07820671705,-0.5082808524,-0.3207804072,0.8793763072,-0.1845281595,-0.2028619404,0.6875077074,-0.09382365799,0.08369613297,-0.9419806128,0.124024027,0.4270294802,-0.2540296573,-0.4759240871,-0.6266761994,-0.9413202602,0.09158808688,-0.4630235361
0.09428386316,0.4674656886,0.4937191719,-0.4893672607,-0.4441686723,0.105757031,-1.230044274,-0.009418529966,1.126162449,0.3920210751,-0.8061866271,0.5638795855,1.599984463,-0.8111837112,0.3505416309,-1.4759317,-1.74268996,-0.5378784947,-0.6410563599,0.3012516793
-0.07548031945,-0.3187371936,-0.06273704902,-0.250034836,0.3444221137,-0.3476788378,0.7103941406,0.2959651195,0.3640020192,-0.09772588561,0.5538090511,0.2018758223,0.943258907,1.560180715,-0.07618336834,-0.360957385,-3.478881206,-0.2761245255,0.5204039784,0.9773540223
0.8880204381,-0.08414413617,-0.1832519183,-0.7661849481,0.2494301066,0.5143631375,0.2383647158,0.07842480352,0.8044573321,-0.4419339429,0.8330917307,-0.2065216155,0.4246992751,1.44585961,-0.4148898277,-0.8515733232,-2.62304799,-0.1243640532,0.1320348394,0.06847129169
-0.204196391,-0.06782770136,-0.1284161888,0.250231302,-0.3686082896,-0.1653375954,-0.1299033748,-0.3400726117,-0.1246363004,0.05747201616,0.331398859,-1.445330939,-0.774823668,0.1691887524,-0.3011431962,0.188253827,0.4746231722,-0.2665105135,-0.6213242495,-2.265262572
0.1133092502,0.2788533295,-0.1836874023,-0.2738828244,-0.07506429761,0.3280523873,-0.693240928,-0.04793896875,0.3549853718,-0.01791483227,-0.1453340032,0.8327586944,0.2077832527,0.2176689336,-0.4545248018,-0.2158193391,0.07507038842,0.328464852,-0.2334500875,0.7919495878
0.4095727359,0.1145885072,0.1931286823,-0.4592548204,-0.0789309934,0.3127369734,0.6273239759,0.5626603426,-0.08311216659,-0.1309228952,0.5432854008,-0.4187193317,-0.3949732768,0.6387968789,0.6185966184,0.01288936166,-0.4470463686,-0.2012815267,-0.1585095932,-0.1991182856
0.4252594805,-0.3591724056,-0.9602074326,-0.1231286524,0.3070889557,0.3286813947,-0.1203358455,-0.4127709869,-0.001086338184,0.8559973401,-0.2727376634,0.4802789256,-0.09070732405,-1.105001473,0.1636425299,-0.03651573814,-1.12773952,-0.2617399555,0.9740625476,1.171261975
0.3175000767,0.1930090037,-0.6057032769,-0.6507567393,0.05355932827,-0.1598175771,-0.2849433368,-0.04512550322,-0.02531168622,-0.05569330908,-0.5706245108,-0.04398495036,0.7400974573,-0.5444903601,-0.1072080164,0.07395571968,-0.6067984809,0.2467705049,0.6267633858,0.2569651636
-0.1768304951,-0.3194329241,-0.1720105301,0.3405311911,-0.4733378352,0.08748668263,0.2432558504,-0.2757104836,0.3704493223,0.3256684361,0.0004066275579,-0.399646256,0.8283462433,-0.4766795299,0.4675119236,-0.6405231478,-0.5974855355,0.7966399253,-0.5906288948,-0.8674194373
1.036879986,0.1133839141,0.05382224421,-0.7900362722,-0.3089668827,-0.19697877,-0.5590139711,-0.3109732934,0.3582671365,-0.2608954391,-0.3770264121,0.9973457222,0.9604580336,0.04501737628,-0.03587493511,-0.7423764023,-0.5135999106,0.957261259,-0.3133502333,0.3742081696
0.4654686477,0.1066137716,-0.3299035982,-0.2154419376,0.3152932282,0.3082043421,0.1475669805,0.3379307764,0.1893400625,-0.2403190033,-0.1066915681,-0.435128727,0.5423133492,0.7081308757,-0.4758444442,0.2393599874,-0.4812794173,-0.3825893563,0.9416646607,0.009834970074
1.000484062,-0.4279370859,0.3558012008,-0.4038282579,-0.2170029245,0.8330294236,0.753311383,-0.3470332173,-0.04505463478,0.782152291,0.9893772665,-0.7253089675,-0.2670554865,0.09957844301,-0.06899446959,0.4614557954,0.6031699872,0.1075688854,-0.1976344714,-1.025227678
-0.3531631912,-0.4996706841,-0.07530172383,0.8463840655,0.3668078989,-0.3543909161,0.6098377091,0.6690956403,-0.5054418208,0.4291793968,0.256536017,-0.6766623214,-0.873358138,-0.03594264566,0.6362726215,0.1610704489,0.6440324796,-0.4311311074,-0.5088085203,-1.719019168
0.194807302,0.008167164582,0.3695988338,-0.07328062803,-0.5216401761,-0.1360672208,-0.2588505794,-0.1742978099,0.1555335532,-0.5021293838,0.1233956504,-1.469791117,0.1801339768,1.024431231,-0.752183738,-0.06749659753,-1.464609445,-1.28395813,0.2729151637,-1.105829355
-0.2268339364,-0.1828624017,-0.06568672528,0.2376459143,-0.464727992,-0.5001077034,0.9134700118,-0.7711570343,-0.3405133469,0.2836907991,0.7731503385,0.2384528507,-0.8056189218,-0.0130090017,-0.5863490753,0.1548755875,0.5393051831,-0.3973567949,-0.97205851,-1.479938835
-0.8350284787,-0.09099360814,-0.1237668829,1.317914294,0.4509907021,-0.5954461658,-0.2463608095,0.3086208232,-0.9512405524,0.08560363778,-0.2568949162,0.02204963128,-1.394470242,-0.2230040085,0.5086215594,0.8956585873,0.1618920747,-0.3884067122,0.4820252695,1.391632491
0.6418139426,-0.008987445909,-0.3166941629,-0.6952952937,-0.1522882448,0.616037518,0.15760842,-0.5367684509,0.2999314266,0.8435260114,-0.6670677885,1.380312699,-0.3647465282,-1.757014216,1.016250925,-0.4823078348,-3.736133241,0.8430468921,0.2379230549,1.429037696
-0.1361928548,-0.8255234645,-0.495825474,1.018645429,-0.5100324961,-0.1614604606,0.9116859943,-0.6627304732,-0.3161255342,0.3260937088,0.8188153226,-0.02098990091,-0.1573173856,-0.1020326809,0.4056029514,0.5465516706,0.4696547458,-0.161889559,-0.1909623184,-0.3074616776
-0.2956964476,0.08038998473,-0.1816224345,0.6929900182,-0.09758846003,-0.5596209156,0.06831689725,0.2757831036,-0.8144835017,-0.05765566719,0.2352326593,-0.03083090275,-1.536825009,0.314102012,0.364777312,0.3950416751,1.087846224,0.5434749414,-0.01193691276,0.126401401
0.1563663007,-0.1909741802,0.3336168809,-0.7050629838,-0.5213544747,0.6393485079,0.02616535952,0.01986801499,0.1431034107,-0.07160437495,-0.238065623,-0.3556774482,-0.4818376908,0.1507936227,-0.3817631682,-0.4176641929,0.04676487937,-0.2107148713,-0.463109712,-1.238109894
0.1076867194,-0.2490720375,0.3795404414,0.5676374025,-0.2532814625,-0.2167029733,0.2883375809,0.07106001475,-0.6936933396,0.4769358134,0.5726283889,0.723928665,-1.379436024,0.8974606294,-0.2587423713,1.176083235,-0.5834791145,0.04487001171,1.186602978,2.307410444
-0.097790304,-0.08368394712,-0.2423606974,0.1474602647,0.217854168,-0.05629683992,0.4253548724,0.08285096851,-0.4304888197,-0.07254520467,0.4253311485,-0.6562862532,-0.9061202236,0.5320519141,-0.4493657874,0.3368079969,0.2712529982,-1.167180899,0.3671778671,-0.1383242672
0.01640929124,0.1461462054,-0.6693127664,-0.02417726223,-0.09880035885,0.2520177721,-0.8624451225,-0.1269578459,-0.2154329774,0.7832813552,-0.981753812,0.05150962933,0.1968062749,-1.859042351,0.1971413458,0.1662587204,-4.204894211,0.2147021134,0.6876271958,0.08776487236
0.4304010698,-0.164647367,-0.1169743154,0.4187653512,0.004519037402,-0.03532816633,-0.0876392848,0.02623020413,-0.6809022114,0.2928981016,-0.5753905957,-0.9007574409,-1.048338436,-1.5528289,-0.2220416162,1.011743784,-2.515907662,-0.551984418,1.539040268,0.8562566556
0.06603360469,-0.4505817013,-0.1709276771,0.1061075659,-0.217620901,0.8332112103,-0.08082085607,0.2816998671,0.04150310892,0.2387498732,0.2785917422,0.4248495729,0.2928607245,0.1733178877,0.7516091293,0.2506151502,-0.8408859778,0.3158546955,0.9442808098,1.585922173
-0.04587856271,0.6303210674,0.009294383889,-0.7622737697,0.1339484616,-0.3270224534,-0.5179006902,0.2653652568,0.3872748561,0.09908324231,-0.02421471064,-0.4085458361,0.750945581,0.03352251218,0.6373601198,-0.687220122,-0.9687994679,-1.07230865,0.1497432424,-0.2724653316
-0.4197668907,0.1080075198,0.3675118829,-0.1909716243,-0.1500075811,-0.5672545915,-0.1658401535,-0.1828033016,-0.001881096877,-0.3035072971,-0.08534202125,-0.8426353095,0.04234074267,0.59850162,-0.704948387,-0.3787242055,-0.3089562354,-0.752062524,-0.3590644713,-1.531020481
-0.165867791,-0.2677973988,0.5607776363,0.7945379426,-0.3693701301,0.07512391599,-0.2735402769,0.3457919139,-0.8377197896,0.535227889,-0.2050170053,-0.06770937113,-1.086453239,-1.134160739,0.622470278,1.039177567,-1.310512574,0.1480463416,0.8720925446,0.2120754121
0.2050558508,-0.4324678072,-0.6569585743,0.1004164345,0.1341492343,0.9015208252,0.6433122129,0.08256800062,0.007233451341,0.1626444828,1.018889448,0.2472669233,-0.5420685937,1.194627199,0.6278553677,-0.592577683,-1.332977468,-0.2595266956,0.5060567075,1.264983727
0.520018353,0.1786259455,-0.2508495613,-0.2317589256,-0.02168268965,0.1271014209,0.2853368946,-0.3373702556,0.3977265467,-0.3522433059,0.6168778503,0.4631820429,0.8792570903,0.4289835823,-0.4615514855,-0.2401345527,-0.7547604813,1.143020454,0.2625671948,0.5732102656
-0.2582155853,0.01500094475,-0.4112103469,1.139846963,0.1043764637,0.005818134091,0.6044774865,0.04819877488,-0.981114865,1.010477272,0.2645013377,0.756124015,-1.344907624,-0.5226618527,1.132534642,1.018103572,0.5159864402,0.7592169101,0.2977213756,1.076524718
0.05712344533,-0.1479578047,-0.1312859,0.1328295971,0.2993914993,-0.273116739,-0.5010505068,0.2720801828,0.4518455832,0.2793236924,-0.5516945223,0.4932094832,0.78241228,-0.5372693418,0.114945735,-0.6419772164,-0.9043709443,1.121754089,-0.1848520528,-0.4051993805
-0.3270431717,-0.2151799537,-0.1218730788,0.741209383,0.1805273785,-0.7814071835,-0.0160114789,-0.2892467263,0.01521697907,0.6407507582,0.138396725,-0.8283306737,-0.802942896,-0.3120728501,-0.3343188719,0.1344090361,0.446509697,-0.7837157991,-0.08815193097,-0.3722979832
-0.296088959,-0.4807134683,0.585330616,1.205808906,-0.003446740459,-0.2449976033,1.311685636,0.3173142353,-0.626766352,0.4305130769,0.9276826536,0.120798305,0.1566084068,0.2024039567,0.9090938836,0.4778828665,0.414500939,0.2078007646,0.4462883411,0.6811611697
0.3949590958,0.3402313474,0.07486011508,-0.4393348203,0.3116502105,0.3960187526,-0.3645727538,0.4508059288,-0.3280137747,-0.1601077947,-0.448960675,0.1384361343,-0.8088412214,-0.1005895745,-0.07963233287,0.4680411245,0.6429650878,-0.135203507,0.5136032867,1.143253757
-0.495129092,0.2369690951,-0.06438940754,-0.3376200324,-0.1945639462,-0.1750384897,-0.1012752545,-0.6351040676,0.472156101,0.4901091695,0.3656503733,-0.9438739122,0.5527967582,0.4746962097,-0.327200985,-0.5419788278,-0.3886420937,-0.05604505477,0.7936001685,-0.1345425962
0.4367218536,0.02183998886,0.1971327162,-1.100777072,-0.05375117583,0.5236365201,0.312231248,-0.2792922397,0.2116974829,0.338337268,0.5574506516,-0.3845421301,0.1391070135,0.343314559,-0.2645416288,-0.2610187897,0.02944958893,0.5305101575,-0.03730729801,-0.3273047336
0.08719259906,-0.04880052847,-0.6928171105,0.2427538266,-0.1658693849,0.5069727537,0.04290420066,-0.6202252201,0.1689324987,0.1208891943,0.2274770659,0.9013401374,-0.3516658454,0.249874353,-0.5494552375,0.2074464995,0.07589190934,1.078632133,-0.07430407952,0.6451365183
0.6670960811,0.339076436,-0.3135515487,-1.114262819,-0.2144902154,1.284665897,-0.2025667057,-0.4183847201,0.5541355122,0.8084022009,-0.2260205066,0.6297192386,-0.3681311077,-1.657290536,0.5591467773,-0.5474715479,-2.835473183,-0.05262115647,-0.2572288078,0.1797392879
-0.1633807856,-0.3761848301,0.362946036,0.6523820598,-0.1320488014,-0.7024419793,1.064988189,-0.2236896671,-0.5861061089,0.355302793,0.4726767194,-0.2161829431,-0.4043919306,0.06851640442,0.2217576586,1.15219179,0.5858476881,0.06768324268,0.02505761128,-0.02813092494
0.03632764237,0.2128450506,0.02679069549,-0.3917406773,-0.3150515492,0.02702036065,0.146024087,-0.3640216397,0.2565101993,0.0130369102,0.1048783411,-0.4928636561,0.9097346894,0.02905472191,-0.508575857,-0.2558649099,-0.2357238589,0.1563898367,-0.2369820335,-0.4885279519
-0.7005316765,0.5646832898,-0.2700631029,-0.01299621674,-0.03218571912,-0.3900174908,-0.3141321738,-0.5459312865,-0.5044710581,0.2712246301,0.5870911109,-0.1313468746,-0.795944442,0.9150575159,0.4036039382,0.5750695499,-0.3547452899,-0.6986517414,0.8462542978,0.06294087851
-0.01352175267,-0.104070228,0.4556860557,-0.02071019454,0.42286583,0.2939532796,0.1996603707,0.6669569744,0.08636744933,-0.1765087056,-0.3275548474,-0.1514990898,0.01762878766,-0.6855778889,0.198014176,-0.2685984014,0.2347093509,-0.2420238876,-0.1646727552,-0.5221878623
0.4384661096,-0.06025408397,0.4151393741,-0.5928898028,0.5457858775,0.3790421345,-0.1622416835,1.006012259,0.1327593664,0.0846167621,0.1241992869,0.09967752742,-0.06236530244,-0.1008253267,0.8603603175,-0.421352461,-0.2178465292,0.1867139489,0.01428255705,0.2063114403
0.3934185771,0.08791734811,0.320581539,0.09070000531,0.5871392203,-0.3080113257,-0.1927991216,0.6480900445,-0.5657965326,-0.3636894703,-0.1604788474,0.3590596972,-1.136939392,0.1357867717,-0.3257298695,0.5727362189,0.3880349725,-0.1025276846,0.02560239734,0.8088846474
-0.4001632774,-0.7488744258,0.4825580352,1.33745674,0.0306034094,-0.498166342,0.407656636,0.446508615,-1.184299497,-0.42529232,0.5731028609,-0.1520155121,-1.882514974,1.311577552,-0.3572287315,1.095470746,-1.381001715,-0.9628946976,1.340089017,0.6578692863
0.240930511,-0.190510124,0.01374554675,-0.2794375005,-0.4287973124,0.261441287,0.395245462,-0.7385549004,-0.08944285536,-0.2246046375,0.2990995133,-0.07023857036,0.0321885496,0.9026462815,-0.8597679321,-0.3512232345,-1.036226782,-0.7667395638,0.2874629873,-1.071605199
0.2892796451,-0.9855327475,-0.2680851219,0.3028765068,0.2570398162,0.0005129408479,1.385215689,0.6584137361,-0.8781840618,0.1767337145,0.2221411855,0.4006294993,-0.7446444543,0.2864764331,0.6250563637,0.8250099736,0.4071139785,0.03376959309,-0.1228604137,0.1347605277
0.5598366035,0.3321828393,0.1193729766,-0.8460285558,-0.2047258868,0.03995215936,-0.6677686121,0.1305438927,0.4024193338,0.1925684457,-0.4142731112,-0.8724030879,0.52322641,-0.4211859243,0.7490714476,-0.8511250041,-0.5325490566,-0.5894480547,0.142459823,-0.5470968477
0.4174736469,-0.07544868323,-0.2070596018,-0.7893957663,0.648062043,0.09891227608,-0.06607396902,0.6890422618,0.5545734242,0.0966108957,0.3049675597,0.817394998,0.3533177874,0.2272573029,0.6743717391,-0.346151629,0.5988378305,0.4641037398,-0.6479318879,-0.04003080153
-0.240253817,0.1614285319,-0.3090428961,0.2859860573,-0.2098229765,0.007942522405,0.2904252211,-0.5789737893,0.106652285,0.1763325851,0.2010341933,-1.535604641,0.09030661043,-0.07034166134,0.006639001533,0.5914425545,-0.7169361241,-0.7113458852,1.080659907,-0.8184964744
0.5485388224,-0.0001911215043,0.1885532576,-0.5523596512,-0.2479844043,0.786688531,-0.182011325,-0.3057975139,0.7154067688,-0.05378429926,-0.227840151,-0.9688913736,1.261914395,-0.1614360771,-0.1249652822,-1.041046652,-0.356137103,-0.9314730816,-0.05369281139,-0.5212530606
-0.3568630307,-0.519894439,-0.5555405717,0.8722735977,0.3920576369,-0.219584263,0.8897855033,0.03702271081,-0.6626250989,0.1013464894,1.080588167,0.04227395613,-0.7408754844,1.084784176,0.5475909403,0.08338392892,-1.405900191,0.7543390427,0.6087200993,0.6177978209
-0.1911567374,-0.1273424759,0.1937504374,0.3624434803,0.4200816079,-0.2587717511,-0.351206307,0.6307703609,0.6406512477,0.03667993962,-0.9673506843,-0.0108126855,0.5797483238,-1.375448201,0.4473657338,-0.4081062902,-2.343316412,-1.202585362,0.6934482963,0.684392876
-0.1964089694,0.08356869393,0.6010820337,0.2732691391,-0.2886339515,-0.2942265274,0.2225351827,-0.1770138504,-0.7459253214,-0.1274771655,0.3688514283,-0.2164364222,-0.06900376173,0.4349520043,0.1326172781,0.8489050951,-0.3243649698,-0.04658967858,0.5447252537,0.8779966115
-0.03095871225,-0.04901660569,-0.48657291,0.552786017,-0.2806300496,0.5328054472,0.431555422,-0.5112065638,-0.02071456427,-0.2686511876,0.9244020159,0.5627857699,-0.6373546072,1.319734081,-0.7510066248,-0.4428884716,-1.61672654,0.3952776021,0.6624344956,1.486521786
-0.03465271829,0.09764052182,0.1766115398,-0.09857614867,0.153420954,0.02631637934,0.6254215779,-0.1686728735,-0.2279290304,-0.1217131269,0.1822442799,0.3394741553,-0.5612336214,0.1097655883,-0.4152761188,0.2893180318,0.2721594483,0.004308514358,0.6721909082,1.055358525
-0.4729404669,-0.1924620233,0.1758258905,1.011255387,-0.257191442,0.2209942324,0.08249098457,0.1914019354,-0.6643496149,-0.1152412526,-0.2355313078,0.4560111713,-0.713460415,-0.8239742456,-0.2360760418,0.2350209138,-1.127398749,0.5974267094,0.8007570497,1.416873118
0.2950349821,1.074578089,0.3588052717,-0.7897867145,-0.1726235193,0.3424678027,-1.093453707,0.08008158551,0.6887776263,0.9352483116,-0.6515862106,1.124340021,1.099921235,-1.878851267,0.6424482552,-0.4049833815,-4.625611144,0.9002520919,0.7074692263,2.253659025
0.5040575807,-0.04744882386,-0.04884676584,-0.6376682604,0.2820456392,-0.2442219706,-0.0349169276,0.1016120113,0.3387555171,-0.01620874119,-0.2218340852,-0.2799781457,0.2218768891,-0.7211126013,0.01691075959,-0.2223439086,-0.8352350422,-0.3100647494,0.4363824487,0.1410425257
0.5425030251,-0.3454547506,-0.07486521321,0.635408367,0.02402856949,0.3484006132,0.2437481172,-0.6752193079,-1.424679152,-0.1393192102,0.263871644,-0.5682489116,-1.748920221,0.6900697006,-0.6971616813,1.519003818,0.08446747862,0.2045201226,0.7051365442,-0.1323391677
0.4924121551,0.3221602565,0.2713909517,-0.3388961172,-0.6706413702,0.3276091988,-0.3990837468,-0.2691406004,0.2042913888,0.8806124582,0.01225557201,-0.7048147145,0.247661397,-0.8997558237,0.3324437324,-0.646646348,-1.056099819,-0.4286936912,0.6724343948,-0.5301149203
-0.1972655997,0.04786764108,-0.3983184523,0.4114232791,0.161173258,-0.1545590838,0.04007109304,0.1209829684,-0.2097285243,0.5908962948,0.0577445752,0.2078592076,-0.3910566812,-0.01898484474,0.6495978523,0.3493584114,0.4022240047,0.1449412093,-0.05301587963,0.4609501139
-0.5687139765,0.2342625984,0.1019269878,0.2109642023,0.3743067323,-0.158271978,-0.749705519,0.8037746473,-0.2447814676,-0.113320279,-1.208489152,0.09932822229,-0.06932686422,-1.910476555,-0.2245348065,0.530088371,-3.818434154,-0.5351547672,0.8272527985,0.4775186686
-0.4181985433,0.2356171508,0.2495679265,0.3725260439,-0.733414736,0.2518901842,-0.005900550318,-1.04719939,-0.7042026963,0.2737236792,-0.390519661,0.6749456816,-0.7912307653,-0.5722206034,-0.7602472681,1.711269161,-0.8191312692,-0.1777895221,2.110785954,3.159884667
0.4348049414,-0.4838937517,0.1144749934,0.06699264562,-0.01353162717,0.02974623416,0.7655451542,-0.2419298446,-0.03837250444,-0.4713600152,1.565057428,-0.3901683302,0.9587542178,2.852719905,-0.2564716157,0.1397948528,-9.583670649,0.6944975411,1.258511806,0.518586138
-0.2180967743,0.5947623157,-0.1636813223,0.001968930075,-0.0587095741,-0.08374634975,-0.5562129849,-0.6200909258,-0.08033863206,-0.3456126479,-1.003949028,0.08077262332,-0.6548027106,-1.10337458,-0.7461561051,-0.09614139958,-0.876187693,0.3137466547,0.6171164464,0.7065019152
0.2023259141,-0.1015355286,-0.08481315686,-0.06655923193,-0.7061298054,0.502610305,0.1315661321,-0.317957933,0.5557655581,0.08294682225,0.4123930192,-0.333078209,0.2335679805,0.120108745,-0.6838126537,-0.5064768636,0.1339326252,-0.1411413928,-0.3027781664,-0.1590945446
0.314551354,0.2869866489,0.2928379151,-0.2098349268,-0.3488487943,0.3462876317,-0.966924857,0.1697653213,0.04097284165,0.185679515,-0.8409230799,-0.4134183176,0.3394140871,-1.62431084,-0.129221325,-0.4047953119,-4.240720536,0.3828933398,0.2002520846,-0.2674951259
0.03257059048,0.3962628575,-0.05300178582,-0.7168676548,-0.3085524947,-0.5861174775,-0.3241506556,-0.3635593596,0.8091578367,0.09609541126,-0.4168550518,0.2078047898,-0.09982389292,-0.8308511201,-0.4161007518,-0.358421338,-0.9899100738,0.9084166851,0.5190824472,1.124179443
-0.1949500361,0.2723559896,-0.4166630747,-0.3950490176,0.3543368392,0.005223973864,-0.4263008007,-0.2609781736,0.3370815957,0.5718038756,-0.2387762877,0.8951703831,0.4244550318,-1.131549938,0.1235632343,0.2350723173,-1.93985677,0.3030641741,0.8284545046,1.742302811
-0.5073049456,0.206712242,-0.1695884546,0.7145974399,-0.3478661291,-0.1594153906,-0.1141639216,-0.4315613313,-0.3910313147,-0.5893223437,-0.3104952189,0.6578501127,-0.193237162,-0.1955649965,-1.228558532,0.05416930623,-0.4265133473,0.2684739757,0.8365731262,0.941386355
-0.8451890147,-0.7109688108,0.07275361998,1.000623323,0.05386010978,-0.6371432326,0.847821228,-0.215700681,-0.3767857195,0.3230213376,0.8009899562,0.4207772881,-1.158710947,0.3386363495,0.4043991818,-0.1047683351,0.345331578,0.300087071,-0.02304774503,0.4689098434
-0.4033452335,0.372500935,-0.07198553033,0.4834627995,0.3692255111,0.02215070768,-0.1584779207,0.3375713236,0.1333525265,0.3760249248,0.3538481747,-0.1782720758,0.2571937372,0.02596467299,0.2270837852,-0.4680980161,-0.5868715556,-0.6595892056,0.4987102061,-0.261126075
-0.04364527039,-0.9731220355,0.2513754742,0.7190896069,-0.1753606527,0.2881864891,1.267749769,-0.1024738287,-0.1337650258,0.2646263878,0.2674874854,0.3249262377,-0.8814508215,0.7577202626,0.7419490003,-0.1663034956,-0.3052349033,0.5581582633,0.5206996682,0.3580312497
0.2022216728,0.305332211,-0.06550090739,-0.5433735464,0.0400923465,0.1228827461,-0.4788831111,0.2499709815,0.3716412096,-0.01646101775,-0.5694360931,-0.6146916917,-0.03538520526,-0.6539029863,-0.4625681334,-0.6869655313,-0.6046646544,-0.9329179978,-0.2327685921,-1.16425015
-0.1757776298,0.1663784109,0.07165355556,-0.1899862135,-0.216243331,-0.08395603327,-0.2488466825,-0.222851069,0.161814734,-0.642440222,-0.4409872408,1.004177467,0.512971254,-0.225559347,-0.8076801526,-0.106461487,-0.3399881474,0.6343318293,0.2588821284,1.072570085
-0.0598174855,-0.194870349,0.5443467339,0.8626562845,-0.3978431034,0.04686183019,-0.07407234302,0.2436804671,-0.3166198444,0.02141813665,0.02156442975,-0.7275484125,-0.9680917156,0.1230749466,0.3643220108,0.1531711661,0.2462650134,-0.907464489,-0.285573922,-1.525349391
0.3259986295,0.07986693849,0.5189067028,-0.2138630354,-0.1947843263,0.2734896591,-0.2080900535,0.2940352718,0.5132438602,0.4909579455,0.2573610716,0.2150752192,1.138643252,0.03452299471,0.5914490496,-0.431665125,-0.9745018504,0.1197330194,0.2844570266,0.3993309118
0.3229909624,-0.02145657259,-0.6072306362,-0.1893652615,0.1417315883,0.4470751891,0.04663680666,-0.8096673549,0.09118001943,0.2901733688,-0.6947067788,1.567206741,0.1830154346,-0.6288576277,-0.5163734031,-0.4842766806,-0.133097853,1.212509532,-0.5024707953,0.9430551055
0.03958499216,0.3688198286,1.027564875,-0.5657316182,0.1623279182,0.03865223032,-0.3731403032,1.247781245,0.5646285616,0.5496210914,-0.6494755931,0.1593865643,0.3068499536,-1.234845238,1.524664986,-0.1694071034,-1.858257289,-0.4781439737,1.066747323,2.033907485
-0.5799069539,-0.3844166258,0.03585995615,1.04448273,0.08348857997,-0.3241088707,0.2941170483,0.1400432327,-0.6270763354,-0.3797702764,0.2133744227,-0.146864415,-0.3984629119,0.7825323595,-0.4334338774,0.09401284966,-0.495910159,0.1730009059,-0.3102084482,-0.5177188825
0.4380443969,0.3057582342,-0.05014729241,-0.5100229104,-0.04510550142,0.3041190153,-0.5843688291,0.1053701056,0.3589117873,-0.2520827853,-1.007316291,-0.3775936273,1.303304375,-1.530364822,-0.02305855154,-0.5203003927,-3.440834725,-0.286052365,0.5728137875,0.3830499849
0.2506085839,0.5296667759,0.04541236162,-0.7176480786,-0.4577731081,0.4746017665,-0.2637396368,-0.6487912468,0.5370512824,-0.01217361381,-0.4485597286,0.8129419634,0.1250438927,-0.2300832331,0.04199303944,-0.6356864234,-0.01795747465,1.236837877,-0.4364008953,0.5798598944
-0.4493955284,-0.2378170333,0.1851538743,0.8583912445,0.6217978485,0.1643834692,0.4879223855,0.3790689517,-0.7085724015,-0.4576413495,0.9646787933,0.1930760201,-1.501714226,2.018975491,-0.1752779072,0.3450026647,-4.256967015,-0.01141949063,1.140564408,1.140061556
0.1113750568,0.08550324041,-0.1538431894,-0.4925657287,0.09742014804,0.1256531683,0.1931747113,0.8831513908,0.4085243327,-0.05660005364,-0.1980545803,0.9459548977,0.236114501,-0.3095931081,1.288948985,-0.6305403508,-0.4051956577,1.23122001,-0.3225387235,0.03109000882
-0.2644960789,0.2988615903,-0.6502432504,0.4212791069,0.213321759,-0.1873491915,-0.5818511329,0.2663298852,-0.1870209115,0.3592883217,-0.7776385263,-0.447947359,-0.6994229719,-1.712397242,0.241337296,0.2749209769,-3.569201171,-0.9821255869,0.7664769767,0.2484780251
0.1873229855,-0.1511037571,0.5034665001,-0.5181458232,0.4606383814,0.3093621026,0.07603108343,0.4065462956,0.198199847,-0.2494153049,0.007789539654,-0.2145399755,0.405673284,0.8303583613,0.008663813707,-0.02947165923,-0.6101516779,-0.8294870038,0.8100139308,0.7693678805
-0.1498247084,0.08676337158,0.2660159065,0.03327002915,0.396329222,0.4426248852,-0.1341281825,0.9074779253,-0.06180136417,-0.06577786077,-0.9813657646,0.1227568046,-0.2508911308,-1.062204439,0.9607687143,0.06648435911,-1.195443222,-0.6165619408,0.7791641349,0.8445292363
0.07874557245,-0.2945905017,1.04206384,0.3966079586,-0.8618564583,0.1746388266,-0.1320065684,-0.3456334544,-0.1713642173,0.7568039103,0.2352656736,-1.805265912,-0.09967350294,-0.2589642976,1.026985051,0.6895087613,0.1662781083,-0.3482156245,0.02541202991,-1.686297321
-0.4229403499,0.1363279954,0.3687961008,0.2964110798,-0.06400494249,-0.4790493436,0.173456181,0.3842693315,-0.728157537,0.335383824,-0.1464314228,-0.5945120418,-1.082499107,-0.604739823,1.125705071,0.7897798954,0.4012412029,-0.4324830004,0.397181048,-0.332013773
-0.01681840149,-0.3695854256,-0.4087016778,0.8250511986,0.03169827562,-0.2183205648,0.8327513724,-0.9016820866,-0.2413240524,-0.1299431209,0.9918060471,0.565406654,-0.2541112694,0.9997157416,-1.069222359,0.1319056258,-0.4445248274,0.4580490246,0.1330701709,1.070921679
0.2190298247,-0.01579876387,0.2266072796,0.1610327141,0.4407903046,-0.04009139981,-0.7889033644,1.118953722,-0.5548988436,-0.6936978953,-0.6281435597,0.4768994878,-1.196045145,0.3077433345,0.2296442135,0.1735856516,0.7329150815,-0.2884599903,-0.6589560678,-0.3760395276
-0.03846095515,0.4451814593,-0.2774000635,-0.09041173545,-0.2767401009,-0.2857049879,-0.5448345756,-0.8917091629,0.1847700002,-0.4934799681,-1.271805156,-0.3593844576,0.3124185738,-1.574370446,-1.671642385,-0.2569118566,-2.362198996,-0.2691527381,0.237807025,-0.1412973722
0.007449991696,-0.2133565969,0.1347308751,-0.01647137304,0.2730819224,-0.1140912065,0.7067576668,0.100021377,-0.1108822981,-0.5623558546,0.751348029,-0.01417575402,-0.2585375376,1.616097227,-1.087625428,0.158117692,-2.655460344,0.2274068739,0.9236241325,1.106942039
-0.1407390045,-0.08950322568,0.2043302365,0.5692041574,0.52679349,-0.3166581172,0.279816474,0.5836930034,-0.7019598174,0.1669632286,-0.04963905595,0.3010845264,-0.7969962796,-0.2527383101,0.5718494809,1.076167111,-0.1091126493,0.03288860051,0.9830869026,1.077985131
0.06869652464,-0.4094824118,0.1147654047,0.1464272086,-0.3245494038,0.1565837776,0.4988638381,0.02337939743,0.3350099203,-0.01044808433,0.1892422015,-0.6955164838,0.798821457,0.1065907082,0.3467109332,-0.9073811213,-0.2098853457,-1.118086255,-0.3271117007,-1.249327909
-0.2537886234,-0.3382904599,-0.09767907063,0.8760703122,-0.6995024089,-0.335501781,0.3338444011,-0.3597610931,-0.3111288998,0.2199010058,0.4904182202,-0.607111566,-0.3619965389,0.6996789488,0.1936246238,0.4220728511,-0.3518754764,0.3398190678,0.782203222,0.5484546957
0.1133853005,-0.3222032851,0.05778872568,-0.09217506754,0.3818072024,-0.301708098,0.4221918131,0.4125336781,0.2583725198,0.6781056223,0.9282525001,-0.8376786607,0.2430340554,0.3892641893,0.6436354038,-0.3820343675,-0.0639192479,-0.3950606054,-0.533147587,-1.236141994
-0.0530789168,0.396653817,-0.3183739743,-0.5182243903,0.09072019327,-0.1141055787,-0.4344850911,0.129094462,0.5429906018,-0.5474973491,-0.1919877477,0.9257142414,1.326576933,-0.2709345429,0.02637450518,-0.4845283638,-0.1557408236,0.798127682,-0.3205878995,-0.1843852968
0.2151746232,-0.5185579727,-0.4840157688,0.3162562693,-0.4762785858,0.01404123188,1.108442403,-0.6718394111,-0.3055976768,0.1353113351,1.04732626,2.046480034,-0.6800922482,1.525736719,-0.4865345588,0.663342488,-2.311403656,1.312159291,0.6577305084,3.060662286
-0.05155663454,-0.1715642097,-0.2848910879,0.7486667495,-0.05235986678,0.09220606579,0.1731790353,0.1596628046,-0.6067335995,0.2121701273,0.4654346084,0.3258530913,-0.7311125079,-0.2925941889,0.4185685958,0.6730716292,0.8839148798,-0.2131203389,-0.6617001865,0.3742721881
-0.2252349431,0.1783973598,-0.1383521633,-0.5344968057,-0.5830767474,-0.437313208,-0.2288477837,-0.7972918336,0.1737271835,-0.004608081893,-0.648506406,-1.468631637,0.3490649345,-0.8940074976,-0.9830435162,-0.3491252072,-1.698870126,-0.2669822199,0.1224311296,-2.594347465
-0.8497291832,0.5269278959,0.3387418076,0.09017845219,0.07801983329,-0.141000173,-0.6310412535,0.7405167408,0.1046094163,-0.3419208151,-0.2724271155,0.4521110904,0.04553050412,0.324324741,-0.9274409893,-0.2217688047,-0.2648170582,-0.316868942,0.3077925284,0.2767889622
0.1064244955,0.1426563305,-0.4337783258,-0.2963344096,-0.2809132566,-0.2066367295,0.05256793503,0.09040638961,0.2349625735,0.6500343567,0.4023240365,-0.2454458328,0.1440274675,-0.02869506163,0.6908920083,-0.1132932804,-0.02472610399,-0.1473148428,0.3270395439,-0.390548323
0.5525517142,0.4539711129,0.3610474916,-0.9283966573,0.2088848297,0.5041487178,-1.094019943,0.2184017986,1.110770387,0.003472380782,0.07451273478,-0.7745128854,1.894130947,-0.05873078236,-0.1087393804,-1.003241843,-1.300164738,0.1548492965,-0.2754482924,-1.587723234
-0.02878208162,0.4219797634,0.2538456948,-0.1192668136,-0.2154072251,0.3518595622,-0.6305527091,0.04961697969,-0.07062117404,-0.2716700018,-0.3223185716,-0.04682946815,0.0776864667,0.09138608795,-0.1821096934,-0.03127621819,-0.04604558634,0.5393680713,0.04540714521,0.2206293413
0.3029457883,-0.03127352024,0.01993815233,-0.3266845572,-0.1522249482,0.4772938302,0.05553465532,-1.21072146,0.2005296624,0.02569467292,0.3948678547,0.5148606525,0.3754028044,0.9288984657,-0.4729782042,0.5512599648,-1.093363793,0.8508005515,1.142644654,1.661686309
0.1821777035,0.4387257146,0.4174120793,-0.6497932431,-0.08039585761,0.2755163544,-0.4482005158,0.2888555815,0.4241171255,0.7051941849,-0.07339803583,-1.051179686,0.3208258437,-1.492033157,0.3904456271,-0.7726233463,-2.221418365,-1.03799127,-0.4097917582,-0.8974109999
0.1701664204,0.1112777632,0.5678221197,-0.3090597187,-0.4520708168,0.1537125073,-0.3146509296,-0.2077264813,0.1234895091,0.9063568892,0.03719539106,-0.5362243549,-0.1825824165,-1.372205165,0.6472361106,-0.2809654502,-2.781706321,-0.1891623635,-0.06011815561,-0.03353336009
-0.5397657313,-0.1701520454,0.4352166653,0.8581063364,-0.02415508329,-1.153797761,0.1065192681,0.2315836787,-0.5012660382,-0.09995674429,0.08990183252,0.418451837,-1.44096576,0.1622560158,-0.174512412,0.894441277,0.9287511098,0.01650175768,-0.198733295,0.4075060112
0.2978466265,0.2187256266,-0.1777091544,-0.5987365547,0.01102046973,-0.01939865587,-0.5971938432,-0.4023073462,0.09096842309,-0.3699116067,-0.632844069,0.4326672403,0.7366489141,-0.09251918174,-1.129608251,0.3422542897,-0.8521451084,-0.2853039332,0.9912360526,1.177737822
-0.1671656532,0.3587251829,0.06961755981,-0.2208205211,0.1117175805,-0.01073358206,0.212706871,-0.1745621153,0.4869788814,0.6875247666,-0.06368039491,-1.058107447,0.7781407749,-1.268948291,1.039200352,0.1332667113,-2.71377294,-0.1317055136,0.5839915657,-0.2129428005
0.1993518107,-0.3195492758,-0.3285038885,0.02135562395,0.115297232,0.1964600249,0.7667897379,-0.3019343371,0.1025804876,-0.2074376305,0.5107289183,-0.2168592975,0.1002903308,0.8561387917,0.1394728886,0.2919989915,-1.543590749,-0.4604785065,1.59697913,0.7357234126
0.02051843896,0.2593467912,0.1629700231,-0.2722108856,0.87700238,0.3627919427,-0.01523693572,1.13064335,0.09435690422,-0.3157831269,0.2919126556,0.02962891566,0.2719654254,0.9388802457,0.05396806098,0.3160180844,-1.031682592,0.1710986374,0.8627214879,0.9499151437
0.334547979,-0.5318209579,0.4960506677,-0.07230152025,-0.7654144791,0.7173718152,0.2871805048,0.1763384499,0.08611068485,0.1919802428,0.1640473471,0.3132610303,-0.3244149683,0.157919979,0.4769214037,-0.4201652019,0.4238933981,0.3610910441,-0.1716089025,-0.5003354037
-0.1688063994,-0.6032002258,0.5448112481,0.6238512239,-0.1776274825,0.01118101401,0.9147646962,0.01600056204,-0.5349059582,0.242451203,0.9473138311,0.384432214,-0.2906061007,1.211552268,0.2196498182,0.1763532032,-1.521648971,0.3020618207,0.4427968011,0.08324923825
-0.2518317796,-0.3588252966,0.423494441,0.7783833959,-0.2326127876,-0.3090677323,0.2011233811,-0.4336523641,-0.3330035384,0.9166523692,0.3213350288,0.4068161084,-0.588676789,-0.4524938123,0.364313568,0.5969756308,-0.1643904929,0.2920010153,0.3960233274,0.378532318
0.3627552137,0.379088695,0.2501665693,0.1404591694,-0.7007708111,0.06138670072,-0.9713033081,-0.8741474979,0.04404863194,0.09495892931,-0.1291853955,0.3195806603,-0.01570028403,-0.1632943995,-0.6399187558,-0.02114716098,-0.01681495009,0.4370821103,0.140834741,0.6452864641
-0.3800566779,-0.27249418,-0.2054523892,0.9345668,0.4968205491,0.1911824155,0.337066887,0.354001015,-0.8463911775,-0.2616348586,0.129867146,0.5373503652,-1.214056283,0.9399231415,-0.203068667,1.340371839,-0.1321903916,0.8620462654,0.3047431917,0.5864646262
-0.3015166732,0.01374603957,0.3204038884,0.2476472821,0.2070600645,-0.6018816503,-0.7119409265,0.6036965133,-0.5348818874,-0.1453652201,-0.8229342578,-0.4622487042,-0.8416654581,-0.9442868151,0.06267612798,0.6636503512,-0.3436742483,-0.4403800802,0.1979911834,-0.3495686456
0.08728528904,0.2396388719,-0.1149736427,-0.2076394354,-0.8739091349,0.1633716661,0.06449649647,-0.4632401675,0.2188580984,-0.1297549431,0.2639360632,-0.440640614,-0.2770017838,0.1292020022,-0.2866758569,0.005231187393,0.1225590345,-0.3196347656,0.2890814265,-0.2452295354
0.1349645785,-0.1659609762,0.441010961,0.1504213825,-0.453639476,0.4870146512,0.5905897528,-0.1893516217,-0.08269489192,0.3892943047,-0.05819774768,-0.5116492891,0.44145952,-0.5408903881,0.7687335864,-0.2565137695,-0.4482825733,0.7656847452,0.5204264087,0.3247958553
0.047415724,0.09127437283,-0.1021597405,-0.1344006767,0.01234066302,-0.08578236644,-0.894587322,-0.2883401142,0.2656984335,-0.0151671326,-1.290023438,0.4087190777,0.4237693776,-0.9299439728,0.155187798,-0.5731664439,-1.017723653,-0.1122043731,0.3155752331,1.025791761
0.0277534735,0.1822931563,-0.08024530592,-0.01128815777,0.8051103554,-0.2732667781,-0.3883267093,0.6684168649,-0.5620867988,-0.01055185549,-0.4774619167,0.05979794256,-0.7249878425,-0.7723464298,0.4478454359,0.7469112328,-0.5879785979,0.05283265862,0.613118642,0.3763969409
-0.141910259,0.0509051492,0.1268259558,-0.06051078366,-0.1217319263,0.2191242021,-0.22151451,0.1589187844,-0.3232581173,0.1599004426,-0.6507920004,-0.3260677497,-0.157933494,-1.16094668,-0.2401737009,-0.3931836313,-1.535664054,-0.1403922704,0.811361313,0.2159924686
0.0403074801,0.1240882459,0.4558051626,-0.02225477993,-0.1236887824,-0.6596272275,-0.4832979237,0.3938645655,-0.08216012375,0.6913457944,-0.7388427365,-0.5226463642,-0.4469128504,-1.730323614,1.214567842,-0.07470646203,-2.920357179,-0.2927315661,0.5834257086,0.4474897365
-0.06874952419,0.3902144147,-0.4394398189,-0.02862451592,0.1811796024,-0.6926416711,-0.3880795009,0.236082492,0.5663854263,0.7823522514,-0.5260957715,0.906749146,0.6306423493,-1.660452625,0.9311377713,-0.4184354659,-3.733948228,1.009310215,0.3930148756,1.165014479
0.4972518584,0.2373389981,-0.4501645106,-0.7764281473,-0.2951242896,0.09001430947,-0.859726546,-0.5205686828,-0.5362614372,0.2197709255,-0.8490369751,0.3168182239,-0.333725373,-0.7152969134,-0.2388948199,-0.171518143,-0.04549867291,0.4634278609,-0.4342740033,-0.0194795501
-0.03355412052,0.6267334277,0.2276063305,-0.2795294446,0.4635414431,-0.02595734078,-0.7842354651,0.1240319947,0.4641188703,0.3220486349,-0.4039565511,-0.1269521097,0.6276393859,-0.6540005444,-0.1395296529,-0.2497968987,-1.222609969,0.08507911868,0.201095934,0.06462303425
-1.008947758,0.03370191467,-0.3364679717,0.7070708184,-0.4623419242,-0.5776097828,-0.03329600732,-0.9189261421,-0.422645876,-0.02714274333,0.1369067816,-0.3734145621,-1.075725785,-0.06492406044,-1.268318479,-0.06658317409,0.3859619377,-0.5353954541,-0.2175436206,-0.3010348429
-0.8398571455,-0.5150271027,0.1457443488,1.338744663,-0.1787139046,-0.5578735765,1.1959494,-0.3388178303,-0.1913876812,0.09972777563,0.5196650979,-0.01437831092,-0.4386344874,0.4215082738,-0.03756056786,0.1323400605,-0.08245074603,-0.04725711787,0.5676892558,0.02333474959
0.06628369304,-0.3606866868,0.2516536239,-0.3467473683,-0.9505058183,0.1041059468,0.1881730783,-1.110852745,0.5629614467,0.4674152435,-0.44829879,-0.1319806692,0.3269621981,-1.169088381,-0.2345953962,-0.7374910478,-2.267945615,0.7614550353,0.6920275233,0.6532661004
0.0126688141,0.07537930496,0.1262519589,-0.5829790447,-0.7914577408,0.6460259079,0.4084511489,-0.8432876227,0.3906622951,-0.4704785243,0.7840597379,0.2489956332,0.1726319885,1.682940055,-1.528082063,-0.6922988156,-4.067439028,-0.02059755383,0.6723635604,1.531223757
0.325546487,0.5171356845,-0.242729329,-0.4560059048,-0.002961090517,0.6114712816,-1.001654928,0.1168705659,0.3314598909,0.2390810397,-0.9876699806,1.412494923,-0.3401964343,-1.766333902,-0.2262788122,-0.3995434004,-3.666812908,0.8515851379,0.7305263615,1.665004273
0.3980131101,-0.2442636017,0.3918240013,0.2425049269,0.2022921853,0.2463035993,0.8539350477,0.5331690029,0.4867455162,-0.1680339254,0.5019484447,0.3617325481,0.1316031941,0.1248757957,-0.2499176389,-0.6374516108,0.6412775615,0.8724932279,-0.6133613397,0.1581943316
-0.02828124622,-0.3303379438,0.2372662934,0.6813405982,0.09734425551,-0.5989631415,1.013558291,0.1089118159,-0.3914831224,0.3472527785,0.9772116406,-0.9243503799,-0.5938595903,1.357843192,0.1590270467,0.6194451624,-1.69588274,-0.5165045241,0.9281309286,0.4112180316
0.06414388261,-0.1278792938,0.06669472156,0.3601147146,-0.4153617834,0.2945477143,0.6236064808,0.149806773,-0.1881152503,-0.05407346191,0.2589009902,0.4304292537,-0.1585378153,-0.03559388741,-0.205776086,-0.0172014025,-0.1552250029,0.09894858237,-0.02838991098,0.5702086101
-0.2152691432,-0.1142916542,-0.06428106084,0.4914328029,0.3815188651,0.1215499921,0.524620804,-0.2299679925,-0.276235879,0.7457975619,0.208246742,1.175656726,-0.598463021,-0.6541065108,0.5334998318,-0.1590327358,-0.2855803628,0.310578382,-0.03361334697,1.043732616
0.1562783505,-0.07042741651,0.2858652704,0.1954990983,0.01751998686,-0.4287330825,-0.3286802398,-0.08850545595,-0.09421039046,0.1024901816,-0.2696578301,-0.3515820681,-0.3522268877,-0.1721710815,-0.008171056064,-0.1753137714,0.267985667,-0.8683203153,-0.3219244243,-0.8396196195
-0.10178441,0.2480167382,-0.6746512495,-0.05348607002,0.159997725,0.1496331519,-1.000428146,-0.7233460214,-0.01451682021,0.1143721449,-1.063126891,0.2657831494,-0.2336749868,-1.533065751,-0.08377426892,0.03651735871,-2.940063176,-0.78288629,1.184216376,1.526578562
0.5004972735,0.09290926526,0.09037070914,-0.6468220533,0.07058591139,0.6722469683,-1.237005125,0.9139199467,0.07972417614,0.0776524036,-0.188246748,-0.3470691886,-0.2060164543,-0.4717289984,0.6827062637,-0.2976811872,0.1087006517,-0.07159266457,-0.6268958255,-0.8720484983
-0.1783147898,0.2291375015,0.4789996932,0.5705479068,-0.2397228062,0.1044934419,0.155136358,0.6759189858,-0.867225026,0.6312492173,0.7279223553,0.5936900402,-1.285224308,0.1672320775,1.425726451,0.8900012043,0.01281509448,0.3965686963,0.372056344,0.9437130975
0.04328591008,0.0809862695,0.2468226887,0.02225438016,-0.02246777762,0.3376019814,-0.1549474135,0.7092849654,0.1093063133,-0.2699767009,-0.6210524482,-0.3645836352,0.07938950847,0.1776963885,0.3131852581,0.07692210054,-0.2779964836,-0.2946490056,0.1888511148,-0.9050523725
0.06310380707,0.4355877516,-0.1822012725,0.03475581078,-0.01383210579,0.2821075414,-0.4713881509,-0.2514429161,-0.2089881196,-0.2870451244,-0.2226167512,-0.2784565793,-0.4971900419,0.21025542,-0.2431975281,0.4900761435,-0.1920782876,-0.1873774557,0.3369585641,-0.4971427615
-0.3168568013,-0.1811267485,0.1791175644,0.7569267958,0.5407336127,-0.2717535448,0.1013900874,0.760983573,-0.05895583426,-0.3183036647,-0.0266978492,0.5606499827,0.7495092194,0.4509967387,0.1699269057,-0.2015027389,-1.11243608,0.05999443273,0.5100260063,1.274231601
-0.2047212038,-0.8203876291,-0.5926021664,0.6867614458,0.3259588154,0.7432392452,0.6919057436,-0.422544126,-0.722891228,0.1001792331,0.7574407423,-0.8066367789,-1.756145908,0.3784706804,-0.1840715186,0.40226518,0.9933890882,-1.165249193,0.244975374,-0.4865835482
-0.3880154276,-0.3865610284,0.1579690349,0.05395452431,0.2253842665,-0.6016088709,0.5391403574,0.2129953522,0.3220856141,-0.2394450964,1.363766081,1.045932977,0.05541570745,2.169688511,-0.2076780578,-0.2316416937,-5.020006664,0.9374909433,0.05193798204,0.9017642244
-0.6445955537,-0.0165341595,-0.2872561068,-0.1121220589,-0.2322024466,0.1980796462,0.4753369533,-0.4789911833,0.1698360988,0.1282062065,0.5672811952,0.5381840845,0.865901779,0.8432962877,0.005470950875,-0.495193387,-1.99025834,-0.1152751801,0.6126039729,0.6324792669
0.3290194422,0.2721095184,-0.680133046,-0.9574605395,-0.08796118425,-0.1130246813,-0.09373830221,0.08586352054,0.2432050099,0.1900376478,0.2539831765,-0.9541066831,0.737243937,0.262907655,0.1034436418,-0.4136206663,-0.4065335078,-0.2410496872,-0.3663548239,-1.428394733
0.1350856768,-0.470371778,0.4494761859,0.03400044629,-0.4502326982,9.537751963e-05,0.5122470401,0.03828087614,-0.03813855057,0.05411526344,1.173440204,0.0663041051,-0.03247483023,0.8797904617,0.0120457395,0.3034511245,-0.7590507074,0.4113712228,0.652358629,0.6034666572
0.5198985318,0.1051013579,0.6892453582,-0.5460027803,-0.0255231845,-0.07354079962,-0.3900234642,0.314602505,-0.1032878168,1.110625046,-0.898284861,1.055978447,-0.371575296,-1.497434359,1.736284752,-0.469829645,-2.095567822,0.7211118377,-0.3017637422,0.9557152279
0.3927587648,-0.1223380949,0.3075745641,-0.008627025577,-0.2274374948,-0.001211850604,0.3540687152,0.7109743315,-0.06583021415,0.5430244426,0.2328677051,-0.281607577,-0.2979654675,0.3023857224,0.9526526484,-0.714950717,0.375359529,-0.1980669968,-0.4860960306,-0.7421505728
0.2557860595,-0.4777744554,-0.1363851271,0.3717616441,-0.4570572963,0.5104969212,1.146314738,-0.2607009751,-0.1993771632,-0.4616457518,0.8510963267,1.089076348,-0.4632095121,1.889569038,-0.5004014495,0.6941888174,-4.119074747,0.8950821871,1.311182062,2.53069911
-0.04754904362,-0.4511586864,0.3064196057,-0.0898723139,1.230095298,-0.1303928405,1.303050101,1.184523807,0.8050956906,0.3704150642,0.9617931928,0.1545338885,1.006351993,0.6622123212,1.763937592,-1.057032476,-0.8540277644,-0.4024973033,-0.2467877885,-0.06211741734
-0.07825581668,-0.2227369723,0.4641045705,0.08239387686,-0.3526602658,-0.1741523634,0.3124474758,-0.3126738842,-0.5030928256,0.2655915248,0.5385119192,-0.6653750893,-0.4724341541,0.1895594778,-0.3712217884,0.6549883299,-0.09340546527,-0.3384289916,0.3603818382,0.1922946353
0.02192351203,-0.1528425761,0.917551003,1.003876062,-0.01343233099,0.1075955834,0.01866795771,-0.04267414461,-0.9447714497,0.4372404447,-0.3574300374,0.6034712286,-1.569627214,-1.006970317,0.3479180731,0.8501211919,-0.1192338317,1.280143802,0.4271252468,0.9455577851
-0.3479675873,0.09341427955,-0.3319893549,-0.2664908908,0.5528314544,-0.2415775573,-0.2135089228,-0.06005626721,0.08742647585,-0.4478596985,0.552500537,0.1631047883,0.2938764469,1.83680509,-0.6265193518,0.5291620354,-4.427760487,-0.2616450514,0.6517976392,0.3012435003
-0.1626568064,0.08278080194,-0.0004922075829,-0.09652931895,0.1556981422,-0.04018678271,-0.3805010787,-0.1363342101,-0.1826025408,0.2114522807,0.2134781172,0.4722043479,-0.8521632684,-0.06506375692,0.01621174887,0.03123809934,-0.05652626347,-0.4265920887,0.1628781168,-0.0287556984
0.4152906971,-0.6532889379,-0.8396287309,0.1400948945,-0.2159792841,-0.0212627977,1.235042472,-0.9779062973,-0.04621398423,1.303132567,0.727945172,-1.453177178,0.08313880287,0.001079564369,0.1503882689,0.178638094,-0.03904155993,-0.9512575841,0.5767040566,-0.7720518782
0.04874034692,-0.5858331515,0.2544601712,0.6013865438,-0.2528414588,0.3358272614,0.4972295939,0.2026180545,-0.5255815783,-0.195617327,0.5903496466,-0.1708481384,-0.7309787514,0.9612303367,-0.2685470929,1.17965728,-0.5773661487,-0.7020481275,1.285867628,0.9843942329
-0.2117181633,-0.09513549381,0.407019834,0.5458361293,-0.01512921532,0.2059107549,-0.4942233667,0.4456113152,0.1121779089,0.6847619838,-0.4100616034,-0.3795413204,-0.4307188883,-1.070995333,1.170749418,-0.1886375943,-1.254458076,-0.05218684839,0.6083874114,0.7958715371
-0.470121822,0.1891077374,-0.1775864901,0.003733943638,0.2673955586,0.1195438159,-0.785415147,0.1344478021,-0.1101371392,-0.2025398997,-0.2016096627,0.9269109242,0.01056004794,0.107526197,-0.06789585539,0.1805791764,-0.3190171227,0.4474946391,0.8447316374,1.327914929
-0.4284441704,-0.3251797853,-0.011030158,0.91643429,0.3169550216,-0.3507132604,-0.1588639376,-0.1216566896,-0.5214225733,-0.2722503213,0.4844472961,1.247249711,-0.7192945773,0.9899630366,-0.2037424978,0.7561598797,-0.5146551953,0.08793734445,1.341384524,2.511086317
-0.07176359668,0.08316580118,0.3332726597,-0.05431067741,0.3287400277,0.3103056875,-0.3692438702,0.7654096311,0.625753259,0.3582403365,-0.5277412128,0.8486793798,1.068537683,-0.3796424792,1.420695006,-1.126850932,-1.378171474,0.5098952399,0.3577621075,1.379939088
0.4707169402,0.2380959093,-0.189756028,-1.153906651,-0.05979269966,0.07627541389,-0.3628494222,0.0439629728,0.9406707502,0.01305012885,-0.2193503123,0.2180011109,1.584439819,-0.8733022259,0.1909436378,-0.7877787829,-2.037165497,0.03107226125,-0.02080089299,0.531240405
0.05041078719,0.092240168,-0.1956497495,-0.5302979904,-0.6851329925,0.1801729023,-0.2372684806,-0.404762097,0.4776440399,0.244773948,-0.9433721124,-1.041093973,0.9116874431,-1.525722379,-0.4255983234,-0.2977610851,-2.864194866,-0.3264262661,0.4691273632,-0.8181523109
-0.09249089827,-0.3212300449,0.6061666976,0.1383189873,-0.2873100174,0.5777926192,0.3515550266,0.1704551277,-0.3661287435,0.1704217322,0.5746334572,-0.3793209737,-0.5266509771,0.3225833624,0.1082890541,-0.2058587476,0.09551601974,0.378843783,0.4010743678,0.2467770369
-0.07313184,-0.4015295295,0.04144340325,0.2271470728,0.5359684533,0.3674345363,0.1449588028,0.5958423455,-0.6071168085,-0.00458255457,0.221176767,-0.1468552438,-0.5066444892,0.421204796,0.6352534265,0.225845187,-0.08642122319,0.008647183808,0.3171921647,0.1310656741
-0.2326388113,-0.4712016201,-0.9785698463,0.6169113515,0.03236695997,-0.4548519172,0.4064566754,-0.8518371439,-1.122732059,0.7714223138,0.5925943684,0.7817115592,-1.437684219,-0.3578450618,0.4196218861,0.9164660579,0.8854503012,0.358673775,0.03649351203,0.6939721155
-0.05879371829,-0.05991554167,-0.3493142813,0.1884689816,0.0481403546,-0.2025056126,-0.1562726179,-0.5228471503,-0.6009786917,-0.05625023285,-0.6187287787,-0.6458583098,-0.4790475645,-0.3885117313,-0.3858928947,0.6777938447,0.1543832811,-0.8030138433,0.2782157608,-0.353023019
0.1876793397,0.2297734066,0.05155889798,-0.2401875513,0.5757175506,0.01507660878,-0.3758571102,0.7173700001,-0.3161259227,0.1563910476,-0.1024520138,0.1494459911,-0.4578021942,-0.3307549356,0.9396891734,0.4786316476,0.3085547308,0.6285971113,-0.5273142663,-0.4587568021
-0.4816308847,-0.7811161833,-0.3621242939,0.8079749011,0.01471421091,-0.624194071,1.179017826,-0.2962389356,0.05673240053,0.225658994,0.2772006373,-0.5457415749,-0.5647569291,0.1418283946,-0.5452403789,-0.2564774264,-0.3274831269,-0.3289514601,0.5617739922,-0.4005707154
0.1318049814,-0.1816930252,-0.1841626993,-0.08754433306,-0.2720109291,0.267462261,0.2845289513,0.05823512981,0.168003619,-0.3777369273,-0.2357009147,0.3288173964,0.5751903546,0.4579979007,-0.4987147384,-0.00572272847,-0.8975899474,0.01672881923,0.4530384665,0.1946087099
-0.02761045903,0.009160255833,-0.1281556363,0.1067425587,-0.1083881111,0.08007801758,-0.1842745453,-0.6498984585,0.2494022076,-0.4717553534,-0.3486562582,-0.008598673214,0.6688945337,-0.05595808882,-1.111120216,-0.6744667843,-0.1289573307,0.4529946848,-0.7209509463,-0.9466597384
0.3631800386,-0.2222285994,0.002269902891,-0.3199642491,-0.5207176137,0.4167412084,0.249337078,-0.2776613973,0.627181531,-0.01837858538,1.036689458,-0.8527420307,0.8985674115,1.491916059,0.1654101647,-0.6581946008,-2.928533031,-0.3276873464,0.8312341819,0.3545977387
0.4527395777,0.5501084784,0.434674534,-0.8006252348,0.134333573,0.5672235626,-0.6667276428,1.194617759,0.08415275095,-0.7227797286,-1.23491967,0.1542875877,-0.5579259452,-0.655706076,-0.01898139624,-0.3253500604,-0.3926094319,0.4281554775,-0.0272905294,-0.03389572389
0.01816846489,0.04239312928,0.3952588584,-0.3041542259,-0.7152591303,0.8460094491,0.07825720537,-0.1836255432,0.01350249694,0.04926688518,0.006612291115,0.1432380507,-0.8768240081,0.2263942285,0.3965811229,-0.03396503439,0.2503512659,-0.05249244466,-0.4645530615,0.008021554118
0.1478848413,-0.2955747901,0.5855915606,0.2222451726,0.0279171076,0.6077143843,-0.159848198,0.8061576636,-0.7336629581,-0.4495487108,0.007349055295,1.12549197,-1.684185185,0.6474145109,0.4011288964,1.05480192,0.165456365,0.5063790618,0.4612618864,1.254707578
-0.0986869776,-0.1257821694,0.6345795548,0.5786800737,0.2361083774,0.3189099621,0.06829131755,0.3568179769,0.2507210687,0.3118802205,0.06959416234,0.9553349449,0.4968052551,0.2461340317,0.6870987349,-0.1549792328,0.2898754152,0.8266846228,-0.5099016074,-0.1328512273
0.4154403599,0.6507569497,0.4486736838,-0.7917686005,0.05649273236,0.3285724107,-0.2879287216,0.5299806509,0.12936033,0.2179567934,-0.3338140902,-0.04282356519,0.2670708617,-0.6419779321,0.5267938856,-0.1879734264,-0.440324027,-0.3688298675,-0.1841179906,-0.3361987578
0.03816199098,-0.4277927106,-0.2688191166,0.3737864014,0.4689542878,-0.1032175068,0.4363661469,-0.06214059146,-0.1530513463,0.1485653162,0.5244721286,-0.8999730103,0.417417421,0.126115156,0.5754949023,0.1789650347,-0.08359250314,-1.207808654,0.2355959635,-0.7782100125
0.1008063432,0.1440506362,0.01568275548,-0.1664411303,0.1547836923,0.2000055814,-0.8657683874,0.5481779005,-0.4902337922,0.08585894238,-0.8486551407,0.6742930965,-0.4680648986,-1.075481231,0.3628547631,1.085287085,-1.558122996,0.2076237527,1.220213527,1.480444493
0.03239168683,0.02706800233,-0.1420567321,0.5050625976,-0.1933937451,-0.4812524332,-0.1455307416,-0.2614857319,-1.007974264,-0.2084831836,-0.6441194242,0.08661364298,-1.778308106,-0.3211818577,-0.172437262,0.9067433235,0.8140664091,-0.02396677812,-0.5279836788,-1.266925235
-0.5422144406,0.02466296904,-0.4615127828,0.7370673529,-0.419395527,-0.00279410509,0.09417740171,-1.186002328,-1.154834755,0.1647287097,0.2884926892,-0.7673363043,-1.679151056,0.3173412065,-0.6107950354,0.7393656151,0.421344912,-0.719691292,0.5061126375,-0.7467598037
0.01850079745,0.2978185628,-0.01642924362,-0.867273351,0.03571615856,-0.2190534074,-0.5482474194,-0.1567798519,0.9640913902,0.001016732555,0.1776843196,-0.4104372644,0.9375449047,0.4607221399,0.1325610449,-0.6729007089,-0.2826339767,-0.5817309871,0.8214204335,0.570843931
-0.1056829973,-0.5728027694,0.4112439389,0.8671902312,0.1717835647,-0.07508527656,0.9711640383,0.7055041828,-0.05494758399,0.5286310782,0.9891890474,-1.19715959,0.2851895273,0.3646571507,1.039815907,0.4863441057,-0.238283089,-1.973702958,0.6832399959,-0.8744910843
0.2759560598,-0.5814354019,-0.736423571,0.9131162914,0.5586417032,0.5117326581,0.9820314611,0.2816889253,-0.5819599168,0.4640861055,0.849717084,0.1527925599,-0.643704871,-0.1611128211,1.032625282,0.8908938498,0.1766679822,-0.06691189737,0.4968366104,0.655617436
-0.3361492922,0.2804116425,0.3935775111,-0.7696560013,0.2096932488,-0.2681892558,0.3760188056,0.6896606546,0.4196012821,-0.1487309707,-0.3698363067,-0.5221858436,0.5428158807,-0.6103194631,0.5643596936,-0.8779558616,-1.196444044,-0.3592784167,-0.3007205187,-0.9668655193
-0.2382570871,0.5924380353,0.1691275109,-0.7683571247,-0.02080525,-0.2771422211,-0.1510058569,0.6155300918,0.1614915612,-0.1226071752,-0.1270038052,-1.421695752,-0.08545685814,0.1747734473,0.4684325938,-0.264210396,-0.2172907329,-0.728990092,0.3485105424,-0.7397739275
-0.04615989092,-0.1696572197,-0.6123387567,-0.2840830252,0.5222937636,0.02343009885,0.5894454127,0.1904858033,0.2423400781,0.03139272737,0.2500329121,-0.3670652386,0.09924010435,0.2464999962,0.1899395413,-0.8721945989,-0.0760653072,-0.1935887014,-0.376021066,-0.9881503993
0.7434920838,-0.1259265295,0.3272398754,-0.3395109442,0.503971384,0.7209238148,-0.0112736035,0.2654378889,0.2455087962,0.271990034,0.3714401287,-0.1532542328,0.3513400475,0.1227401739,0.1187786935,-0.001276659964,-0.1762347474,0.08783415536,0.6596763731,-0.03254069346
0.01865561508,0.2423543551,-0.0379349137,-0.4797638767,-0.1357490866,0.2811990793,-0.6673521448,-0.2055448881,-0.1008770593,0.2660253387,-0.4716717947,-0.1955867786,-0.5317946066,-1.043670939,0.2969623004,0.09831355349,-0.5148936545,-0.2164724074,0.6626925625,0.5978268522
0.1361047027,-0.2669650312,0.8173760492,-0.4530117268,-0.2142714468,0.09091089203,0.325583987,0.007018287176,0.6671067164,0.5558801321,0.6718739188,0.04091803024,0.9946386851,0.2786748408,1.008545521,-0.8956162571,-0.7203545563,-0.1682572196,0.2669952295,0.1210271999
0.1566862444,0.07957731068,0.3412178313,0.1073740102,0.5270058081,0.4383459024,-0.3356104973,0.5776015012,-0.4792908884,-0.1792447251,-0.4732428178,-0.3170203337,-0.7547210192,-0.2039547516,0.5893419855,1.099496131,0.3236833137,0.09693803571,0.4661948482,-0.03297012326
-0.4281347928,-0.2573124976,0.4080265564,0.4113403365,-0.3854962583,-0.405027465,-0.4282406893,-0.4377217497,0.05977990471,0.0001246779215,-1.249005804,0.5553860915,0.01286632451,-1.258874486,-0.7259651694,0.01797391497,-1.531217842,0.5272914246,0.5701485169,1.48808279
-0.06369929002,0.3262415607,0.06861333028,0.05960030792,-0.01837064632,0.237533268,-0.2345693576,0.274418102,-0.268102444,-0.06744470296,0.05433171502,0.1762515768,-0.4400001009,0.2175778069,-0.391396625,0.03713879656,-0.08968438313,-0.3026731816,-0.3520281511,-0.04619896623
0.5180277527,-0.0103711519,0.2611490842,-0.7226005549,-0.2231691058,-0.3080244184,0.3603593788,0.1547337122,0.7221768727,0.06999111974,-0.7742762555,1.085431587,1.637416196,-1.099303764,0.3696050575,-0.8972858778,-2.046648282,0.1309101882,-0.1334474802,1.015263572
0.3195586176,-0.07407774818,0.5076780143,-0.3576005638,-0.2494712731,0.7146143765,0.1599308999,0.532590756,-0.1554923242,-0.8008568587,0.02694709225,0.01303803271,-0.3946887395,0.756213274,-0.1682032014,0.1489862693,-0.8967854783,-0.07506510868,0.7036512593,0.8842980464
0.2821240737,0.003677590339,0.1329484935,-0.6557923809,1.145977042,0.2720444187,-0.1749665954,0.9332697659,0.4779905222,0.07438645176,-0.5295912101,0.01900788924,0.1111682666,-1.020652419,0.9496868241,-0.2879054569,-1.263766548,0.1148747725,0.03244613833,-0.843720539
0.04294547597,0.4295438149,0.2291929842,-1.109419257,0.2905879988,-0.217799956,-0.3197082801,0.1687692102,0.3668971401,-0.6420496506,-0.5752626878,0.536062658,0.207131828,-0.1196695645,-0.4822345884,-0.8776799103,-0.185216949,-0.9791959255,-0.5004946119,-0.03978717549
-0.3767017211,-0.1627228639,-0.563382177,0.06072118321,-0.2810794192,-0.3898076859,0.003421881395,-1.324032182,-0.03527219708,-0.2492014766,-0.0514210133,-0.04070713381,0.1535069869,-0.3384809313,-1.288876937,-0.3298055034,-0.1970808532,0.1492241204,0.03692135809,-0.09339884503
-0.4482547415,-0.8170607652,0.1498914302,0.8991164201,-0.7254587076,0.2335114328,1.120322533,-0.464587865,-0.4417949559,0.5253488724,0.7829585943,-0.06463736393,-0.2248827955,0.5210803357,0.1811922952,0.5788206361,0.2775681787,0.25177603,0.1763221568,-0.2131287949
-0.3001626249,0.1293633319,0.07146858091,0.6945983583,-0.0692846221,-0.2184005906,-0.4111133105,-0.2459423057,-0.6445334674,-0.2325661021,-1.010025634,-0.152606932,-1.009689077,-1.50383194,-0.6709068455,0.6116234088,-1.906148884,-0.4902204885,0.7614595384,0.3898073556
0.04078515538,-0.6810461253,-0.4444163446,0.3333394232,-0.6236981195,-0.2461378097,0.7301203043,-0.660312896,0.4179917193,-0.01919964064,0.6170710748,-0.8734101258,0.2485980398,0.9670491276,-0.2098290493,-0.7915840727,-1.220879484,-0.4837045002,-0.1398592194,-0.5469063242
-0.2627272531,-0.05069048491,0.2137067798,0.3232779805,0.1793404839,0.3699723846,-0.08518090072,0.3787037376,-1.007876476,-0.02884110335,-0.1250352051,0.8267329666,-1.646365949,-0.0252334183,-0.1411302518,0.4572894261,0.594353399,0.5065386567,0.01586345655,1.158035055
0.6348722087,-0.2151007541,0.1598783033,-0.9622052429,0.2806501253,-0.2439013374,0.5970938167,0.6282946048,0.4523927636,0.1225909453,0.7617416027,0.7502836851,0.2534913741,1.120449846,0.423569514,-0.9079614442,-1.42366752,0.03806246726,0.3112281187,1.194207422
0.7396501006,-0.4298911769,0.1470172305,-0.03619772367,0.2436996674,0.912417807,0.3374875769,0.06523230467,-0.3455275043,0.01600594966,0.331047738,-0.1401007579,-0.7022443504,0.7571052529,-0.1439847116,-0.61848744,-0.2598919769,-0.03106475519,-0.2584476066,-0.4923264139
-0.2633449949,0.08768032302,-0.0807589147,0.03426928994,0.3302632957,-0.4201470519,-0.4230520201,0.7458777716,0.1041310649,0.2852210335,0.5539725489,-0.05934084942,0.3588489105,0.0466195504,1.481737169,-0.05326031954,0.01389820275,-0.1085008557,-0.6316386848,-0.9637830317
0.1556195739,0.2212839155,0.2901527975,-0.9035082376,0.3642413069,0.3320149794,-0.4581482987,0.3421658842,0.7982953294,0.2362736954,-0.2129269305,-0.3672652735,0.7294786522,-0.9086850541,1.104544421,-0.7740348451,-1.221203375,0.1202197356,0.8598305114,0.6954923071
0.133047674,-0.433223913,0.6247295725,0.1182212404,-0.2429676824,0.2539703893,0.4991728829,0.6442198234,-0.2035087951,0.4745208985,0.553190801,0.7549819363,-0.2784960088,0.3150932467,1.321664198,0.4292514917,0.170839052,1.055490944,0.009463951294,0.4399805259
-0.2558865002,0.6830693562,-0.495046115,-0.7684894314,0.4958308536,-0.2136337529,-0.6707635944,-0.06010328893,-0.1489728265,-0.6510346235,-0.7113511917,0.3942862061,-0.1288070706,-0.5079823295,-1.06632229,0.3917538592,-0.4559434363,0.6495838408,1.047066819,1.226434144
0.2269119407,-0.003289745152,-0.6151402855,0.211368541,-0.1257425159,-0.0268371642,-0.1638950268,-0.5783773852,-0.2091277351,-0.008399617129,-0.5018988755,-0.9689400541,0.07880629989,-0.4162963485,-0.7066736001,0.5184301033,-0.3972847411,-0.6660642305,1.094041782,-0.2992994662
-0.7072991327,-0.462733355,0.7512034423,1.116557913,0.01117147828,-0.08291209386,0.4480210674,0.2241681339,-0.8676850056,1.162580255,0.7324348686,-0.1586211308,-0.959638168,-0.9465329614,0.9686936808,0.5077532264,-0.3973191821,-0.002686452374,0.9327764006,0.5041210977
0.5168246602,0.2251259657,0.3611539274,-0.5810100119,-0.005233825717,0.5428592777,-0.2768193439,-0.06556279403,0.8603573817,0.08670001662,-0.6044678254,1.49696503,1.378873272,-1.030644118,0.3059808205,-1.10341523,-1.189068153,1.968484211,-0.4179282949,0.6473842224
0.5885043275,0.2318088551,0.07490199581,-0.531984626,-0.2074192781,0.1511483691,-0.5186450091,-0.06695818789,0.6458457824,-0.332758672,-0.5097396654,-0.2527291451,0.268524734,-0.05192625607,0.5074656409,-0.6597113644,0.07170957651,-0.276804927,-0.9088723013,-1.174956411
0.2967349016,0.3395555733,-0.04341865325,-1.536013288,-0.06059951284,0.3396077062,0.1004700532,0.1036880228,0.99478134,0.3065046104,0.1174750075,0.5701155939,0.7990690869,0.1463506069,0.5719645514,-1.162971942,-0.2374744668,0.5206720817,-0.3700166612,-0.1164986342
0.1100370023,0.3386355345,0.4477373969,-0.8619120203,-0.03762459812,0.2168149721,-0.4183399537,0.16474713,0.6699459054,0.8078488378,-0.3014896671,0.2429184492,0.8664954443,-1.142514925,1.188029996,-0.3918443281,-1.58076702,-0.1313457781,0.7398379114,0.9615219127
-0.4219717543,-0.07691829969,-0.4492662576,0.816548197,0.06597709032,-1.037359041,-0.3965986781,-0.3248075018,-0.1682088185,0.2133071256,-0.8473508821,0.2910445233,-0.9818632251,-1.438397241,-0.1727070819,0.3240940591,-1.761280583,-0.2301204645,1.058577526,1.80386726
-0.1514462982,0.03305276465,0.039969293,-0.008070992245,-0.1227699662,-0.3355658825,-0.442248184,0.5162603304,0.0007047356501,0.5104715416,0.1569391579,-0.5635762235,0.1467260449,-0.2903098874,1.190366451,-0.5577978599,-0.1119057401,-0.8953993917,-0.3881378469,-0.7037412619
-0.2016074162,0.1110207413,0.2630473169,-0.5030969032,-0.5538339322,-0.1526897947,-0.06099552822,-0.9230388056,0.4272335677,0.08718279977,0.04143633599,0.07663180673,0.4615794804,0.03721595908,-0.8758367053,-0.7078698805,-0.3780781095,0.4806203287,-0.2613379909,-0.2422134576
-0.3402517867,-0.2071843836,0.4281080237,0.5946943677,-0.1237775309,-0.007381115513,-0.3779978171,-0.2870828683,-0.7695524299,-0.09401359865,0.199496194,-0.3569000573,-0.8140307018,0.1522435724,0.1487356129,1.046144949,0.9040146849,-0.02359075935,-0.03971949234,-0.09186210679
-0.02601946764,0.1308755807,-0.5446497164,-0.8201818429,0.3146762628,0.7762519,-0.3692762525,0.7706672189,0.5167728931,0.1231915796,-0.2810492851,0.3826973215,0.7529097798,-0.4728681887,0.321543594,-0.3646276669,-0.905079881,0.1920009766,-0.3101088482,-0.2343880429
-0.4224811595,-0.3407909932,-0.07613696437,1.166245121,-0.07898700615,-0.2916799892,0.2780082,-0.4918511596,-0.6484705452,0.4855169982,0.07046756933,0.208903408,-1.415395785,-0.1958377711,-0.2120539888,1.012184455,0.2368131128,0.948187698,0.01095755209,0.2446132715
0.2262045688,0.3337761727,0.1868950065,-0.4038727928,0.162909459,0.1194292154,-0.607998307,0.4903746117,0.3602493172,0.3549964029,-0.3162603536,0.4342554571,-0.05878427196,-0.1849280142,1.113065436,-0.5656977982,-0.01598291301,0.4671652044,0.04819852629,0.2926172973
-0.3232016817,-0.06171129764,-0.3195731416,0.5753368744,0.0892305009,-0.02203510544,0.5064008353,-0.5475338118,-0.4873984573,0.7486613816,1.371465067,-0.9210547519,-0.5732678237,1.18114564,-0.1747753395,0.5863883703,-1.572180196,-0.5111888748,1.250038019,0.4874267115
0.2075960989,0.105153282,0.2467052317,0.08513404261,0.1939526976,-0.2050404657,0.04475014294,0.4879710706,-0.08133145091,-0.02763478219,0.3858241596,0.2258929759,-0.5450830581,0.8223356054,0.6411340025,0.4722853689,-0.9911694583,-0.5168374488,0.7836140226,1.279116861
-0.2940534208,0.3096212769,0.1397268901,0.4004577398,-0.09784160261,-0.3339546149,0.01696332036,-0.4800028927,0.2405023122,0.1575226307,0.4178731508,-0.9174244139,0.4593291194,0.1206456522,-0.1555305359,-0.4946288496,0.01226479058,-1.309233564,-0.8558364671,-2.066804087
-0.3405180385,0.07003935981,-0.4928245938,0.1432540643,0.06087253233,-0.1648401624,0.442432072,-0.2529829304,-0.6592561593,-0.04313195768,0.5694845928,0.9734214573,-1.044478005,0.7333814399,-0.711210439,0.06294086838,-0.8067248993,0.8827135764,1.529745996,2.189441137
0.2400263882,0.07900685156,-0.1765882301,-0.5322179342,-0.3602438629,-0.1614567169,0.1797243924,-0.3768559941,0.741331382,0.08997025429,-0.1177237149,-0.1880738211,0.8481350365,-0.6039770048,-0.5047837989,-1.170422115,-0.1932987497,0.5519756179,-1.045320159,-1.242611019
-0.3485303465,0.469368296,-0.1096584705,0.0503036046,-0.302363229,-1.001318182,-0.7339417452,-0.5675372893,0.456392438,-0.2231085457,-0.6051000484,-0.03664651814,0.267262352,-0.4116164889,-0.5305131868,0.004625145875,-0.06048023414,0.2160781718,0.2215317284,0.8856158564
0.2371224202,0.3460223154,0.3187436589,-0.5699354714,0.3005705087,-0.1098719401,-0.3742981647,0.5102914352,0.4450390897,-0.6287404873,-0.8224465167,0.3035469285,0.7296240124,-0.1547755869,-0.2620373799,-0.1157909381,0.414361331,0.1400075915,-0.4580794453,-0.4702305029
-0.1351004472,0.1541074817,-0.5196588859,0.5850408911,-0.2816296266,-0.6890370236,-0.3115142356,-1.228385414,-1.426280295,0.6294396163,-0.5760450988,-0.00444169301,-1.965027854,-1.472081307,-0.638162691,1.286784308,-1.054774679,0.3100079619,1.085954543,0.440997712
-0.3439058527,0.08747436712,-0.5562598066,0.3408274707,0.3778739074,-0.2634663218,0.3395208751,-0.2991769894,-0.152412991,-0.4301910773,0.4388643145,0.1451397999,-0.2099480158,1.401277782,-0.6383228539,-0.280600357,-2.703803538,-1.070897339,0.4043163981,0.8297397269
0.3429500339,0.03811098496,0.07491209766,0.1858635313,-0.3507903983,0.8946657719,0.09327463418,-0.4009717834,-0.07843357011,0.2738778695,0.02378561203,-0.8186281583,-1.056113393,-0.2335040694,0.1140011364,0.4401419962,0.6432827963,-0.5189581563,-0.01995172151,-0.5848258643
0.4257786241,0.3873554488,0.3156913616,-0.3728633125,0.009552306043,0.2346349553,-0.2221581531,0.7768234592,0.5852935879,0.1674445652,0.2152060147,-0.7625888388,0.7625171451,0.6048780516,1.396983319,-0.1931250612,-0.2893817592,0.4275764098,0.2759937451,-0.3354924001
-0.1032636431,0.053783236,-0.3353870775,-0.2215551904,-0.6287202724,-0.3219680182,0.5080396631,-0.7337808241,0.01171166598,0.4950740869,0.7750172212,-0.6658954122,0.1728036513,0.8230724941,0.1326194777,0.5052154165,-1.068092785,-0.1626887179,0.6288295741,-0.2692479186
0.1607507928,0.5189061015,-0.45344775,-0.699568932,0.008144873691,-0.2814364665,-0.3607724488,-0.6395570618,0.1963596489,0.0722978371,-0.7065447473,-0.09220595896,-0.04846005063,-0.8423957734,-0.5678568067,-0.3052390422,-0.213749297,0.1092050553,-0.167419552,-0.6550022766
-0.06420281602,0.6475639874,0.1463818419,-1.109091814,-0.1716531905,0.1188416548,-0.5064848175,-0.2314998971,1.202728364,0.5961767895,-0.7894198644,-0.8730233356,1.017950171,-2.211646607,0.3294971861,-0.808642535,-5.92345096,-0.5519404046,0.0912706711,-0.6835007063
0.4365281296,-0.1876664673,0.2014124546,0.1593054286,0.3740571741,-0.1436950543,-0.1663529226,0.5033476478,0.1432660372,0.1411580652,-0.6305175317,-0.122103222,-0.1818850543,-1.108986756,0.2885818137,-0.3351488033,-2.137646791,-0.5006794057,0.5324000279,0.5609502384
-0.4900814042,0.100867459,0.6566536296,0.9092170826,0.4062110438,-0.2741031728,-0.4562612769,1.335048662,-0.5915638657,-0.07931072236,-0.8876987871,0.249084051,-0.8681523598,-1.075183175,1.005628286,0.9818311992,-2.117424136,-0.1492021864,1.497879724,1.408586326
0.2887789932,0.2731299035,0.05381749731,-0.4603147874,0.2280575545,0.9134040526,-0.04223401217,0.1450641822,0.4426758565,0.1978444354,0.01656603167,-0.4694218027,0.4724559271,-0.1428892058,-0.3046771027,-0.8475000005,-0.182790491,-0.4377044284,-0.5290839287,-0.9338935285
0.5092498128,-0.3861342942,0.02055511661,0.1359175778,0.05117345171,-0.1233168596,0.1238783919,0.7397514616,-0.4945086861,-0.07345456448,0.2859748191,0.8007736807,-0.5216876922,0.3985174314,-0.1033831428,0.5917009867,0.3850095014,-0.1925742141,0.2362798903,1.416339897
-0.2853473837,-0.71942349,-0.1059436612,1.758269078,0.4868451813,-0.4298054483,1.025176648,0.1043499443,-0.8037081724,0.2954004467,0.6757163489,0.7021904023,-1.50491249,0.2403735958,-0.5245838826,1.370310284,0.5967798856,0.9687551088,0.242602943,0.8250153245
0.1638949894,-0.6271409236,-0.07278831854,0.1056135078,0.2402347838,-0.1251030829,0.9755002002,0.2414167505,-0.3399176108,0.587722954,0.8801719875,0.588280277,-0.5597778837,0.4790558621,0.4174454249,-0.3598103596,0.5795991404,0.4702189188,-0.6277049463,-0.302342251
-0.3848085602,-0.1974087801,-0.3695060308,0.6743473077,-0.01442831419,-0.5250389742,0.2106717455,-0.1791276826,-1.02672838,0.158189357,-0.4284440701,-1.13647428,-1.208137071,-1.161788535,0.5886168313,0.4566770193,-0.8735762068,-0.7087051281,0.3988837098,-0.7676164392
-0.5835020366,0.2846380879,-0.2851084762,0.5343375752,-0.1877087812,-0.3096222149,-0.5233307022,0.1643172719,-0.3027030449,0.05128514096,-0.1644181082,-0.2659030617,-0.4056256538,0.2378066827,0.437826413,0.2167396712,-0.1314804929,-0.5398594381,0.4873502132,0.361638171
0.1409173487,0.3479200917,0.2874347523,-0.6987672943,0.1524641833,0.123170079,0.2868585425,0.4171858116,0.06297319578,0.4745070701,0.323981864,-0.1674443833,-0.7054389098,0.1244787999,1.572920661,0.704804332,0.5238420896,0.1261550073,0.1942851892,0.4894443502
-0.4911685637,-0.01607916012,0.5796425169,-0.167800241,-0.5708753944,-0.3190151019,0.6728002301,-0.2480727689,0.3165108519,0.1195989171,0.8589516253,0.0481995944,0.6360696002,0.6649599243,-0.2494902454,-0.3494889299,-1.129060386,0.6511895574,0.184443649,0.6426409487
0.454693459,0.1441903963,0.1768552685,-0.7224531602,0.3542986457,0.7488049562,0.1879535802,0.7204510761,-0.4106776797,-0.7447340842,0.1844014501,-1.088845258,-1.475828665,0.7016330428,-0.2719610304,0.4973613154,0.620865943,-0.7528887262,0.341518169,-0.7453676548
-0.08990490036,0.0326606308,0.7083245379,0.3414911828,0.2614435219,-0.3832495107,0.4801950615,0.8732404725,-0.383202172,0.5431047543,0.4438318396,-0.149732044,-0.8468927601,0.09512603658,1.109571654,0.1454284275,0.6892342991,-0.09246309767,-0.6814711009,-0.4230376729
-0.2672268645,-0.4522646139,0.03404352506,0.5680602932,0.00773395059,-0.3724947402,0.8315523017,0.06751544817,0.2561515581,-0.1238130147,1.05455174,0.6577961689,0.746398138,1.666455559,0.2717946417,-0.8741185135,-3.576620362,0.1433451209,0.4496083337,1.142342852
-0.1132063801,-0.3515983787,-0.3175414378,0.4705974587,0.4580526237,-0.3949571512,-0.2202739177,0.5764695242,-0.3600742488,0.09378791349,-0.4868570273,-1.218377545,-0.8118827919,-0.5854007357,0.5843668321,-0.1697614168,-0.2175677086,-0.8394492039,0.3692682558,-1.239007859
0.1086470674,0.1291790475,0.6018371149,-0.1244933258,0.3384248697,-0.5285117788,-0.08271970774,0.8690408054,-0.1719715377,0.9223550957,0.2870104335,0.3314891792,-0.3943126727,0.169299671,1.159458285,0.5223536052,-0.05728444404,-0.7036455929,0.6954808756,0.7158044364
0.3011200399,0.2492340903,-0.3206543005,-0.8452544992,-0.1563497048,0.1320079412,-0.6934568865,-0.1639296587,0.2776471911,0.1301567851,-0.9825534727,0.06971008356,0.5935867411,-1.608035785,-0.4051288477,0.4984580785,-3.364897444,0.08848013488,0.9194822163,1.513129852
-0.1136378073,0.3473764399,-0.3616726541,-0.2368232654,-0.4165282207,-0.1498609906,-0.06789796097,-0.8428922357,-0.1526240573,0.6879226276,0.2981042276,-1.042776019,-0.2836688302,-0.3314862402,-0.3507731395,0.5007522396,0.09770074254,-0.9672720062,0.0552291057,-0.358134611
0.2514174538,-0.2333428316,-0.3443889371,-0.3337548746,-0.2848124386,0.07928976924,0.414086627,-0.6171825438,0.2448060296,0.1084793792,1.249850881,0.3871236591,-0.2813853026,0.8108091622,-1.151511689,0.04894082417,-0.6508341386,0.2672054199,0.9138575726,1.63374156
0.5327498967,-0.06295136677,-0.3305198283,-0.5903417137,0.08359751346,-0.08083468289,-0.2089832844,-0.3359747539,0.3706679799,0.7564368097,-0.3499184455,0.2296280458,0.9666044674,-1.773985495,0.3896710769,-0.7661498492,-3.576534769,0.01842643432,1.058380274,1.018800974
-0.01068961032,-0.05689100879,-0.2589013838,-0.01087423384,-0.07518391103,-0.1437499493,0.3474746854,-0.2900936754,0.6303440684,0.003581671037,0.3138221416,0.706873168,0.5318036288,0.268681426,-0.186336983,-0.5250254876,-0.8709505292,0.06093420588,0.4665054019,1.025328896
-0.3432207304,-0.2080279451,-0.6605214159,0.6635402011,0.07826299125,0.05910104026,0.04540903121,-0.4247752216,0.2489359624,0.7363263106,-0.1320824762,-0.2544063688,0.04320932969,-1.351624185,0.2972517551,-1.047824101,-1.994746933,1.07544792,0.01185751197,-0.908864692
0.1388284941,0.1286064395,0.5053071383,-0.516765209,-0.2407124238,0.1463817322,-0.4341665185,0.09202321217,0.3637806976,-0.1799912543,-0.1215078249,0.2092298045,0.5077151665,-0.3030433265,-0.1260872318,-0.3500966586,-0.3701685198,0.1347956396,0.1576219188,0.552103708
-0.07387648461,0.0713375869,0.2284957956,0.3179142591,0.1952898826,-0.09469492102,-0.1697740397,0.1655726115,-0.2363318722,-0.002561092992,-0.3440170988,0.9109658332,-0.6233192423,-0.1822722295,-0.4164636762,-0.1630543098,0.6391176833,1.001255656,-0.8004151754,0.001229520544
0.05911561043,-0.1313019141,-0.3582102582,0.3876046978,0.08558498097,0.3344583098,0.7198864346,-0.1259837321,-0.5564582187,-0.3695036542,0.2575391155,-0.4778815469,-0.5587980614,1.149150968,-0.9159561944,0.1017135687,-1.434557101,0.5962360187,1.41941632,0.458646611
-0.04440847873,0.1536255252,0.3408619057,-0.4070976044,0.5417124062,0.04288238349,0.05539271096,0.7995772172,0.1419841529,0.1469802117,0.3632830453,0.7529311859,0.7084552878,0.6016883826,0.7113349186,0.2627998007,-0.02304114828,0.2466364353,-0.3434896614,0.3417907453
-0.5972248599,-0.04171066382,-0.6499851487,0.6931221192,0.5083905417,-0.1052965423,0.6724498957,-0.3284455022,-0.5894616139,0.7525305928,0.4055820867,0.4316983164,-0.6215933388,-0.4125433034,0.7739770582,0.3187420965,0.06948868523,0.4627381772,-0.2030800658,-0.247092684
0.3260663497,-0.5011806332,0.3934061579,-0.222198266,0.2726074613,0.5986146221,0.4899179902,0.9009929982,0.4524180221,0.000740152996,0.3710232989,0.7424389433,0.3874685846,-0.1562715446,0.7150994818,-0.4561421098,-0.5708500419,0.4601247609,0.3202168185,0.7126520676
-0.7074512655,0.6767238514,0.04604147315,-0.1648143937,-0.3322229286,-0.526046372,-0.7950464004,-0.3469161208,0.4379708066,-0.6961916594,-0.2461427635,-0.6235610221,0.3647847152,0.4708856601,-0.7885389586,-0.1433300218,-0.3645786519,-0.9436438509,0.4814271049,0.317077621
0.01816537639,-0.3693014013,-0.3741523761,-0.06103157507,-0.5442088813,-0.3146374866,0.4615075167,-0.8709107227,0.2355307627,0.0422213847,0.9551676757,0.5952267884,0.7945971195,1.278233765,-0.4154236412,0.3165915415,-2.323450533,0.3045161261,0.8365040283,1.763050677
0.2410668123,0.3576295257,0.226166357,-0.1734271227,0.4112339361,0.5979593616,0.1400659099,0.04086837134,0.203473092,-0.2355764643,0.3747773153,0.7246876425,0.5532815968,0.1146327781,0.01543462218,0.1176370948,-0.765718115,0.9637314664,0.5366892527,1.56620944
-0.133085933,0.06751315964,-0.04088653376,0.3670535703,-0.191691151,-0.1590153805,0.03715914024,-0.06540961194,0.3502182235,0.09637123319,-0.2081468711,0.08446342355,0.6390640701,-0.1986709491,0.3109100297,-0.5133072596,-0.320187992,0.8534507272,0.4986252447,0.01383900355
-0.09214949837,-0.5585791753,-0.02171140749,0.2712573112,-0.2067282171,-0.3802968204,0.8517140709,-0.6973817547,-0.2749545412,-0.0694831832,0.957113822,0.3663648689,-0.9430251267,1.386067366,-0.598263608,0.6480465838,-1.037670192,0.1812054731,1.392542484,1.966125371
-0.4596765132,0.5398778129,-0.4006155466,-0.1866226661,0.281643805,-0.2326758592,-0.5609328433,0.4103441889,0.4511339287,0.6367053778,-0.7453850419,-0.08238064061,0.5407076795,-2.054571006,0.2585992203,0.3835449694,-4.700682934,-0.4148569421,0.9829828393,1.089276821
0.3067157733,0.09643259886,-0.198127695,-0.2001935405,-0.362870006,0.397820515,-0.7234290046,-1.241503455,0.3490449853,-0.3372305585,-0.6197686963,-0.6916524549,0.1170729906,0.17743743,-1.770538877,-1.189537207,0.1353040378,0.2091146133,-0.499202591,-0.6810836999
-0.4558130502,0.3935478139,-0.4460201192,0.1455563117,-0.1100509009,-0.5313597786,-0.5909868559,-0.8251450536,0.1728772443,0.6437081774,-1.004893991,0.6321098761,0.744373026,-2.282837568,-0.395423134,0.3202888658,-6.040838875,-0.1939799125,1.096674312,2.21907152
0.1655842768,0.301062904,-0.07001120867,0.5030297896,-0.5880554118,0.7021489983,-0.05553324043,-0.3432931276,-0.4396747788,0.09063468384,-0.06456013707,0.82067483,-0.5667736016,-0.2419571982,-0.07650676916,0.4516098266,0.3675077876,0.2846977269,0.01305137683,0.3109179536
0.3144938185,0.1364963191,0.5863866414,-0.9716753172,-0.3860296864,-0.03471991378,0.1612024539,0.3042105161,0.5008572127,0.4230711433,-0.1785711384,1.657684028,0.800651729,0.03417095945,0.3233690798,-0.9483654543,-0.282622782,1.754929657,-0.03287109278,1.591483031
0.4034336748,-0.3389210147,0.5632450999,-0.04264870925,-0.02601080403,-0.4440791405,0.6357515604,0.3196298794,0.4781071452,0.7935167737,0.4103816882,-0.5320646231,0.3415173884,-0.05697332846,1.157432699,-0.3234602272,0.01019448013,-0.8522592966,-0.2361944535,-0.1255478476
0.617285025,-0.3483415245,-0.1563031615,-0.8057375335,-0.1718593391,0.2229365522,0.5963045044,-0.5077854025,0.811457514,0.2054668817,1.084275861,0.346748086,0.1777103055,0.7573289428,-0.5016063024,-0.8734937781,-0.7166372201,0.2871075582,0.5320598727,1.073655445
0.1574485532,0.1712390812,0.195823151,-0.1157517329,-0.6960778738,-0.01301167385,-0.1743627347,-0.6130344112,0.2233316482,0.1445069781,-0.2762951755,-0.9880419999,0.7645406631,-1.301828387,0.2040300478,-0.5810018502,-2.467283979,-1.154543102,0.1877615939,-1.161755143
-0.04091434069,0.5663154007,-0.3169999967,-0.2124786027,-0.06412316914,-0.06129784005,-0.8215867288,-0.940267866,0.2836707269,0.8162906774,-0.6507730494,-0.5924368584,0.6592004646,-1.681719994,-0.6348689806,-0.1151037121,-3.546812226,-1.815841497,0.9956686636,0.5184857742
0.5801636469,-0.2007664706,0.01611647694,-0.1142726581,0.06940450313,-0.100814224,-0.006005111091,-0.4821240772,0.1731331904,0.4274160602,0.1954299273,0.4954661885,0.8143476892,-0.9401648002,0.1336698425,-0.03303568786,-1.361822011,0.04070748887,-0.09868996017,0.7227544802
0.4899290978,-0.3297226747,0.4217125109,-0.05782250903,-0.1261036545,0.2420727589,0.6838903728,0.1698153075,-0.2354740322,0.2123116787,0.04329496139,0.1450909347,-0.5760286255,-0.757522058,0.6587864889,0.3608088943,-0.5729851532,-0.1644741734,0.5949251524,0.6098631025
-0.2059471515,0.1958723743,-0.5370419986,-0.1937923167,-0.03668026222,-0.3521931268,0.3624183817,-0.5705952633,0.2582088956,0.3610504105,0.5403967209,-0.1273274068,-0.2932562666,0.3612129831,0.7477625349,-0.7206436686,-0.6572627896,-0.3504984367,-0.124504165,-0.2609469859
0.2992963479,0.3228852651,-0.0841940611,0.02708079508,0.01849330441,0.2099604791,-0.6335301622,-0.6729596576,-0.1049678723,-0.1377654891,-0.8295869818,0.6616129509,-0.0868801797,-0.8407889598,-0.6365891121,0.4853505526,-0.6818160638,-0.08594816217,0.9409100737,1.426937751
-0.191637349,0.5438246409,0.1431796619,-0.5783797684,-0.01882847591,-0.301332659,-0.6393335472,0.4455739396,0.2529787442,0.1918449678,-1.112297427,0.369253541,0.03387334609,-0.7710595978,-0.1335633314,-0.7607589683,-0.7770904703,-0.1363787382,0.2578633723,0.7453421315
-0.2376964884,0.2127946402,0.5099790965,0.060819273,-0.1380153977,0.03367665913,0.2600716474,0.2003853139,-0.5856277088,0.4886911698,0.2277388936,-0.5011153806,-0.7827412873,-0.8152054009,0.4071250821,1.352609998,0.4196680364,0.02972750717,0.9290667166,0.6121496367
0.1330692783,-0.6951434982,0.2719726872,0.1655638926,-0.4841523664,-0.5437047909,1.266226161,-0.808624185,-0.6128928231,0.3318649943,0.881555641,-1.010903823,-0.9552894057,1.06435327,-0.2929886096,1.118607483,-0.9363236912,-0.5569796079,1.247808951,-0.05221322237
0.4770749052,0.05097721789,-0.2817879623,-0.8955622177,0.02716367552,-0.1084140871,0.03016187162,-0.555739649,0.2788749149,0.6870093951,-0.337804942,0.9152302718,0.8291607256,-1.155730175,-0.1175166865,0.1984974119,-1.517894138,0.744288819,0.755030622,1.889809892
-0.004011460071,-0.0742447999,-0.3363981533,1.040035114,0.3716946503,0.4716897623,-0.0126588911,-0.05285872252,-0.4967341797,0.5691784816,-0.03989920501,0.3185549862,-0.7902670841,-0.8725913554,0.6685709982,-0.182227556,-1.007344723,-0.875830847,0.2372870833,0.3630075577
0.3141114486,0.1870126623,-0.03124649074,-0.4488060879,0.4859934936,0.3002825848,0.03398599979,-0.02622796909,-0.7693126307,0.3457841847,-0.2978453658,1.224729362,-1.0956505,-1.536993561,0.5962808257,0.1708025101,-2.170052547,0.9441374382,0.9996935706,2.284748361
0.09272295162,0.3123353633,-0.2096099407,0.03303545086,0.9842964172,-0.1190320141,-0.5166915409,0.5915514162,-0.4778371151,-0.1795595278,-0.9419254256,0.5450781917,-0.3031121141,-0.2148444005,0.1987092429,-0.2541783978,-0.2364722497,0.3944329558,0.00756410657,0.9826179977
0.3657498576,0.0006998024447,0.1374390322,-0.5368170359,0.1178481227,0.2314022665,-0.5610805621,0.277306402,0.05549976726,0.5844063717,-0.8855456568,0.1003153946,0.1594594606,-1.757712032,1.141745242,-0.4862622531,-3.692298261,0.1313208716,-0.4790015501,-0.6223881414
0.1364417363,0.1497298899,-0.07850067639,0.1538084287,0.1298819072,1.40072951,0.3036062156,0.2182546339,0.5892382616,0.2307552305,0.2945718389,-0.8793310039,-0.567631934,-0.01867605968,0.5669293561,-0.5191721801,0.5331570109,-0.5067575413,-0.9214048008,-1.714325927
0.373286207,-0.2104650043,-0.1848533563,0.4184166185,-0.5070499431,-0.1232271888,-0.492084485,-0.2800103336,-0.3644798554,-0.5545678827,-0.3797014069,0.1853806941,-0.4143141943,0.1687793321,-0.4520176522,0.7660531482,0.560307782,-0.542362343,0.09254689583,0.6031230828
-0.2404037974,0.174804656,-0.135887824,0.01965495829,0.2849264562,-0.6473955826,-0.0947258289,0.5853740009,0.2690513124,0.480033138,0.6730888948,0.1343752007,-0.1023101794,0.01086548041,1.252242124,-0.1337740274,0.5246745406,-0.1166142364,0.04221888223,0.2097087324
-0.08990538832,-0.1885956966,-0.4895666416,0.707776719,0.3119000119,-0.1741644308,1.031884402,0.2892372247,-1.224998337,0.076348196,0.9069821356,0.134118098,-1.632218638,0.7808799894,0.2704490291,1.138055708,0.2498990297,-0.7643591616,0.650956912,0.4628639288
0.2908379976,0.339630441,0.4385664106,-0.8352345456,0.3403281265,1.225816705,-0.7721865214,0.801384457,0.3670097152,0.5765611901,-1.586527453,0.5453768724,-0.3668092223,-2.540127491,1.613405717,-0.4382001702,-7.304041259,0.7046357485,0.02746995146,0.5134203179
-0.1863619169,0.1302834443,-0.1960348407,-0.8523714035,0.06082145592,0.187271537,0.02568123151,-0.2261288859,1.09759067,-0.09743125791,0.9217658045,0.2353782761,1.024472054,2.062345541,-0.1517105277,-0.401420524,-4.710892092,-0.2433659572,0.3791523323,0.5957860712
-0.05264294905,0.322671947,0.3774593244,-0.001887479582,-0.4680334115,-0.1751044459,-0.1601555853,-0.6726022937,-0.5191303547,-0.5645158358,0.4914930712,-0.3744399579,-0.8080905368,1.035729877,-0.6820753929,-0.07566861558,-0.7212406133,0.7000586095,0.3828127268,-0.4442821171
0.06773906496,-0.005501444199,0.09500997636,-0.2977867386,-0.1060766439,-0.4426122567,0.00621339126,-0.1701785523,-0.04620116635,-0.3878839657,-0.3047260212,0.2218587427,-0.2773925722,0.7051170022,-0.9088564188,-0.3445883868,-1.26052929,0.8782801709,0.9580322245,0.6685105254
0.001290444794,0.2832742173,-0.6329722809,-0.866064581,0.6002236289,0.3918393107,0.5122578726,0.3995539772,0.6273497467,0.3425817738,0.7317756886,0.03075043158,0.5028006256,0.9133022912,1.002435987,-0.876098424,-1.587692621,0.587665752,-0.1091582527,-0.5137663689
-0.1343669591,-0.02692390156,-0.0214640909,0.07809695177,0.3709384894,-0.2056589744,-0.8472767296,0.07151087402,-0.09544895431,0.1881251686,-0.917699486,0.4092305857,-0.5998178729,-1.441644233,-0.1744569855,0.3890262773,-1.744599756,-0.3087893461,0.8881236225,1.253566015
-0.2226759477,-0.08908566089,0.04665807847,-0.01498524886,0.8698055645,-0.1872209268,0.1429171443,0.01954737348,0.2831304517,-0.7981386411,0.01431987506,0.8792035541,0.175053602,0.8910851302,-1.033489845,-0.1140833587,-0.9840349822,0.1896253202,0.1676169509,0.771753672
-0.7670940359,-0.1693835093,-0.3804377466,0.741898573,-0.7406490278,0.0336490955,1.129928571,-0.4577920795,-0.8689240375,0.05065763053,0.7671393824,-1.138762693,-0.8844386902,0.7344493177,-0.538448875,0.4647228691,0.2344571601,0.4765867892,0.1299396546,-1.052599823
-0.1428311603,0.1445588461,-0.3880752526,-0.8384582423,0.6157594824,-0.08723181808,-0.4365401002,0.5105329051,0.2517132845,0.1046201135,-0.7188873601,1.77479511,0.04224628036,-0.4677110209,0.06428431129,-0.7140431061,-0.2768737358,1.203633502,-0.1129290642,0.9240583561
-0.3670246494,0.00215838513,0.2467748446,0.4402920873,0.234846589,0.1725634235,0.2027341775,0.440267413,-0.5829235152,0.7806306723,0.6794820085,-0.8161531861,-0.6334289984,-0.1897629816,1.559059857,0.6184973676,-0.01558691455,-1.029758759,0.4198157893,-0.3773387395
0.1326629196,0.2084461851,0.2495086506,-0.4922225793,-0.08726052424,0.5264056531,0.1951759262,0.1220604886,0.5999429997,-0.1149393056,0.6513529,-0.1733398255,0.502701868,0.6069626183,-0.06774958926,-1.050119206,0.2255334216,0.007063908358,-0.6414099591,-1.298463374
0.4723125667,-0.2495566253,0.671442889,0.5104092803,0.323429928,-0.02909444295,0.2839070541,0.9313378188,0.2596195879,0.1624635215,0.1435286747,-0.7932163325,0.6548268154,-0.1366527338,0.6514041249,-0.07550174656,-0.5691037529,-0.984498162,0.6570891696,-0.102321248
0.602322929,-0.3788520514,0.3577207912,-0.004745836099,0.0009864193466,0.1039643617,0.7157528694,-0.1826322282,-0.07417149973,0.2389934175,0.4715032037,-0.7578994188,-0.9511353988,0.2743124074,0.3938611538,-0.2318520373,0.6349303235,-0.6629954509,-0.8392941508,-1.25583662
-0.2624874926,0.24706292,-0.5152350444,-0.3406138505,0.04125614428,-0.2486453996,0.3446841396,-0.4616021952,-0.0643096579,0.2911040916,0.613602949,0.04435577338,0.316753554,-0.1941963206,0.4301011359,0.4128264235,-0.208087856,0.3117860155,0.7913836983,1.112978358
0.4583864025,-0.1171588765,-0.3575951558,-0.3431968328,0.0788262073,0.2293938076,0.2292689512,-0.4285486433,0.1504425745,0.02125348816,0.007197604892,-0.3081651399,0.3772388432,0.1347335438,-0.5800625414,0.01985173324,-0.09732394015,0.3587004752,-0.06698448038,0.4665197702
0.6300520709,0.09498049261,0.3856388078,-0.97301794,0.0540365982,0.8489023298,-0.1961997715,0.3130017162,0.1632758328,0.2072988079,-0.2274555633,0.2896683777,0.2630823056,-0.4191420964,0.5599197348,-0.4733386108,-0.3843081163,0.5684906851,-0.4673924763,-0.114279773
-0.3394808347,-0.2426140978,-0.6079758897,0.4094576197,0.3023168002,0.06714189926,0.1177360657,0.007201489281,-0.8409042645,0.2288058806,0.772836595,-0.3832695006,-1.504771428,0.5647149389,0.05400049532,1.402318415,0.3042240783,-0.3083483547,0.5891664931,0.1423529628
0.07792425811,-0.09972283055,-0.6250045314,0.7003470143,-0.03766459627,-0.3888920297,0.06383567209,-0.3565541467,-0.6434415912,0.9531424038,-0.1768760847,-0.2008278907,-0.7016082447,-1.503811984,0.899884165,1.094874027,-2.172505293,-0.9199893134,1.944070747,1.316155086
0.1833614915,-0.2212566719,0.3970303378,0.3181463752,0.8676573777,0.1995882313,0.2367192179,0.9806571364,-0.4211769332,-0.6211480181,0.6194389964,0.4323613801,0.1582440678,1.364068945,0.8477731935,0.2036249526,-2.423093858,0.2901978078,0.2170595665,0.1639990813
-0.02019102068,0.30817144,0.116111136,-0.4159367672,-0.08685634805,-0.3816963799,-0.4201220635,-0.05783846612,-0.1031807072,0.2010280407,-0.3830234466,-0.8767158965,-0.6835439248,-0.3993892486,-0.4190713592,0.1902954329,0.7166003132,-0.43193825,0.01516060656,-0.6727664755
-0.2899285697,-0.07319253301,-0.09286930248,0.7270902484,0.1510557417,-0.4155697208,0.2877802473,-0.3489120791,-0.3988394879,0.1061595665,0.8159259703,0.638508457,-0.696143436,0.4037376496,-0.6952465132,0.930423353,0.260757737,0.1770570947,0.2709768679,1.1778463
-0.1132998831,-0.02537281601,0.1525767512,0.323083228,0.08592493987,0.5210570554,0.1898501335,0.1594157849,0.1977987836,-0.5469218996,0.2319578123,0.2966909442,0.1647097283,0.7879879393,0.0132433579,0.189084867,-0.7073260932,-0.3528699936,0.3005614926,0.9423465741
0.1515909077,0.04948170089,0.2612453081,-0.5898837184,0.0392945091,0.0691817189,-0.4671043382,0.05513640843,0.2298712417,0.1432897387,-0.8835177657,-1.164562595,0.3502687109,-1.019759718,-0.42394319,-0.4551560907,-1.459358998,-0.414719139,0.5942547457,-0.8884022281
-0.02270641206,-0.1270280203,0.04065649187,-0.1498735381,0.4694574529,-0.27379477,0.4236059029,-0.05088392702,-0.0370697003,0.269199618,0.2205242888,0.1686723976,0.2869753431,-0.6603642903,0.1486289548,-1.011518951,-0.2365671702,-0.3484842485,-0.6366049176,-0.4048156712
-0.09416726487,0.2133108233,0.4912134628,-0.316807512,-0.4773070768,-0.2808157162,-0.1582017448,-0.1799724878,0.2501340161,0.1447445951,-0.4421658812,-0.4662953722,0.0969513597,-0.7776850501,-0.115308265,0.3191407948,-0.6273896749,-0.07146063208,0.6113600902,0.06954339348
0.05888862448,0.203114085,0.1030461495,-0.2034441456,-0.3901037753,-0.04039957647,0.0887430165,-0.07597730744,-0.2676819095,0.3989673586,0.1870159894,-0.216747162,-0.1449697597,-0.4033283754,0.700130059,0.589136107,-0.5254686844,0.02021191334,0.8857232813,1.007905468
0.05087464955,0.5070001082,-0.4061751457,-0.2181931383,0.4459943841,-0.2903730126,-0.7579301576,-0.04628496381,0.4291240417,-0.6549841292,-0.8952865067,0.1466411748,0.1033916137,-0.5296920686,-0.2381507018,-0.7304535234,0.3088223506,-0.02873346031,-0.745333589,-0.2771230072
-0.3863994858,-0.4884228132,0.3840357713,1.113731553,0.2454469756,-0.3782138975,0.6373793763,0.5162169079,-0.4233079176,0.2467839022,0.2600754964,-0.7278878128,-0.7411097004,0.2000206794,0.6103601529,-0.2732159131,-0.317895845,-0.3857732027,-0.1158306943,-0.8515235646
0.425234194,0.1952476233,-0.2463901268,-0.5615825002,-0.5016929564,0.4046866107,-0.1782267932,-1.08520544,-0.03368930349,-0.3664133152,0.1028888734,0.455474428,0.444537118,0.6106746935,-1.098817234,0.1493557181,-1.173475804,0.2509430838,1.169442517,1.218276381
0.07879218368,0.5135824955,-0.409310662,-0.2221963936,-0.1765871938,-0.1827582907,-0.2252086384,-0.3139172922,-0.08339614241,0.5102073221,-0.5028523499,-0.9712109654,0.03448314438,-1.05594432,-0.2186265036,0.4766355326,-0.7403708583,-1.261687662,1.053482731,0.05242927484
-0.01142772095,-0.1048042535,-0.323212201,0.6864444394,-0.4147911961,0.2804464244,0.2543735605,-0.7253111653,-1.249501434,0.603096386,0.4816680954,0.1602807172,-2.255661826,-0.2174124534,-0.1400099742,1.387758182,0.9852030259,0.05670301577,0.6469445154,0.5033637636
0.2792909386,-0.4469397682,-0.3155845622,0.7906129188,-0.4824972043,-0.1194550984,0.6387948041,-0.759517242,-0.4737492473,-0.1431324632,0.3796003178,-1.320920332,-0.3025541826,0.7437956264,-0.9516081846,0.8332039168,-0.6519032172,-0.8563011776,0.8587750222,-0.5002892797
0.2837647572,0.3022530022,-0.783507817,-0.7388089279,-0.2549329025,0.0838345583,-0.45083085,-0.5534031688,0.2921869091,0.9471444137,-0.1463078514,0.1819776237,0.1437774904,-1.569925655,0.1360496409,0.2523291555,-3.468942183,-0.08656527421,0.9856369553,0.9719775329
0.4148212228,-0.04996752726,-0.07544941217,-0.3101385744,0.1722589691,0.1866302133,0.3663946791,-0.08529878742,-0.2593221588,0.1191411571,0.8261720078,-0.839464125,0.09436108596,0.9674502978,-0.1514695237,0.746441603,-0.358143439,-0.6312679811,0.954087326,0.3716080313
-0.6531565298,0.09154522975,0.2137016738,0.3019901948,-0.2706595116,0.01541563959,-0.1451288531,-0.2860687876,-0.3017524774,0.2216037424,-0.4254936279,-0.7514285722,-0.2180808517,-1.05122173,0.3779865948,-0.1367849617,-0.5817638613,-0.6762484121,1.354806713,0.6343939942
0.4197727102,-0.04062782684,-0.08455869993,-0.539521901,-0.01129693774,0.5092899654,0.1284442251,-0.2855048997,-0.1177664942,-0.1657673328,0.4075605747,1.010246667,-0.0993281046,0.06685683215,-0.6036549293,0.1028543915,-0.1888457735,-0.3876043987,0.3854952326,1.114644875
0.2214407658,0.03131682772,0.4035678456,-0.2874054797,-0.0528401464,-0.2615431986,-0.129983456,0.1882596246,-0.06141315863,-0.7308786226,0.2404837926,0.5597685047,-0.3932963091,1.118451508,-0.2845313459,0.05192223548,-1.664582043,0.7365593598,1.194491053,2.316335573
0.04162600579,-0.2306195103,0.4008121952,0.2768810705,0.2462905435,0.1084533499,-0.412097406,0.3334387542,-0.5011103985,0.312158437,-0.5340805303,0.4431157058,-0.4036591793,-1.428490312,0.4760435414,0.1209112603,-2.700045326,0.04292452478,0.9222190955,1.686516807
-0.6352184115,-0.0686017329,0.01402606108,0.6392623312,-0.0692008781,-0.607319343,0.004461227959,0.09402449613,-0.3315257552,0.07610162156,-0.2419303994,-1.074412335,-0.4334550765,-0.5450138118,-0.04634180894,0.02750617604,-0.25625922,-0.8676367534,0.5563809573,-0.300599706
-0.1693826344,-0.1756630918,-0.159185196,0.9537496942,0.05748964993,0.2589214376,0.3189125924,0.2544146484,-0.4268477188,-0.276669806,-0.01746373786,-0.3525542585,-0.7823815182,0.104850914,-0.2205014273,0.5155196217,0.5249835177,-0.9324633521,0.1414009918,-0.1665615489
0.05759247292,0.01196004637,-0.3251658365,-0.2268409168,0.3645387667,-0.5820765436,-0.4688949289,0.02693071769,0.1885203806,-0.7155547146,-0.5296040028,-0.3767904594,-0.09980762781,-0.276074523,-0.3960274659,0.01940019195,0.5010042995,0.3123684059,-0.7298754195,-0.8890901476
0.023257395,0.5676879585,-0.1548440949,-0.2676095064,0.1094469813,-0.3682872005,-0.5126839653,0.08913354477,-0.4749014388,0.3827827218,-0.8485232835,0.3357770407,-0.3838668701,-1.287065512,0.521227733,0.6673036627,-2.047029497,-0.6770359946,0.6435804283,0.9327686655
-0.1325055855,-0.1425316554,-0.1928235179,0.5676504427,0.06688930251,-0.3997884486,0.2842686424,-1.15705335,-0.08691425785,0.09489202915,0.3726437084,-0.3695787509,-0.3922037911,0.260395166,-0.672640194,0.1738872596,0.5231689195,-0.06897662272,-0.667072347,-0.6676844077
0.5267663733,-0.1692257982,-0.3364793838,0.3452649637,0.09011258597,0.8646700262,0.2142403976,-0.2560748727,0.4531730311,-0.09913771851,0.4293812447,0.6674964832,0.1024492284,1.041774241,0.2651000629,-0.1439237379,-0.6011986625,0.4904341727,0.4481407492,0.9791180061
0.303692784,-0.3542530381,-0.3951274251,0.3269740724,0.3053384727,-0.2530284055,0.6490328169,-0.386216181,-0.8458788993,0.2551653653,0.2793201012,0.8902543701,-1.081061097,0.1974907598,-0.8116520473,0.2516535002,0.9380291169,0.7110289016,-0.1568998659,0.5354475717
0.5341042585,0.1136429368,-0.05512640934,0.09914707264,-0.5766890252,0.3469201077,-0.06189122914,-0.5474027399,0.4236619091,0.2817548742,-0.3157926204,-0.2149539841,0.4733148751,-1.62496518,-0.1861031171,-0.3020271911,-3.59474153,-0.4015668969,0.8738413576,0.9452393426
-0.08455576617,-0.2680039001,0.01834027877,0.5281069696,0.1149530984,0.6873484631,0.3867163026,0.1132890814,0.4675828996,0.233815274,0.3048398915,1.767135243,-0.1907726633,-0.0891530289,-0.1521334812,-0.837544433,0.1137877043,0.3771356829,-0.9294943725,1.065205672
-0.092055862,0.7588837301,-0.2007230473,-0.8468352656,0.1475405814,-0.08006133471,-1.031943745,0.3008462242,0.4511554314,-0.2008767404,-0.6431789691,0.991720429,-0.6891280058,-0.886913478,0.1543423645,-0.4579051418,-0.2832551349,0.2427918511,-0.3161486496,0.8647108603
-0.2000399929,0.1852796642,0.4069341628,-0.04387685187,-0.4638984702,-0.195250542,-0.2575689793,-0.1782149113,0.2511253103,0.5121784724,-0.3507586565,1.945644256,0.8540219797,-0.825147516,-0.2948851018,-0.5110957563,-1.017298977,0.3967283765,0.1579002075,2.270586366
-0.4673508955,-0.5754059594,0.00439853239,1.07091464,-0.459537275,-0.2495849958,0.7995032112,0.07409201773,-1.6400286,-0.100416901,0.7232934256,0.06475552224,-1.821819882,0.5223448502,-0.08412449488,1.272470223,0.6591298345,0.86899826,0.3692722357,0.1959550553
0.3938819604,-0.3127566268,-0.6701675188,-0.02410522651,-0.4541963738,-0.3696998514,0.1198890672,-0.3847968029,-0.07773532768,-0.1745184655,0.8335231653,0.9524606372,-0.4996636824,1.110152617,-0.7880142059,0.7251085272,-1.38095766,1.084236476,0.3892032603,1.445857757
-0.2240142653,-0.1565267824,-0.06240963469,0.2866125194,0.3114099777,-0.5144058702,0.02300642701,-0.2886318671,-0.2404975377,0.03250085922,0.4899356875,-0.3163660394,-0.5168953728,0.8272013206,-0.4788923571,0.2833846021,-0.2490008803,-0.1931731548,0.6305739474,0.5153036757
-0.1903642826,0.7166388975,0.470424879,-0.3960478738,-0.07488948883,-0.8203604089,-0.863037518,0.5211131834,0.5399041709,0.2548907956,-0.6618238618,1.001400878,0.24667575,-1.41425611,1.206781328,-0.3750913419,-2.457089052,0.3395869023,-0.6079903335,0.5122577345
0.3349633046,0.07920395329,0.3294014925,-0.04086991313,0.07163931704,-0.02297678956,-0.5498631562,0.08818102723,0.4187709609,0.0732675717,-0.1651735423,-0.06772267481,0.2133182475,-0.2991516283,-0.02104109809,-0.5258825321,-1.062246453,0.1127285883,-0.01414052083,0.127239723
0.2665245423,0.292176492,0.4505020505,-0.9168630226,0.2664923553,0.2065690774,-0.5923275318,0.3393252075,0.7281602197,0.2389920658,-0.9306105768,0.04621361975,0.5984964935,-2.029810797,-0.2857820107,-1.521185545,-5.099418252,0.1611344139,-0.007098839883,0.008475635409
-0.1018671935,0.05131251108,-0.5070387529,0.4521934407,-0.1531348792,0.7416461405,-0.2072612693,-0.7547405122,-0.7010286507,0.3227990416,-0.4488774465,1.070413947,-1.099132717,-0.7697544684,0.4797439138,0.81555574,0.1618260485,0.6951707991,0.0176489374,1.332158382
0.03036396979,-0.3630357032,0.4171913692,0.3433647311,0.247947852,0.1128172442,0.2271403294,0.5929778024,-0.1398797185,-0.5722483837,1.324547065,-0.3910920111,-0.5368101765,2.686192875,0.2486013554,0.573441148,-8.19094983,-0.5708782597,0.6958888374,0.81643229
-0.06503482885,-0.3013498028,-0.1479707432,0.3177693143,-0.09260203242,-0.2545073714,0.7821215954,0.01564777173,-1.001379048,0.1559102986,0.4911060162,-0.05358413427,-1.086521644,0.3994846659,-0.2037711626,1.173845617,0.3426092476,-0.1223683076,0.4939794713,0.6951818011
-0.4020379331,-0.07412458436,0.3573886727,0.159897124,0.5123396892,-0.6944498037,-0.6353130448,-0.07921554058,-0.04413004756,-0.8028585412,-0.2707500144,0.07062149455,-0.5722447546,0.5577675535,-0.2755364673,0.08431370008,-0.9122023505,0.1189584235,1.109651253,1.221670479
0.5065162935,0.2648131567,0.0357165589,0.05252893722,-0.2059090646,0.3340378866,0.06267185322,-0.007294936695,-0.05517641846,0.08932522966,0.2027436051,-0.5429532339,-0.1082850298,-0.2910846119,0.7125931474,0.1113680244,0.2006593513,-0.4655123151,0.3421614862,0.04616707807
-0.5038640001,0.2819840122,0.2878541754,0.3747247144,-0.3883321601,-0.00163502467,-0.4921784389,-0.1938009188,0.2560892561,0.4641960247,-0.6003990432,-0.006377900183,0.226435317,-1.279737101,-0.0253645797,0.2216591527,-2.108106725,0.02128597581,0.7191528244,0.8961937964
0.1457722539,0.6145637198,-0.06512768615,-0.214981144,-0.06242177069,0.1342423392,-0.7352498809,-0.3213677581,-0.002178072717,0.1047322832,-0.1466248124,0.3954759913,0.3862136981,-0.2276688425,0.02664782139,-0.1068670683,-0.1910089104,0.3605255344,-0.3196967579,-0.4334569596
0.3892451769,0.2635694498,-0.5176848957,-0.6028031209,-0.2196514784,-0.377274303,-0.4994291743,-0.6852495203,1.442412478,0.8759893669,-0.7556929415,-0.4655537882,1.631012364,-2.034218126,-0.06968297929,-1.096421973,-5.657599091,-0.4148584703,0.1416852376,-0.5010953385
0.1877511357,-0.7058597762,-0.01516346757,0.6973309396,-0.0975697797,-0.1679615236,1.542085506,-0.4898425765,0.02026089424,-0.1896513911,0.7624817508,0.1971598963,0.7173336285,1.72421731,-0.8347583578,-0.1478683466,-3.442771058,0.2655998612,0.5324796308,0.7688073257
-0.4691880172,0.1556665141,0.02594662568,0.4722395122,0.7094718076,-0.3873813776,-0.6885669865,0.3957771069,-0.4391901414,-0.01626528588,-0.3809329934,0.7240932948,-0.5171337473,-0.3340414305,-0.03894098971,1.105648091,-0.0004799643173,1.674626848,0.3378371577,0.9213881761
-0.07781711119,-0.08912065756,-0.2974043646,0.440760053,-0.2036008229,0.4846607997,-0.3504526972,-0.171685802,0.1302987368,0.4793448222,-0.1498316282,-0.1489707401,0.1429067815,-1.059511607,0.1847367262,0.2095587691,-1.964303384,0.1427117632,1.236332275,1.568452673
0.0160237001,-0.1063791176,0.244858246,-0.1615773488,-0.167248898,0.5284796775,0.1583745274,0.1226619404,0.5854054251,-0.04066932721,0.229443576,1.131365108,0.1624720318,-0.2217441852,0.009376757622,-0.8435795109,-0.5339167467,0.8451073069,-1.000638513,0.8343041438
0.7991355993,0.07039284047,0.07467677711,-0.9104515329,0.2043979719,0.7406815806,-0.3451451298,0.7927670245,0.18139448,-0.4067933533,-0.4984933273,0.1264718553,0.04868644814,0.09014245385,0.3769333449,-0.1120596705,-0.006287644948,0.3161360409,0.7307316786,0.9165133858
0.623108934,-0.439677366,-0.2290688943,-0.3855690207,0.332075483,0.1537121425,0.01678046424,-0.07307122926,1.181331369,0.7717213718,0.471578062,-0.5908990855,1.183952318,-1.207491446,1.105249366,-0.8803183178,-1.961659835,-0.5075382311,0.1676015538,-0.2727437491
0.04548542073,-0.406282003,0.3766933431,0.5740191762,0.1815097047,0.3154626128,0.05904523376,0.8644816553,-1.061864544,0.6224495192,0.1742596859,0.6027650466,-1.11760358,-0.5120949637,1.478905964,0.8157584742,-0.03176657328,0.07270063788,0.8368749152,0.9658998326
0.3440729906,0.1090209288,0.00309708825,-0.238169116,0.2840648028,0.148642161,0.5026157621,0.3262510145,-0.5432959064,-0.2000189032,0.7624140892,-0.4603081448,-0.6843430734,1.043144534,0.4385108069,0.6278945819,-1.222477986,0.01765751631,0.8071635983,0.4645322881
0.1837409283,0.5239387023,-0.2374164028,-0.6185411125,-0.117818819,0.5985518514,-1.09225901,-0.6915204254,0.5633701714,-0.5702930403,-0.4847075549,0.8519725612,0.8964295862,0.4134843783,-1.025120017,-0.4296801101,-0.4536968175,0.9480696934,-0.5035740016,-0.2543863936
-0.1624320587,0.3663568797,0.4234130309,0.3442842411,0.03596973754,-0.6236285659,-1.433757155,-0.2627537935,-0.515720717,0.3168320735,-0.5342771136,0.3683692715,-0.7581251484,-1.147348352,-0.39216867,0.6590587039,-1.063909753,0.4285451044,0.7985646142,1.415452938
0.2198515208,0.1353199427,0.238474584,-0.3610402556,-0.224507821,-0.7534450682,-0.06924037684,0.2671239154,-0.001567191314,0.2855921391,-0.1455287836,0.9055770379,-0.1439769404,-0.4087902832,0.7479187864,0.3702850934,-0.0104960956,0.8442996273,-0.278249764,0.1122686182
0.05081986179,-0.3391656046,0.2826831026,0.3819021185,-1.166737894,0.06698334787,0.7510728841,-0.3147484132,-0.8394315758,0.06204179874,1.138956882,-0.01096914228,-0.2051375721,0.7436951953,-0.5486770332,1.183839492,-0.3095803751,-0.217186877,1.388644138,1.555609152
-0.5937060434,-0.2234624206,-0.1255377695,0.8603047035,-0.255728911,-0.1165074371,0.2542688183,-0.8500107254,-0.5703857086,0.2126751853,-0.2325354734,-0.4752444848,-0.462543955,-0.479572565,-0.3226419813,0.8038521061,-0.3007483793,-0.5832230528,0.8676222125,-0.07318591019
-0.04814826449,-0.6096731906,-0.1098081053,0.6255717217,-0.6669735641,-0.1502816855,0.7269888333,-0.5112137459,-0.320879678,-0.1046721363,1.076487747,-0.4160761843,-0.09172575495,2.141532922,-0.9281883683,0.02637008016,-5.47861616,-0.06070832977,0.8201898281,0.4759790184
-0.3997449142,0.3107004575,-0.3735804772,-0.4952473789,-0.01994416112,-0.243993787,-0.9598941649,-0.1808477327,0.1911070414,0.7682529916,-0.905405707,-0.1030947758,-0.1835973076,-2.018397739,0.5167468365,-0.5808376631,-4.497193326,-1.046346885,0.2455785589,-0.2864014616
0.481559539,0.0280672956,-0.3632340205,-0.2352447369,0.2636851186,0.4377632047,-0.1343523365,0.2296384881,-0.05574044792,0.05299236646,-0.4996456558,0.5457118828,-0.07864178155,-0.6870584725,-0.3450689078,0.2210462399,-0.5373506347,0.5567144757,0.888845638,1.627523729
0.3440320891,-0.5092326411,-0.1002140544,-0.2247405696,-0.3442360998,0.3124637687,0.5196198107,-0.2248990726,0.3976505052,0.7088525892,0.2982004251,0.2578481096,0.2971599473,-1.02651277,0.1555830033,0.02386568768,-1.268476365,0.03166513171,0.7591855932,0.7757671038
0.5658930739,0.05027749532,-0.03298209373,-0.2140222393,0.9420704665,0.6470913289,-0.5891010645,0.994921101,-0.005232508276,-0.1394953535,-0.1907622856,1.090109189,-0.498763228,0.2076702229,0.7769058302,-0.2463672939,0.07253965169,0.3055811902,-0.07500271545,0.9160008717
-0.127167469,-0.3289587267,-0.3204771841,-0.4176511842,0.07028208268,0.1174394199,0.6056564794,0.08310863455,0.8408551199,0.06049660844,0.3537918892,0.09540851646,0.8723887686,0.143889418,0.390242413,-1.356759701,-0.0172661628,0.4602593585,-0.5970627766,-0.789697736
-0.05243851945,-0.2765784085,0.2593638595,0.05146549696,-0.2518451701,-0.01256741122,0.03989701749,-0.1378262734,0.2079076549,-0.101280434,-0.3624714539,0.1793611601,-0.131323507,-0.02126291129,-0.604521953,-0.7740436195,0.1225350344,-0.1251772034,-0.7969379352,-0.3231107645
0.2107693502,0.5585372717,0.1078643938,-0.5389648049,-0.1024694025,-0.2197200677,-1.053576008,0.01633607091,-0.2290800902,-0.1368751282,-0.3774445113,-0.2525327796,-0.633780477,-0.8163796795,-0.3649426587,0.7994994815,-1.032917307,0.8928322463,1.278005679,1.496065719
-0.02830329,0.163450688,0.03174763791,-1.052719541,0.1087983736,-0.9055964991,0.2766774575,0.3609434795,0.6897745022,0.5070765429,0.4425496367,-0.4711000664,-0.1576162582,-0.6789002612,0.6458830616,-0.650805687,-0.231416534,-0.03411076641,-0.8674638004,-1.590344974
0.04062902015,0.4656479398,-0.05086681182,-0.0875998063,0.1260164212,0.4684959921,0.009897292614,0.5119269841,-0.003290175483,0.2890925121,-0.2468754905,-1.704375558,-0.3772147182,-0.2839325857,0.09816299001,0.01969979917,0.7409681527,-1.482260179,-0.7110517083,-2.475095515
-0.5187649915,-0.2478925767,0.6086426478,0.6222857032,0.4848307652,-0.01804877128,0.09043894757,0.6381822416,-0.02650070318,0.2752786337,-0.2749835722,0.1141683914,0.463220812,-0.4088442593,0.2642622151,0.4393097706,-0.3983546288,-1.025229837,-0.05001584053,0.1284784019
-0.1332232446,0.2200897755,0.2165787508,0.3932050342,-0.3739319934,0.377816444,-0.1769419205,0.1252591824,0.09392416283,0.09753803955,-0.2372014353,-0.08387726168,0.1181843211,-0.4909615848,0.3532812116,0.5022833674,-0.4649197652,-0.05752177404,0.6258220419,-0.3242226437
-0.304982591,0.2174642252,-0.08136365289,0.1236584643,0.5943920401,0.06358658169,-0.1281485009,0.5146712805,-0.9252621876,-0.1668641793,-0.1966346447,1.015413607,-1.322482462,0.3023965427,0.1301044573,0.5203563979,0.5621451213,0.8990923884,-0.1515682499,0.933729551
0.1420248947,-0.002817996848,0.6706660477,-0.4242001001,-0.4244680067,0.2358421691,0.1496065119,0.4619769747,-0.4065126344,0.5618846922,-0.2509996708,-0.06047416232,-0.1846630571,-1.465777826,0.5931309251,0.3803258075,-2.078451037,0.9221384604,0.4491868954,-0.2029621723
-0.1002466126,0.2991287967,-0.3090884407,0.08821141946,0.06338567397,-0.3955371791,0.04134274326,-0.3537036248,0.05390292644,-0.3024934948,0.4331508581,-0.3762937171,-0.8749409417,0.9468898191,-1.072580072,-0.6498457779,-0.4280252298,-1.386326974,0.09302332021,-0.4365343367
0.06510991649,-0.2430250548,-0.06700238353,0.04476828421,0.1675266762,0.9608456905,0.3057779789,-0.3335219973,-0.6686925495,0.3480646242,0.1616720639,1.110980244,-1.278418086,-0.4497354303,0.3880347384,0.8734743782,0.5453544961,0.5575363727,0.2648362439,1.654660703
-0.1051108226,0.7072473443,-0.1139559007,-0.5033555442,0.1887557935,0.11402045,-0.9332846258,0.6549859757,-0.01904627695,-0.2900964495,-0.7028268098,-0.3437731118,-0.02374177096,-0.4644203292,0.4427672029,-0.1894035264,0.07336796829,0.1209191565,-0.415802453,-0.381688084
-0.1976493426,-0.2083744668,-0.06586141764,0.690781128,-0.3522596777,0.09042433564,0.6245672571,-0.5935113733,-0.6977354272,0.1854789516,0.08323769995,-0.6016381573,-1.168227375,-0.7167763945,-0.7539149101,0.4480443009,-0.549898033,-0.04814981616,1.013529619,0.5992178157
0.1270368166,-0.2125205022,0.1538261483,0.2142143761,-0.1050350991,0.09322399725,0.2689978756,-0.07301521377,-0.07298779826,0.114411009,-0.5863439652,0.5146925351,0.07985582089,-1.223011644,0.3061274548,0.07732041218,-1.563963191,0.8007900151,0.9013560588,0.9489947706
-0.2334540117,-0.1495356826,-0.4508010033,0.8852794382,-0.07241196937,0.2412956052,0.5992074499,-0.6740579132,-0.8072526313,0.5859951577,0.4051608561,0.1210015114,-1.179424764,0.03846473015,0.2953254482,1.061572893,0.1153912712,0.1852785603,0.6505496288,1.215581012
0.3582784127,0.3240661569,0.7294583042,-0.1870373382,-0.3024648327,0.5211512628,-0.8193823179,0.5464060105,0.3893787681,0.1172220776,-0.3948686463,0.2034363187,0.3672652761,-0.951079469,-0.1145190686,-0.7018118188,-1.727753059,0.08963408128,0.4897882828,0.4874679103
-0.5292022402,-0.3336566388,0.1477061018,1.347976229,-0.2381162959,-0.6596328899,0.1309793831,0.1410366559,-0.7532627951,0.2266319905,0.05689068015,-0.2435007059,-1.701099139,0.06603850893,0.5094463547,0.8965262616,1.021954802,0.5775614882,-0.9600417861,-0.8617550696
-0.02073341407,0.3441816991,0.09552000076,-0.6056512327,0.4562731824,0.2913121293,-0.4441154349,0.748768686,0.5410083387,0.2174771033,-0.04880653028,1.235917493,1.118085634,0.6927241079,1.196303152,-0.8040272296,-1.452982926,0.2854430153,0.1183991795,1.170041193
-0.282746263,-0.3781593132,0.02876383267,0.4532048703,0.09176411001,-0.6444801148,0.4506263895,-0.7179057563,-0.627285773,-0.2927870994,-0.4676035987,-0.1094855416,-1.125060656,-0.04885816509,-0.9719687812,0.1510746793,0.5062600537,-0.127287272,0.04122727882,-0.4925343524
-0.3507595814,-0.2386378336,-0.7852239766,1.352195551,0.1792969143,0.1203316667,0.6343629935,-0.2000213587,-0.6884483205,0.7161406365,0.2845737445,-1.11798729,-1.111938964,-0.6547552873,0.2655457185,0.1976834333,0.0872178827,-1.276722444,0.280978866,-0.81026654
0.1515323048,-0.1488129712,-0.05605914666,0.3780981,0.1019366393,-0.2720453584,-0.1123355521,0.0436541274,-0.4912875563,-0.2452748753,-0.1732778997,-0.5108023689,-0.6897780995,0.08872423542,-0.5342509157,1.174997894,0.4657098559,0.20559334,0.02771163533,0.1411835194
0.1116689021,-0.1060411634,0.2762620056,0.7931253942,-0.3288162957,0.411958221,-0.2501265948,0.2879548703,-1.099546438,0.06602689792,-0.05697081838,-0.8906219196,-0.8823415233,-0.3161349966,0.1652087191,1.253314281,0.8113591836,-1.248359205,0.6800113528,-0.2183942731
-0.7097410796,0.6567651088,0.06379965056,-0.5102376282,0.3825943765,-0.6088536789,-1.173857875,0.576017631,-0.2496635506,-0.2016447306,-0.4048439191,-0.02526147857,-0.8808229811,-0.60211006,0.2491212629,0.4945465998,-0.09924416726,-0.2451194679,0.02400373418,0.03566238001
0.4664599841,0.2694534614,0.1954645416,-0.9119356181,0.2434842507,0.2721004399,-0.4556614091,-0.0171797507,1.009449215,0.06136359838,-0.8761728379,0.5498522036,1.829858651,-0.8291238332,-0.6778273518,-1.029097399,-1.307549204,0.5882236517,0.02217311617,-0.1015476627
-0.404623006,0.3153728728,0.2142352152,-0.02595293182,-0.4808321873,-0.2122958376,-0.3556393374,-0.09353134968,-0.4797945478,0.1243382954,-0.3210798119,1.274837583,-0.7185692355,-0.08670539424,0.06282276232,0.4362107607,0.5372623013,0.6133865408,0.2643773875,1.856292847
-0.1131129096,0.1240905195,-0.7545472297,0.2393870048,-0.5073719697,0.4246024182,-0.5284879023,-0.8829441195,0.1049802838,0.3468482595,-0.7792456758,-0.8783879299,-0.07395322989,-1.570936582,-0.2431459934,0.6865540346,-3.021672159,-0.8059689211,1.30352314,0.433442295
-0.2671723335,-0.1253468198,-0.2089372689,0.05057040464,-0.101821532,0.4388965979,0.4590431766,-0.5540430126,-0.1097713433,0.7094847868,0.3992817648,-0.8094502396,-0.1894636366,-0.3114346257,0.3515795036,0.5573583567,0.2743532038,-1.1039256,0.357508672,-0.3775513757
-0.318294514,-0.1359363344,0.7843607087,0.8497481356,-0.5471709383,-0.3896468869,0.3056439529,0.305012182,-0.1124360303,0.1780865535,0.9266090832,-0.2881889668,-0.0989829722,1.186503814,-0.09611002134,0.1271770342,-1.383812996,-0.0281047343,0.3257023523,-0.04168904907
-0.03598029226,-0.04325452313,-0.3192302015,0.2059763694,0.150311348,0.2892450209,-0.353829898,0.2974834934,-0.5698470416,0.1004093866,-0.6262445778,-0.04854386127,-0.3264144352,-0.7860488873,0.2193626457,0.87371748,-0.962755738,0.5396934376,0.5882928041,0.4252045828
0.07657976115,-0.1103018145,0.06287299802,-0.2328154562,0.3174857002,0.02012451413,0.3431674524,-0.1009291207,0.3624983385,0.1864916543,-0.03385353441,-0.1581790026,1.270628623,-0.1976589249,0.07983049053,-0.9664684154,-0.08784180715,-0.2023697396,-0.664715779,-1.240446667
0.06624886413,-0.6219529932,0.05109584399,0.2580316589,-0.2309583788,0.401823673,0.2160882389,0.03481424206,-0.4380850943,0.6834058172,0.1009237862,1.284720197,-0.7144200954,-0.5559722621,0.5887939424,0.6338438005,-0.1179898791,1.784444442,0.104467455,1.484886607
-0.02690323251,0.4446015303,0.06606273739,0.08207570387,0.4354232079,0.3324946828,-0.2305467079,0.2296693032,0.16754651,-0.3556131836,-0.3747217287,-0.06650820816,0.3247954095,-0.5243150874,-0.2450095814,-0.1376021974,-0.8533675884,0.3591454141,0.2935784357,-0.04125317501
-0.1468343978,0.1487279226,0.4438955207,-0.469090896,-0.4768114021,-0.5226824421,0.3592480172,-0.5129618332,-0.2127271087,-0.2987224904,0.2328620037,-1.262868293,-0.8193163715,-0.08951143156,-0.7452522076,-0.5275423696,0.1824575298,-1.521201261,-0.2307939925,-1.692470177
-0.07046709141,-1.108242317,0.4091582974,0.8481369321,-0.3142136913,-0.08287527608,1.08478022,0.1506790635,-0.1144506324,-0.2595960563,0.3902608531,-0.4265479786,0.07965051273,1.022219771,-0.1774259419,-0.05139807545,-1.131753518,-0.5906043394,0.6376272198,-0.04185902762
-0.2502347626,-0.4824131224,0.2316492596,0.8610230581,0.2862115752,-0.3984892473,0.1680545313,0.6031790467,-0.4932323408,-0.07816925846,0.3098801831,-0.633350257,-0.9036290788,0.05093628065,0.2152566316,0.5267401421,0.7090025696,-0.4599227369,0.1785520287,-0.5215959733
0.1402361725,-0.151208062,0.2023662983,-0.3869936289,0.08809619089,0.2949222317,0.3237373188,0.4680550159,0.122862792,-0.2871656843,0.5565597633,-0.1034845779,-0.4228872476,1.187809532,0.0776061968,-0.02818806181,-1.753699837,-0.1003762695,0.3618006475,0.1616170152
0.3155917084,-0.08968701731,-0.3905698958,-0.07052336792,0.1750094251,-0.111007491,0.0789702511,0.4695042423,-0.4687938741,0.7726402282,0.4502759834,-0.3346934678,-0.161373742,-0.2925536834,1.886401989,0.6448466914,-0.4960773259,-0.6083754121,1.058246418,0.9753404453
0.375259468,-0.1070711239,-0.0298087364,-0.25451046,0.04520795042,-0.264698522,-0.2934081058,-0.2779367157,0.6275503009,-0.7328049441,-0.3821495875,0.3293950285,0.6024983401,0.6693328523,-0.8032967298,-0.966479503,-1.151816721,-0.08211404751,0.1289722271,0.03048077843
0.0914355003,-0.6692406496,-0.1521399513,1.316846317,0.1764807674,0.461792855,0.6634284894,-0.2572864776,-0.5972764985,0.07862509141,0.9534385684,0.1527746931,-1.135299598,1.166594562,0.0153666205,1.353093813,-0.6565908376,-0.3540199937,1.047501936,0.967809665
-0.3640477152,-0.003941702771,0.0461362592,0.5461114804,0.2191060261,-0.4600138723,-0.2358318927,0.7027841701,-0.3430685026,0.3421468442,-0.1957648541,0.868001952,-1.004791894,-0.9380316911,1.484589524,0.4136176886,-0.5358996809,-0.3146276293,0.411162363,1.245872501
-0.2262169664,-0.4522935464,-0.01802537652,-0.1202207874,0.4526239766,0.246230527,0.5346053467,0.5653673881,-0.1782424037,0.008075391641,0.2180607625,0.5430942852,-0.03996642952,1.088684569,0.6920423764,0.06427910866,-1.922488596,0.3118623268,0.5559179848,1.310348574
-0.1335393799,-0.2392440295,0.1103957178,0.3122884996,0.3397740796,-0.1145516974,0.08915802931,0.5566816526,-0.2371285798,-0.350680172,0.2554265389,0.1256724689,-0.5731504551,0.6518898815,0.4036495493,0.2675372296,0.2010777753,-0.1348017025,0.619120901,1.016705788
0.01867424087,0.175821788,0.5360307495,-0.06629490859,0.5020225667,-0.243882201,0.07250411786,0.9761690084,-0.5658672443,0.2886294509,0.03506468204,0.08458888485,-0.7646351293,-0.01178393153,1.009548078,0.5709598444,0.431279896,-1.277081452,0.3210065154,1.006250245
0.2536025682,0.1864844445,-0.9400857077,-0.5647862686,-0.2397829247,-0.007783656399,0.03513303115,-0.5817156819,0.8503211441,0.2001875808,-0.1289756504,-0.1083992863,1.074480997,-0.5796641328,0.07304916253,-0.5419552097,-0.5443586418,0.1752324721,-0.1121064191,0.3582234354
-0.5710922056,0.07065107654,-0.2391526074,0.6553629825,-0.2926276017,-0.901084184,0.292016809,-0.201429221,-1.04607207,-0.3902284197,0.5095141517,-0.4081908381,-1.576007454,0.6123972534,-0.2613843091,0.845141539,0.9068642129,-0.5047838717,0.2703495706,-0.05483264145
0.0194316465,0.09029821778,-0.5464543469,-0.1443356836,0.4779992419,-0.3342412166,0.1979568901,-0.1233079584,-0.5050359345,0.7529233279,0.1355583141,0.927721137,-0.7128968709,-0.1291404514,0.7411380107,0.7701962067,0.6375395282,0.4747736073,0.421308856,1.561195541
0.04105918147,-0.2813809011,0.2503271874,0.3792220637,-0.03723146654,0.1007755687,0.6583771395,0.3719288998,0.2645218759,0.09910362586,0.02698610263,-1.268099399,0.9141484566,0.0457371888,0.438592636,-0.3277918868,0.3678814096,-0.6111556004,-1.493901442,-2.758801283
-0.2990471584,0.480563753,-0.2505596328,-0.4493163729,-0.4630541279,0.09680845447,0.1963010392,-0.2446254594,0.3229019594,-0.153555342,0.3356319566,-0.03733106855,0.8506722775,0.395652321,-0.7160417099,-0.1323481386,-1.138504391,0.09813087727,0.4229317838,-0.06197736369
-0.1885516226,-0.0115226242,0.01406964282,0.7210123437,0.3829767732,-0.2519504516,-0.01965927116,0.05508789423,-0.4499357542,-0.4187823076,-0.4240557787,0.1065482759,-0.1980165191,0.4790891943,-0.5399581538,1.106718521,0.205079973,0.1538729202,0.3656102584,0.4230503288
-0.5850637904,0.229794378,-0.00121989566,0.1587830047,0.2013434941,-0.3018451102,-0.6111228755,0.360474482,-0.05184104535,0.4249204503,-1.039657964,-0.08060936828,-0.1830436548,-2.087891386,0.9060017091,0.1285049312,-4.787335896,-0.2426894702,0.8498303311,0.982341665
-0.4372511445,0.3373146977,-0.2339239382,-0.3710136972,0.2359788946,0.06275723159,-0.6717422131,-0.6897382972,0.5161964744,-0.01604583147,-0.8916467735,-0.2397089249,0.1214924608,-0.7989515636,-0.2920583801,-0.8577301371,-1.087938765,-0.6204826632,-0.153885866,-1.193880343
0.6442683087,0.2164776274,0.03774680424,0.1533195531,-0.3291823013,-0.3305567773,-0.7723686326,-0.5761836377,-0.1690582785,-0.3867101665,-0.6500309566,-0.2998153052,-0.3033719177,-0.3613215615,-0.7372613175,0.3867615044,0.1729923305,-0.4896802112,0.2017405314,-0.05394010219
0.5235249534,-0.1409179324,-0.3638380715,-0.04656157677,-0.1958149978,-0.1050494735,-0.2321388143,-0.03496981755,0.1296045723,0.5523229556,-0.8017948576,0.7815149258,0.8713572917,-1.187044028,0.3357846019,-0.4557077918,-2.280427258,1.396228402,0.7822929361,1.077783548
-0.07708595512,-0.6783040963,-0.1114101982,-0.2313401338,0.09893356782,-0.7037498334,1.071209513,0.4146015704,-0.1628078982,0.3911535209,1.060459293,1.01984994,-0.9306625258,0.242171209,1.244821987,-0.03881286107,0.844702235,1.276974821,-0.5916552419,0.1787191014
-0.4658945012,0.9528418765,-0.1778084237,-0.3647164213,0.03531932886,0.09191033585,-1.680437666,-0.08411318308,0.1664747956,0.1529174251,-0.9589712058,-0.4943609982,1.345490446,-1.487912872,-0.3041848905,-0.1526174754,-2.855053871,-1.033195572,-0.07096275345,-0.8041997065
-0.2748839332,0.4439705461,-0.7998964743,-0.3624105733,0.4940306068,-0.1301751483,-0.4203355087,0.2799667394,0.7064562002,0.9972018202,-0.3379998923,0.2055979047,0.8450984849,-1.936291475,0.645599372,0.207772991,-5.379708048,-0.6422624995,1.284196983,1.643533946
0.2224499503,0.3807817934,-0.5641394165,0.196031909,0.2979841084,-0.2784912785,-0.228838056,0.3807096061,0.1951276931,0.03840389418,0.2565810746,-0.4310116932,0.4378051045,0.08401863221,0.1884964194,0.1164079579,-0.1762812946,-0.1301469913,-0.2099599792,-0.4530056021
0.1053321824,0.3444443428,-0.141921445,-0.7185396676,-0.06230637657,-0.3400309059,-0.110730567,-0.3471530226,0.9246767134,0.08719333328,0.1165567319,-0.63538086,1.351646587,0.0211219442,-0.6139265874,-1.034900385,-1.371297722,-1.07484145,-0.08169857073,-0.7880723997
-0.4522676028,0.001967739916,0.4797262183,-0.04775345277,0.1469957163,0.1562335919,-0.3089982708,0.1755564147,-0.2955109526,0.2348795392,0.08284861851,0.6770569488,-0.3305294778,-0.2645082359,0.06710060716,0.7875759185,0.1690307527,0.1773133751,0.3331755707,0.7634762429
0.3842711933,-0.394426715,0.3915699657,-0.01934920105,-0.3889036406,0.7439079518,-0.3173913807,-0.5327008121,-0.1890770814,-0.1215040044,-0.7197712209,-0.3861086646,0.1843637804,-1.147004612,-0.2291750729,0.4965029197,-1.927073255,0.2263150627,0.6965958668,0.02313231578
0.2082138879,0.2724693442,0.2207957351,-0.746679211,0.3629075097,-0.09549628393,-0.2717853497,0.7070786255,0.4840862033,-0.009565722304,-0.9189850222,0.8893696101,0.6290943457,-0.7294027195,0.6708960083,-0.1516814126,-0.88598881,-0.2874763822,0.02303899984,1.277968858
0.01457489443,0.5289321411,0.1583089409,-0.1858248373,-0.1430869356,0.3918435903,-0.7522266413,-0.3010936525,0.8413149811,-0.5838635112,-0.2022981924,-0.055187095,0.3962064009,0.9439168126,-0.8154170569,-1.036405041,-1.505076306,-0.8486827064,-0.1642569532,-0.1998426907
-0.2634939897,-0.09198465391,0.1331132555,0.5149081897,0.3273343962,0.1026435682,0.3658851544,0.02430728693,0.3740193363,-0.1981377172,0.5612592573,0.1990824346,0.3454546882,0.873244136,-0.5527860665,0.04337862057,-1.33781667,-0.2506408114,0.5864144917,1.08779583
-0.03344544117,0.2654847982,-0.5312136368,-0.4149996673,0.09360215023,0.03033020794,-0.9403402862,-0.4940697181,0.5909388734,0.8668556296,-1.135679023,-0.4627126554,0.9271502694,-2.982143069,0.6286585205,-0.7928197933,-10.14556831,-0.2327971056,0.08165612841,-0.4762982167
-0.8064072574,-0.4797887275,0.04758958207,1.471127017,-0.003769846442,-0.9437635322,0.8239130621,0.2387719793,-0.8492082557,-0.5286043165,1.123190752,1.340615163,-1.817058095,1.43834084,0.2519865516,0.1127621888,-1.682408597,1.044529676,0.9198048406,1.806526006
0.5325359249,0.2228772716,-0.171132968,-0.5098640245,0.4067763271,0.4436664456,-0.2920997734,0.1796706107,0.1741633618,0.03820336343,-0.8217550826,-0.2356236502,0.1467841897,-0.8105861585,0.26465527,0.4174286505,-1.559343493,0.6839619119,1.042471108,0.7058093422
0.0736993657,-0.3016760096,-0.6810406008,0.3717842661,-0.4505455543,-0.3161638818,0.2291757751,-1.226439559,-0.4151977144,0.4970540748,-0.5720835179,0.4912062585,-0.8883768774,-1.679198226,-0.1267662529,0.3517477641,-2.302447628,-0.01023218387,0.5047699868,1.036366198
0.1173797563,0.1272625479,-0.1344040752,-0.3600311652,0.5817036909,0.2916202057,-0.5386958926,0.5720654666,0.208503911,0.3537834318,-0.1998945515,-0.3962629839,0.4130724275,-1.137875181,0.7806790523,0.7514054372,-1.226459975,-0.18013633,1.486284354,0.6664584249
0.1694157917,0.1441234887,-0.1070734191,0.09982395888,-0.5159617701,-0.3028128435,-0.4074800313,-0.7670277475,-0.2113288355,-0.06213979429,-0.6157507369,-0.146428516,-0.7414358785,-0.3180040984,-0.7265406755,0.3663625186,0.07483203848,0.0920969272,0.129624575,-0.02297545818
-0.1408664039,-0.07737573438,-0.6030589478,0.2710100198,-0.006852840479,-0.3251027504,0.1482605758,-0.1370860048,-0.1826733119,0.2772611714,0.2767800695,2.146213275,-0.2894578365,0.09995899508,0.1017617515,-0.4392947509,-0.7785396203,1.374322729,0.5902482737,2.860695621
-0.1658593713,0.1934872756,0.4297619049,-0.040322746,0.1256006061,-0.4003022826,-0.3838284682,0.6268519847,0.2899425871,0.07538671519,-0.1062177874,0.1962095958,0.7023626216,-0.08718072753,0.7651302838,-0.2170866741,-0.6888638486,1.137566759,0.7101590933,0.9330323581
-0.3772978876,-0.3526422717,-0.4041559982,0.3033324513,0.3778940447,0.1572952421,0.1556443869,-0.2732586176,-0.7235868322,-0.1938840574,0.02099869586,-0.7383797888,0.1745542653,0.3910507723,-0.02116331686,0.8509566084,0.08259147526,-0.03504309321,1.04433595,-0.1058598906
-0.4225501552,-0.3953176299,0.404330438,1.100577718,0.1782920773,-0.7804604071,0.8686792869,0.3612008191,-0.7286877905,0.1685927493,1.410067896,0.08255938672,-1.432646105,1.433876708,0.02810352852,1.18867304,-1.748779289,-0.6810620734,1.389633534,1.128051705
0.3592683392,-0.7259967891,0.1471360888,-0.01740954165,0.8345033202,-0.06020249025,0.3449070325,0.7421522782,0.2769221022,-0.4583905638,0.5777178985,0.9146406177,0.4482757866,1.420370013,0.4287652219,-0.4731023277,-2.170896862,0.8422669894,0.234523785,0.9000483549
-0.1090135148,0.07608389119,-0.08339639285,-0.08686731462,-0.07632166294,-1.090211422,0.09504768134,0.04385642826,-0.1934295898,0.01139313984,0.6043793806,-0.277820781,-0.6595478145,1.125864676,-0.5138506902,0.5668147838,-1.670419298,0.4238840246,1.228940237,1.252136485
0.3369889313,-0.2950600944,-0.2430345603,0.1726157354,-0.06485313276,0.4353167297,0.1675783597,-0.3111544463,-0.6736633702,-0.3306816201,1.042768155,-1.009740927,-1.338285962,1.475758949,-0.1948960572,0.7840851148,-2.054687364,-0.1897459,1.237021147,0.1530804693
0.7400623956,-0.1470101365,-0.171558572,-0.7911265646,0.01359275821,-0.08025743836,0.04214567832,-0.0931896137,0.4318587691,0.1037780431,0.339133385,0.05112388944,0.7246687966,0.03769895392,-0.1327024365,-0.3025277302,-0.3588460477,-0.9430464498,-0.3421411039,-0.09542987199
0.2599065673,0.1629427709,-0.2102411643,-0.3462476638,-0.2210444986,0.4367011402,0.599184694,-0.4393859707,0.2537859861,-0.1435212097,0.674356822,-0.6228117877,0.05515967402,0.8842125653,-0.5379738402,-0.1008313342,-1.299925106,-0.1481618091,0.520206535,0.1240202533
-0.2474590325,0.3032295967,0.1951521903,0.06891751461,0.2149143454,-0.4051980884,-0.3176312644,0.5781010429,-0.01171725592,0.2726513334,-1.426920256,0.2486751749,-0.02823998947,-1.596743637,0.7866001693,0.3897268549,-3.017116574,-0.2841868599,0.8861241049,1.344171708
0.02064115137,-0.2078140735,-0.01537164402,0.3631578845,0.3728704559,-0.292558867,-0.1010551303,0.4329991506,-0.02795976801,-0.1039366024,-0.8017880067,0.726851637,-0.728064828,-0.8967753947,0.1619889333,0.4423732902,-0.7525313498,-0.08186998754,0.8993358945,1.194097534
-0.3584829587,-0.5280682324,0.3050147451,1.154013379,0.3853696711,-0.03731695666,0.6600147429,0.3945449872,-0.928513721,0.3956476505,0.14126706,-0.1985031974,-1.770439662,-0.2029582759,0.4522261303,0.8522711294,0.4745185592,-0.0164992459,-0.08157469138,-0.08806388042
1.021453064,0.760252746,-0.50900685,-1.082874002,-0.4266278291,0.5943146091,-1.013143752,-0.6429083069,0.4497252638,0.5761316726,-0.3436180431,-1.400486194,0.1491181051,-0.9799848546,0.02214741492,-0.4912770242,-1.662546042,-0.877226111,0.2162728138,-1.274081214
-0.4248704787,-0.4028319938,-0.1430788587,0.1835713602,0.7326625892,-0.2025818143,0.6148793709,0.3935385288,-0.3752162547,0.7245936298,0.3779348042,0.9135092065,-0.7341160738,-1.05012882,0.691118442,0.2751634986,-0.5349035453,0.5008038923,0.4249669243,1.750279717
0.3244871018,0.4008201373,-0.1710022456,-0.9501095505,0.04008899514,0.3231324654,-0.5674710156,0.2186566776,0.987120121,-0.2426542392,-0.405427377,0.04936208017,1.766349565,-0.1368227884,-0.5446588188,-0.9301601782,-0.91288529,0.1997823197,0.006448465975,0.04448902777
0.09945491606,0.2050667301,0.564838301,-0.456372518,0.2850421139,-0.03679542841,-0.07743269135,0.3143059842,0.392082832,0.2446903796,0.3929591479,1.372632635,0.1791856961,-0.08610068379,0.1555238532,-0.3697463994,0.06387398023,2.185176515,0.1744513546,1.478999022
-0.2492224423,0.1139714956,0.2524598965,0.2129645104,0.2063658034,-0.3938854123,-0.4812730639,0.8755727674,-0.1150905064,0.01467711331,0.1893985811,0.8218454574,-0.7894880755,-0.2715014107,1.174536712,-0.04159620225,0.03017621771,0.4558517368,-0.306208714,0.5168724588
-0.102737083,-0.3078810349,0.02790872365,0.6514964406,-0.2799156365,-0.06782930846,-0.0005973265211,0.3965528159,-0.7337100845,-0.3086593158,-0.2666200987,-0.02262682553,-0.4092533499,0.09428176176,0.04296185027,0.838624589,0.1637255601,0.1952272137,0.2812186099,-0.1256646345
-0.7666226418,0.1045371171,-0.1514189181,0.3435842786,0.319221636,-0.1261834392,-0.3027115262,0.2379645213,-0.5946108215,0.100077122,-0.07843873021,-0.2166787472,-0.9022435901,0.3820986544,0.07757038753,0.5338141203,-0.1223460049,-0.2825209678,1.10060929,1.055897014
0.1183539847,-0.2850554832,0.2232936891,0.3433404521,-0.2560341343,-0.1981686851,-0.009312281902,0.2292348243,0.07944514758,0.4426318623,0.04586592578,0.4559563009,-0.6259504945,-0.5286039189,0.3535932413,0.1190808172,-0.05439209506,0.434217607,0.03771621222,0.882745748
-0.6736865768,-0.08703182928,0.1877172267,0.8319944497,0.1753953165,-0.3374639093,0.09227352563,0.9846452088,-0.6483724645,-0.3386813383,0.7215676415,-0.3369942013,-0.6227964991,1.531545376,0.1234882573,0.6282047668,-2.382543957,-0.7679512535,1.050788494,0.8690234612
0.1512117466,0.2976842192,-0.2120352084,-0.6195407632,-0.4503678632,0.1474586913,-0.5340766515,-0.4516998719,0.2301737878,-0.1121771915,-0.6721171913,0.3792137044,0.1266001016,-0.5981659173,-0.5248923911,-0.09358672199,-0.7745957057,1.17666522,0.1474513641,0.3949557172
0.07695345352,-0.2813103895,-0.002231596628,-0.4353027924,-0.5633524208,-0.08233384622,1.117500409,-0.3759341104,0.7101167319,-0.4014700643,0.664088887,-0.6917731584,0.7116796727,0.9221184782,-0.7506762464,-0.684328703,-1.003389217,0.3743309778,-0.08270176916,-0.4493563562
-0.0593009525,0.208553504,-0.3602043824,-0.3182899855,-0.301087878,0.2917958814,-0.2260865152,-0.3592445623,0.2457332654,-0.1702085567,-0.1501548051,0.5726951497,0.9750422562,0.07844324356,-0.5178810169,0.04806512284,-0.1152085625,-0.04477917816,0.1809814772,0.3701950109
0.3952793986,-0.2055917338,0.5371487118,-0.05904485506,-0.4881124321,0.4494262407,-0.009498843118,-0.5240370818,0.4282770735,-0.01612053548,0.4683885074,-0.02431811675,0.3572795848,0.2084034535,-0.5903638441,-0.4195244852,-0.6184242475,-0.708218233,0.332357821,0.7639110353
-0.3245489494,-0.04716749653,-0.3515227747,0.06221293706,0.09861950739,0.03625259237,-0.6071517344,-0.6413949547,-0.5147977398,0.03275890804,-0.9865884131,-0.5013522934,-0.8800988341,-1.301103268,-0.7142354974,1.160300116,-1.497383367,0.03835865728,1.787402193,0.42561568
-0.4147452183,0.1499517748,0.3712011799,-0.171407647,-0.1786217078,0.05773081807,-0.6074485077,0.3813110825,-0.4841882253,0.2776163302,-0.8891258481,-0.5802763874,-0.5188961419,-0.9738002679,0.6245694149,0.5986212339,-0.7549548737,-0.3761391618,0.8844044804,-0.4323432126
-0.2325740553,0.3342135583,0.02186248628,-0.4641947582,-0.04391547272,-0.08059995911,0.1750641929,-0.5795039003,0.3267134594,0.2779199338,0.4814169511,0.2134370635,0.2307878746,0.1310357108,0.1234007211,0.1409362639,-0.06320709117,0.6385457499,0.623593661,1.546119676
-0.2837117409,-0.1432706535,-0.1523677484,0.0134571338,0.09841933283,-0.454364633,-0.08488437023,-0.4282067032,-0.5429109093,-0.1015086786,-0.4522184947,0.7282782871,-0.8922957052,0.08368277445,-0.3734267893,0.6125558694,0.1804022004,1.113449154,0.7721527686,1.79068666
0.3545495879,0.3029686112,0.02237495447,-0.758283825,-0.4021438854,0.2198242495,-0.6217911912,-0.1644890582,0.5074374251,-0.4205891074,-0.4076992724,-0.008104952733,0.583952128,0.3720865607,-0.6302323635,-0.7830144353,-0.7052214598,-0.3611524795,0.1693828836,0.472853667
0.1968183073,0.1478607746,-0.1441801974,-0.4705375183,-0.3339217893,-0.1988494732,-0.209136751,-0.8986279733,0.2561295158,-0.1871051898,-0.07955987083,-0.2518598166,0.2401767125,0.6316596672,-1.379135745,-0.2199987953,-0.9502736145,-0.2846269567,0.6159400859,0.6535590099
-0.04276542942,-0.07932524675,0.04073545859,0.5192444937,-0.489377048,0.2832757521,0.3324657628,-0.3430999896,-0.2460866393,-0.06463154038,-0.05620694187,-0.1224048701,-0.5826185353,-0.04199063423,-1.050431144,0.7411424909,-0.2806112676,-0.3615309849,0.1032100446,-0.2315091174
0.1224414561,-0.1852651115,-0.04877275051,-0.01158668586,0.1979499359,-0.1987174129,-0.03689421598,0.4636346628,-0.1868473125,-0.4771131536,-0.491590765,0.3466406873,-0.1924044839,-0.9221332557,-0.08188022141,0.4598675447,-0.8095640871,0.1935996422,0.8343125249,0.8085019756
0.5619772383,-0.1973873226,-0.3667392848,-0.3687042547,0.714068972,-0.317741975,0.6553554219,0.2455098227,-0.2277271893,0.1455072418,0.9436713129,0.4418176739,0.2140652454,1.130544489,1.072461267,0.4219501597,-2.371028906,0.826279329,1.007123523,1.467025356
-0.3211268857,-0.03347834986,-0.1296766849,-0.08564456696,-0.02090242957,-0.3560986339,0.2435433593,-0.2646730186,0.2103437529,0.2932340846,0.7135307843,1.350202423,0.3224050999,-0.08154499922,0.2900144233,0.07806464674,-0.3935965934,0.9717429283,0.3674632177,2.340023496
0.04990511147,0.1633682143,-0.03792142581,-0.6725116792,-0.1536073229,-0.456679173,-0.402812324,-0.4807459037,0.7490061048,-0.4072474592,-0.661879483,-0.4266277103,0.7916532003,-0.6083612246,-1.206955648,-1.311471155,-0.3219093736,-0.1111685427,-0.5615203657,-0.2274047059
-0.6385638781,0.1495807504,-0.3099233874,-0.0174092909,-0.3192373884,0.067789847,-0.8014058907,0.2406587024,-0.334974388,0.269856388,-0.5431855782,-0.3919280726,0.02553795597,-0.5463106732,0.1230332623,0.3258579524,0.0223917204,-0.3068345746,0.2007034749,-0.2665396839
-0.2123735087,0.5067797958,0.2238265134,-0.5804423324,-0.2101301326,-0.3967529658,-0.8844197567,-0.1485552941,0.5524883369,0.1252325106,-0.5921333551,0.05557622448,0.2494305039,-0.7439839466,0.04726706949,-0.8267451793,-0.7290128688,-0.3553415896,0.3748891273,-0.1182201257
-0.1257498161,0.1783834,-0.05906346315,-0.1645035874,0.07871925267,-0.04466662563,-0.3628387219,-0.4933530488,0.1869515882,-1.034549769,-0.1249954499,-1.124463577,0.1938149638,1.22617659,-1.355303354,-0.9728008142,-1.218469565,-0.2369705014,-0.4601394402,-1.302019653
-0.1358488351,0.1617993581,0.507881351,0.09117768173,0.1265354689,0.5707938934,-0.04725194684,-0.07526838008,-0.1785890056,-0.03176285982,-0.1676377504,0.5428712514,-0.2063599495,-0.7075295579,-0.1339775532,0.551187944,-0.364251857,0.6898710917,0.3165011993,0.7558498779
0.206507585,0.0513533992,-0.2597379046,-0.5096548472,-0.0006675365301,-0.9951137933,0.09434274431,-0.148824872,0.4135064671,0.7690063767,-0.1187772893,0.06798095147,0.2455931328,-0.6397896054,0.5942679958,-0.8288913373,-0.615716889,0.7890247601,-0.2503308688,-0.7934834598
-0.0271539454,-0.09952758864,0.232452441,0.6757426919,0.04501607596,-0.118266569,0.4881881681,0.4733989733,-0.3923862682,0.3040307846,-0.664569547,-1.232041889,-0.008597717759,-1.278010006,0.6187698559,0.6991368755,-1.399325203,-0.04507811599,1.699939309,0.9299204385
0.02133039175,-0.001382108956,-0.0741729027,-0.7248326621,-0.08634922271,0.01137630379,-0.09544381492,-0.1620043346,-0.09475776858,0.564920204,-0.4656314323,-0.7921827765,0.3629187647,-0.7779633322,0.3971405999,0.4613932324,-0.9738196989,-0.1549908252,0.1489026356,-0.5248528398
-0.2281593746,0.01660240151,-0.3336981853,0.642917099,-0.3361270182,-0.2789143003,0.857029061,-0.5736987656,-0.6058667413,0.1373583917,0.6382287847,-0.09529195198,-0.736711566,1.18253743,-0.1207054014,0.7217727505,-1.650457457,0.03460308326,1.23260267,1.472387103
0.3551653082,-0.471058979,0.1871502602,-0.1102544806,-0.2904851731,0.2082930936,0.5837926355,0.2155979215,0.2723757101,0.7703514401,-0.1261274697,-1.102722332,-0.05021694866,-1.191255227,0.9408551015,-0.5933495411,-1.922728638,-0.590980538,1.048269856,-0.2912652796
-0.07773178834,-0.200601495,0.1014930028,0.1492407074,-0.1008706486,-0.3213440553,0.3217626173,-0.683444141,-0.5262679724,0.236492119,0.08930319125,-0.1243586347,-0.9276299958,-0.2004294668,-0.7395099583,1.317411376,-0.4059675049,0.6025299659,1.422161739,1.177302913
0.09547843448,-0.6292805859,-0.1866645114,0.4671589912,-0.5298024416,0.6712309194,1.353694541,-0.3274947921,-0.325059455,-0.7804616034,0.1766141963,-0.1838285599,-1.080497531,0.4468188876,-0.9647583249,0.2574237348,0.4293075093,0.2045263621,-0.2191720394,-0.1964600759
-0.1038640944,0.2951014761,-0.005406436736,-0.533120455,0.1681617515,0.07359669981,-0.4651022693,-0.04701017011,1.021485047,0.5450550891,-0.1925963651,-0.540210788,2.303844247,-0.9403791841,0.2856480406,-1.757024704,-1.582595896,-0.9602970886,-0.6246321592,-1.296887149
0.5034481234,0.5963546263,0.8452259816,-0.6767925868,0.4229636208,0.6316395239,-0.793921221,0.7085541081,-0.1653017889,1.207956043,-0.7067030746,-0.2456591237,-0.6096972512,-1.953008551,1.881245917,-0.1055646383,-4.52077446,-0.05195581152,0.7855827356,0.4661579096
-0.1583494281,-0.003206659445,-0.361650556,0.4059190251,0.09440917321,0.1414880261,0.04397936233,0.1400624818,-0.4088422355,0.1849339192,0.009159178879,-1.131603185,-0.02203083699,-0.42475572,-0.233516285,0.2806071204,0.1175448457,-0.3120129999,0.2436734425,-0.8292367797
-0.06913624218,0.3561964661,-0.004020933976,-0.4173076775,-0.2497395997,-0.2601296657,-0.392368376,0.1383091606,0.1409473001,-0.3063717078,-0.8041038057,-0.6680727227,0.01912543171,-0.4989028207,-0.02601607293,0.3886233311,-0.3987523405,-0.6826949756,-0.2613925355,-0.8403187951
0.6334422535,0.05762639418,-0.5162058387,-0.6631361638,-0.2663311914,0.05279338239,-0.1164171453,0.03080237199,0.8377167026,-0.08256315088,0.1121769653,0.7111264787,0.5505750901,0.2588164272,-0.111610147,-0.4972198405,-0.3322765698,0.2987010023,-0.3121673776,0.6984474289
0.2813289224,-0.1513031831,0.3697831166,-0.4941909609,-0.1992673441,0.2537624851,-0.0713261013,0.14820385,0.6289313326,-0.2107041456,0.08423722159,-0.7884926885,0.6735588361,-0.3428468847,-0.8840901834,-0.7034589428,-0.01749061048,-0.1249203897,0.1771062212,-0.3182515899
0.3736335146,0.1027084305,1.085840794,-0.1789598164,0.02565388827,0.02734095517,-0.4098466549,0.8541996267,0.003570657975,1.152019334,-0.07163155539,-1.026752347,-0.1728606823,-1.133254132,2.652584603,0.1855723838,-0.9121104211,-0.1634507723,0.1265965632,-0.811816273
0.1460367956,-0.1707816102,0.1622747087,0.3862916259,-0.5992594153,0.6428145214,-0.164317614,0.01220166052,-0.03410312172,0.2640443975,-0.3757300042,-1.400891001,-0.7145463515,-0.5782341894,0.4598762419,-0.3186459083,-0.2149110181,-0.716685551,-0.1511126971,-1.220885583
-0.3332155635,-0.3066550303,0.1279533952,0.2289874132,0.2760118957,-0.3615761618,0.9653954892,0.1975365744,0.2357292475,0.09163304445,1.080283585,0.8915687267,0.1419531548,1.068334647,0.2670772164,0.130139023,-0.9900132829,1.733570554,1.021526107,1.863043863
0.2610390682,-0.2534354816,0.1174447767,-0.2751378824,0.2541859601,0.4464627399,0.3098680683,0.4327962352,0.2113464,-0.0274164455,-0.1907326235,-0.09871937006,0.2323797409,-0.5439712023,-0.2235058662,-0.3332565507,-0.9560807557,-0.7532888974,0.4889444125,0.2348441301
-0.1266556876,0.6296819463,-0.1095194417,-0.489659847,0.1885812545,-0.1826943747,-1.19231842,0.1340960809,0.1131474931,-0.3170335467,-0.3855101146,1.710710068,0.6090087169,-0.2843252453,-0.1007449075,-0.1021973769,-0.7244389727,1.515176633,0.8009074054,2.996743798
-0.8131801761,0.660050834,-0.4349137364,-0.02804810598,0.04915347968,-0.4297776298,-0.3145276787,-0.5570904318,-0.001634795664,0.02868957087,-0.03104211947,1.098544122,-0.0484304769,-0.3660048581,-0.5523506867,0.1130338593,-0.760077199,0.2108119221,0.5174222344,2.018087026
-0.334041789,-0.1088135263,-0.02000791017,0.5317071525,-0.631137885,-0.1567284872,0.1133744698,-0.4370914615,0.05608526095,0.2897508937,-0.02924278554,0.3547408918,-0.1495499858,-0.1164714913,-0.0540271377,0.204174936,0.2856563009,1.149364016,-0.4364268987,0.1461191757
0.03498672393,-0.247901667,0.05917020803,0.2262821294,-0.3543766386,-0.1214750148,0.05882066709,-0.3041154366,-0.2456538953,-0.2103041828,-0.3183919925,-0.2526023387,-0.2741060322,-0.5775130824,-0.6024563939,0.2902671091,-0.0520242349,-0.2311484686,0.1579154875,0.1136933401
-0.6901066424,0.3398900889,0.3581368486,-0.3235881294,0.2556907612,-0.1182594838,-0.4466056204,0.1483779404,0.1586521412,0.5649506879,-0.1799052067,0.07145123361,1.12339834,-0.7811455335,0.2254552712,0.07109721399,-1.215663893,0.01262828314,1.075644002,1.499481898
-0.04541820816,-0.2973958159,-0.466380804,0.6528078821,-0.0461214427,0.1475236815,0.2227352928,0.2304330265,-0.05662743611,0.541759253,0.8640655385,0.05990908886,-0.02198855225,0.2870766913,1.264994778,0.2655023472,0.1922598469,0.04108838375,-0.02495684508,-0.1074339913
0.4817329952,0.1060052416,0.192382279,-0.5653842689,0.1504890637,0.7480580303,-0.5010416008,-0.4715243353,0.4466433197,0.1369015301,-0.4434052223,1.142220512,0.07289564402,-0.07269586809,0.08742598286,-1.193001163,0.4847805502,0.758336413,-1.015700988,0.3294210712
0.1767983346,-0.4290108538,-0.001017177634,0.1583573991,0.1968569512,-0.1343371404,0.6601757698,0.2315783766,-0.07875257413,-0.03298689644,-0.2990024664,0.5360642835,-0.2321236955,-0.4173342311,0.295608881,-0.09938777505,-0.02177502529,0.9338181741,0.2499590175,1.103714645
-0.3670406403,-0.004450106427,0.4529543814,0.8016834654,-0.4075995719,-0.6162397685,0.05155807549,-0.3776849814,-0.2945394165,-0.08247375317,-0.4497483144,-0.4384601927,-0.1811081999,-0.9559094063,0.1494566136,0.08420872174,-0.927062558,-0.1959967282,0.9216947324,0.8268005895
-0.410303122,-0.04079750534,-0.06836746871,0.3971511936,0.5977084999,-0.3034367562,0.9841966572,0.5246845014,-0.7077172214,0.3403894927,1.310922299,-0.1146301559,-0.9888621495,1.313429852,-0.03926709483,0.7673210898,-2.362268863,-0.1448909201,1.126482419,1.145989767
0.4005218654,0.3881654294,-0.1749498884,-0.4478777409,0.7849593442,0.5964352933,0.2453996382,0.6331217179,0.4543385065,0.03449240437,1.157783311,-0.4939295305,0.782536623,0.8908255831,0.3771260205,-0.2558537312,-1.553347209,-1.32528678,0.470567675,0.07218669896
-0.1029364161,0.1481314688,-0.6681456309,0.0364482393,0.1336934274,-0.5545372563,0.07287348268,-0.5641935637,0.4395575915,0.9485045837,0.6337464351,0.6093366507,0.0459494179,-0.2328324121,0.6192404231,-0.2547843663,0.06237086702,-0.1661631325,-0.6514398235,-0.7596528617
0.3519692581,0.01292051429,0.5650080616,-0.7377590336,0.08225515001,0.4983448015,0.245351521,0.784115399,0.6998805766,0.146071276,0.5345285881,0.3759305867,-0.2085551865,0.1055112336,0.8360676845,-0.9481807185,0.06495662848,0.1943149166,-0.4403500893,-0.1984310815
-0.08048278609,0.1792354961,0.7172910905,0.3166712984,0.08714179625,-0.2053771955,-0.3663208844,0.7879794523,-0.7800278345,0.622622952,-0.2343105067,-1.564140876,-1.292766923,-0.8433382774,0.9241071107,0.7708330352,-0.6559113416,-1.085833511,0.9115063523,-0.8507803954
0.001792267849,0.6623461245,-0.2798841512,-0.9353364443,-0.2270536854,-0.01643613365,-1.658440042,-1.022424613,0.1434797704,0.350063264,-0.9582058174,-0.7108355051,0.06603199117,-1.332710104,-0.641289265,-0.32564816,-2.432675386,-1.304224636,0.7393250369,-0.01992102139
-0.1006648364,-0.07048434416,-0.1788395211,-0.5389132959,0.163511309,-0.4685487544,0.09553978628,-0.128334336,-0.03267019526,-0.02800943009,0.8266093508,-0.407262725,-0.5427717639,1.237436325,-0.5608422565,-0.04541828255,-1.594083279,-0.02368434115,0.5214329057,0.2631726309
-0.1606130803,-0.2455087805,-0.1376491548,0.2014830682,-0.5129196706,-0.2521672423,0.1348533691,-0.01828932785,0.1722294261,0.3022715092,-0.1447947981,-0.5726626083,0.2196005892,-0.5699042107,0.647258523,0.555931645,-0.5697342531,-0.399769439,0.7581300729,0.4043434267
-0.07672750494,0.3251958129,0.1261282458,0.3349837695,-0.04292681847,0.1588925589,-0.3266022104,-0.3009882988,-0.3092228359,0.2496411029,0.06954073319,-0.5276740379,-0.4703669601,-0.2745190869,0.2915186683,0.3368994889,-0.07047641889,-0.07829596459,-0.1017855635,-0.3851161366
-0.4077641279,0.6168809517,0.1409293767,-0.1908922502,0.3076674688,-0.1781097546,-0.395149772,0.04025101713,0.03234829558,-0.1288911454,-0.9200341839,0.8781466311,-0.3271391338,-0.9648344595,0.310274799,-0.2331887302,-0.7044754091,0.5417330792,0.4460464978,0.8557048856
0.931921637,-0.184040157,-0.3929378187,-0.6602576751,0.1141863441,0.5888305563,-0.04993978402,0.03634342313,0.5025069074,0.4514946338,0.06714280921,0.6453979284,0.1187203125,0.1316665475,0.6951267941,-0.8427755917,-0.2927370657,0.7137783831,-0.7247952168,-0.139545112
0.2402598226,-0.07099236597,0.30823571,-0.03431617104,0.03372310893,0.2835368028,0.4392121388,0.4361184171,0.3695156565,0.6501654302,0.8797504596,0.7138867671,0.564541525,0.520972846,1.094468623,-0.4583678092,-1.027249111,0.5377574508,0.4042968463,1.090384053
0.0071716761,0.03324134961,0.1901763164,0.718310171,0.3141760129,0.2784348164,0.1923822848,0.3016300595,-0.2415917334,-0.1236011144,-0.334375236,0.2526543261,-0.1861248673,-0.3100602338,-0.2161830386,-0.03699485173,-0.03610213685,0.06830029103,0.2814302734,0.7019366273
-0.04163969101,-0.07816263612,-0.5831336959,0.1249013586,-0.202672533,0.1250090298,-0.6446421658,0.4356563012,-0.09137932575,0.5925137166,-0.7959587936,-0.534785585,-0.2229586765,-2.179436958,1.195307001,0.4865744256,-5.354133922,-0.5137894109,0.9054147838,-0.08903757973
0.08000491102,0.1376541881,-0.03334640668,0.1678936842,-0.3676382151,-0.02742583669,0.2486964157,-0.172415621,-0.3309978273,-0.6063466479,0.5479825835,-0.870222155,-0.5598029017,1.115034039,-0.1790403239,0.2578799313,-1.213609688,-0.2774369546,0.4145773013,-0.9326238665
-0.3055403263,0.1193996867,-0.1645636808,0.2250190748,0.1619488788,-0.1746554266,0.2095805806,0.3057401325,0.2406221179,0.5504179291,0.761573111,0.1932592412,0.3961595534,0.7162822301,0.8703382268,0.0385843577,-0.9391883798,-0.8692591317,0.5745008056,0.951024906
0.005724005789,0.1615434559,-0.4602909287,0.6587528476,0.1433999762,0.3295151075,0.03367244493,-0.2806784293,-0.2764025904,0.3447253803,0.670073976,-0.06150944833,-0.02650260976,1.042630068,-0.1162727444,0.4115384507,-1.881268407,0.1280368356,1.360665506,0.7136555848
0.1446356503,-0.04678350093,0.4217660879,-0.03834080175,0.1354908695,0.3020716712,-0.02318482896,0.5151387687,-0.1841767928,0.5571759832,-0.1728679196,-0.3161947573,-0.9600346979,-1.171196607,0.7220785249,0.4775541529,-1.182448593,-0.1382727767,1.034094878,0.2994653914
-0.7381927624,-0.5237961307,0.04511874055,1.543280901,-0.2634241289,-0.357776026,0.4540648125,-0.2674364447,-0.5668693069,-0.1682670806,0.6273138381,0.2656897165,-0.5841013134,0.864525883,-0.3920108797,1.044074188,-0.5628422102,0.08210549378,0.9836012291,1.383971294
-0.1994314179,-0.2632362381,0.1318891387,0.03427785697,0.131573975,-0.004710648191,0.8512114112,-0.3322335062,0.1027671093,0.1329108953,0.6437505168,-0.4224484629,0.343855297,1.161887634,-0.5837810904,0.1354979797,-1.266594428,-0.02669373876,0.8609467365,0.6567761515
-0.04989301868,0.2824390111,-0.09386360324,-0.2022488317,-0.390723281,-0.2772982786,-0.4688371739,-0.6530189942,-0.1654057869,-0.1479635956,-0.2213385601,0.09212569414,-0.02167784174,0.1979838248,-1.180390155,0.4185466889,0.1190286394,0.3432581965,0.2007151367,0.136976308
0.6240258433,0.644893686,0.6237304194,-0.7020976766,0.5073871014,0.3951402942,-0.8650003847,0.672032792,0.4436404499,0.7157233772,-1.334785176,0.4602447558,0.5125164193,-2.521042244,1.250698097,-0.1359460939,-7.818024524,-0.3473347539,0.7562915091,1.231007395
0.152528126,-0.01728651909,-0.0789585808,-0.153258735,0.3273648126,-0.4859191249,-0.03347917705,0.3308705809,-0.03460065132,-0.2805363988,0.4730568036,1.122731202,-0.115194658,1.201159522,0.2383426859,-0.0739820885,-2.103788836,0.120144185,0.3403501177,2.345047096
0.2269915824,0.03682491173,0.1171782378,-0.1253310118,0.5257224159,0.3033921871,-0.06740957714,0.8386859792,0.5215874702,0.2753008437,-0.3041267002,1.025740337,0.8548936433,-0.3639070624,1.090663852,-0.7723168116,-0.8466598663,0.5403324642,0.4386767615,0.9462073372
-0.2368451036,-0.5381864827,0.3240669157,0.3507597517,0.02694593444,-0.308406343,0.8577990905,0.8428609411,0.2013445598,0.4523983813,-0.06181359331,-0.4059988972,0.5165858431,-0.2256541124,1.214908736,-0.7722791071,-0.6664801468,-0.3568831327,-0.05647720697,-0.9866650129
-0.02223145335,-0.1946145376,0.2341729652,0.4202665897,0.02393030477,-0.3578531553,0.1088491638,-0.1349422927,-0.1563045563,0.5981274456,0.3459594406,-1.649100202,-0.765851061,-0.3849258674,0.4309967906,0.1148587825,0.6794422829,-1.366411955,-0.2543229821,-1.95781027
-0.4751699377,0.1584209328,0.4589893443,-0.1459709332,-0.1566670438,-0.3046489688,-0.270429007,0.7569396072,0.5177435982,-0.3506222612,0.03709478887,-0.8488198763,0.6610256176,0.2289047875,0.1752034252,-0.6002285428,-0.318892814,0.006460925541,0.2991177193,-0.6321835852
-0.395636767,0.4383860517,-0.1611024172,0.1370994699,0.4447620996,0.1972919135,-1.298454332,-0.1567805679,-0.2209365998,-0.1791050425,-0.8332661674,-0.1165251029,-0.6221662957,-0.5157324172,-0.1476078467,-0.2175883566,0.1242400038,-0.7266700102,-0.1008285415,-0.5758147525
-0.2857286178,-0.01484421555,0.1641025551,0.05913210957,0.2447261701,-0.2761767179,-0.5744139915,0.7724485442,-0.2189230684,0.1810286869,-0.3813089384,0.692968182,-0.1202126304,-0.3478555635,0.6074417116,0.611478947,0.04548197811,0.2861151919,0.4673447402,1.163583518
0.1205069776,-0.248467614,-0.05181505564,0.03239972855,-0.06297724763,-0.02588728858,0.6621668155,-0.490092858,-0.1171954446,-0.05115913414,0.7949757774,0.1596034815,0.492987626,0.6560361157,-0.3896807426,0.2387280728,-1.595379572,0.4097954469,0.6424614465,1.315244703
-0.153881571,0.07132339885,0.02993318686,-0.4354454769,0.3281632272,-0.5587043822,-0.602603538,0.5323618406,-0.06755379681,0.4628331771,-0.1683943448,1.116855487,-0.3656563619,-0.5029805483,1.087204514,-0.004808050381,0.09543571943,1.069513342,-0.4650959556,0.6592958951
0.1714395655,0.3449477765,0.4184860682,-0.8564969562,0.1651424729,-0.0005856076139,-0.5149548163,0.147531237,0.8391007659,0.2959847272,-0.2507193364,0.1047325169,0.6252943095,-0.06535548024,0.6860542618,-0.9802285553,0.1415035717,0.472895822,-0.09720044821,0.3861607103
0.6992394778,-0.4987085339,0.1089887737,-0.6971577746,-0.01766463678,0.2142198194,0.6962760419,-0.6043650211,0.478423623,0.3797109001,0.3319020899,0.4270515002,0.4525802163,0.4108060001,0.3903458452,-0.609709508,0.1320500249,0.3611276261,-0.4733613583,0.3896081316
0.07485104977,-0.2737121985,0.4075381811,0.5090053792,-0.1459273442,0.1101912347,-0.3324547157,0.006720638932,-0.4504905827,0.674175233,-0.5799823901,-0.2268595136,-0.9265459145,-1.59344866,0.285910183,0.674064832,-2.533772196,0.3170413143,0.8459632183,0.5148659956
0.4541365347,-0.4198885425,0.8764680568,-0.00519710888,-0.3371151854,0.7067481309,0.4240347669,-0.2281918462,0.1166203149,0.295255161,0.9775674331,0.9427912407,-0.307256624,0.6153459152,0.4010349713,0.5152743446,0.08114927993,0.3398924216,1.01665435,2.457262855
0.2389260051,0.4992735597,-0.06124585664,-0.5051624739,0.307206141,0.2876596822,-0.08449781555,0.2953056006,0.1378100715,0.03681369003,-0.4168656119,-0.1002461851,0.003273152722,-0.8464187329,0.6376813241,-0.7620346992,-0.7374110059,0.1375051096,0.09180134096,-0.248448622
0.1256201986,0.2536721164,0.8936015506,-0.09424852842,0.01736018219,0.4912689454,0.1096680948,0.4593866297,0.4224802738,1.215188141,0.03484272178,-1.54231766,0.4753937854,-0.5192119557,1.472891231,-0.532031713,-0.3305903433,-1.19646285,0.2970014667,-0.8718904014
0.5331370176,0.1454056046,-0.01606062623,-0.7903806009,0.2025421925,-0.2806937874,-0.0583642568,0.6268761471,-0.1866684916,0.3825986429,0.03375249433,0.9964627848,-0.4963118435,-0.8368137641,0.4345113971,-0.06679108482,-0.2527977155,0.5936548688,-0.300460093,0.9584279642
-0.1323945364,0.140296175,-0.3793082547,0.143807802,-0.005516013069,-0.3715062107,0.1328670063,0.267605911,-0.7408796,0.3315230879,0.818775929,-0.5603626545,-0.8602910729,0.4364362775,1.234601028,0.6764403343,0.6568819472,-0.95543332,0.3373709026,-0.02936319937
0.05751891171,-0.4000778174,0.1239955997,0.085490113,0.06481191204,0.1157529475,-0.08997162655,0.2487933419,0.2823794319,0.3130298467,0.07624931173,-0.6409165711,0.04067818621,-0.02001837266,0.7336438158,-0.2832949532,-0.1554823995,-0.7469143338,0.1039367068,-0.5350800481
0.350982505,-0.1184653851,0.1203346757,0.2022120895,0.6867846832,-0.1910127874,-0.06559560075,0.7698716971,0.1851491525,0.4056220487,-0.1587488169,0.2629671153,0.4572160973,-0.9823276624,1.672044273,-0.3687903344,-1.793813595,-0.7934690387,1.390097658,0.645661441
-0.1140538469,-0.1486948744,0.2228503873,0.3028213077,-0.2746527123,0.208015666,0.4888249069,0.07161780136,0.07636051368,-0.2414804991,0.7176196065,-0.7973439677,0.04350624368,0.5971577054,-0.7276115067,0.04656345262,-0.003304892652,0.4236188933,-0.1099130016,-1.135364972
-0.2851159538,0.4153207555,0.5087463715,-0.3514685524,0.299795277,-0.3151688372,-0.4956256096,0.8400043044,0.3500696075,0.4715424447,-0.2458600305,0.7256149009,1.096694463,-0.8798817099,0.9637540984,-0.2642724887,-1.624762721,-0.07589738297,0.4575846263,0.7996502872
-0.2441575146,0.08155319438,-0.1317817238,0.4469431667,-0.1233420344,0.1464526339,-0.1099755367,-0.4846884956,-0.6055000291,0.1910874383,0.292834037,-0.9565213465,-1.207517952,0.2589996517,0.05021613498,1.033639383,0.9814350019,-1.060798586,0.2903015125,-0.9262584643
0.04781975674,-0.3215956761,-0.4377837933,-0.07107922895,0.1338037514,-0.4403680583,0.3286626819,0.05057290312,-0.6366500799,-0.4584994446,1.111926933,0.04307463457,-0.8854631703,2.277543103,-0.7958012306,0.3023893085,-5.583815791,-0.7082966693,0.8327415177,1.219026285
-0.2559935565,0.4278486214,-0.02344463934,0.04316133192,0.05337548893,-0.1773626858,-0.3773133199,-0.281835696,0.07263365083,0.03834907277,0.1600722055,-0.11655649,0.4807914886,-0.2542418235,0.1122921052,-0.1156297227,-0.02404440038,0.01580974954,-0.6218438074,-0.3134933542
-0.3572508914,0.08806414754,0.2495549646,-0.03749581722,-0.4653623033,-0.7943585231,-0.0271783683,-0.2806285614,-0.3872331502,0.00344649895,0.1375147251,-0.4544988883,-0.2963564607,0.3750206738,0.7980121795,0.4008464168,-0.3167328644,-0.4209629662,0.4488831799,-0.8891997059
-0.2723794782,0.7356321825,0.3682983432,-0.3608882237,-0.2762567448,-0.3504320898,-0.7310014118,0.7389065877,0.05395696758,-0.6439806908,-0.6572734873,0.1668369278,-0.048539977,-0.1698130747,0.1230604012,-0.4690901089,0.2321606078,-0.7635506466,-1.235046395,-1.239632303
0.4171499787,0.006293916843,-0.3569907784,-0.4362155581,-0.0075502894,-0.3694747628,-0.01924457146,0.09834922555,0.1235186616,0.5347891948,-0.07843745885,0.5167178565,0.1718901258,-0.2524662,0.8542761379,0.3463568613,-0.05029739303,-0.2780247048,-0.05013241777,0.3055141305
-0.4498887974,-0.4609737796,0.2668872899,1.149932543,-0.1507060789,-0.7787551004,0.5496409891,-0.4247655729,-0.929892266,-0.1305737043,0.4788396642,1.719133235,-1.732241251,1.262371398,-0.6499403025,0.6244505706,-1.04239424,2.116993893,0.829049627,1.904797217
-0.2145552385,0.0009790748986,0.2594131809,-0.4500340478,0.1994039504,-0.5417761289,0.4887856143,0.1909995703,0.05159419371,0.2179151834,0.08142432755,-0.08190404339,-0.296833321,0.4563660306,0.420224613,0.30243668,-0.5001390087,-0.1896908872,0.7220789331,0.2319831212
-0.383292181,0.1984714212,-0.1794918255,0.1816310578,0.2405450624,-0.499684881,-0.2253088834,-0.4056451782,-0.03838228775,0.01953370779,0.01136716105,-0.1263468852,0.1357980901,0.1129170732,-0.3308124374,0.2780796937,-0.472006022,-0.4260898936,0.2947655145,0.4920501772
-0.06429719867,0.1652244857,0.04939063696,-0.1362094542,0.2035151298,-0.04257238756,-0.08896002972,-0.1841489173,0.3285969489,-0.3712207646,0.5942174579,1.389169714,1.437887293,1.173080915,-0.6431185942,-0.482102175,-2.061367148,0.5110349719,0.8725395772,2.960033807
0.07584431387,1.098680512,0.2399379286,-0.6573105503,-0.2575405616,-0.5403328037,-1.032747219,-0.3249054927,0.2361553957,-0.05031482978,-0.9033685397,0.1213016679,0.3665314865,-1.151967604,-0.8121891658,-0.9214451213,-1.351602178,0.154707389,0.6962920478,0.9585889368
-0.003662365668,0.1525465473,-0.6592358421,-0.2806588581,-0.3978970493,-0.00868365773,0.3384927629,-0.4411144054,0.3524608842,-0.005177524943,0.3302008325,0.6609860061,0.6121035243,0.328531137,-0.7142185189,-0.8836638074,-0.6152172434,1.597648732,-0.07382897006,0.9091209492
-0.05367336675,-0.6833241578,-0.2579460174,0.2781364377,0.1688525898,0.1050676975,0.1493741364,-0.4213601713,-0.2650027636,0.2487260046,0.3619530354,0.5483634447,-0.6000578759,0.590095223,0.1218925917,0.155455616,-0.008410858983,-0.1736511847,-0.6897885433,-0.02034187583
0.5162063889,0.3436849986,-0.1265402272,-0.5355482556,0.02607302574,0.3010185115,-0.08507517608,0.1366861183,0.0851357404,-0.279153737,0.1052145289,-0.0864553181,-0.08910967577,1.28101428,0.3272290203,0.3388187248,-1.196943093,-0.2312195926,1.082284212,0.8484142751
0.3170788002,0.2924772148,0.06943677244,0.1432315158,0.0533733351,1.011990908,0.1027251577,-0.1627193726,0.07531530384,0.4345528072,0.1195476619,1.106330328,-0.870785439,-0.3606704265,0.4680689513,-0.2606679393,0.3735770886,0.6747038067,-1.293813569,0.5570633509
0.04542972992,-0.2362336248,0.1292820303,0.4945208379,-0.2327989715,-0.07166084191,0.1991991063,-0.1326762457,-0.2841797535,-0.821270102,-0.1099967038,0.4646921193,-0.1533910086,0.9350737545,-0.6990281309,1.018053755,-1.333424379,0.5620138362,1.218939547,1.906666282
-0.5411572929,-0.493173338,-0.1147126716,0.5071506145,-0.08986859844,-0.4361717026,0.1156458379,-0.03202609601,0.2732166781,-0.9993223097,0.5570501766,0.6129267894,-0.1510159678,2.158839833,-1.189449927,-0.2003551139,-5.760966376,-0.2193831267,0.9631002648,1.584147219
0.2981506177,0.08157915472,-0.09599370104,-0.6528316394,0.4854105586,0.4505514192,-0.3080257714,0.1287683133,0.4892148907,0.1661242679,-0.630970167,-0.3089342535,0.0509430011,-0.9582637978,0.1939353916,-1.360779936,-0.5862743672,-0.6176125897,-0.04995856494,-0.4704897069
-0.1859056515,-0.3631639001,0.3492657544,0.9294354858,-0.4068014824,-0.07350869096,0.2684219768,-0.2117697476,-0.7473905933,0.5021804499,0.5954691496,0.004742091773,-0.9917016001,-0.271709549,0.03245189923,0.6302660172,-0.09006262324,-0.7548155272,0.4933705502,0.8832198885
0.08631301958,0.2055375381,-0.07869008228,-0.1579300675,-0.2046046973,0.01367820593,-0.2779602864,-0.5347213834,0.4249978151,0.08386240129,-0.2388752757,0.8390470534,0.9011345725,-0.3278702701,-0.5912490373,0.03763512542,0.1570139724,0.6480104188,-0.2151826282,0.6920840638
0.1956394509,-0.02789246548,0.5395663002,0.343581796,-0.2416361376,-0.1142258896,-0.007613322684,0.3748917748,-0.7325801742,0.3156375313,-0.05845487781,-0.2555571907,-0.8472883174,-0.8715992062,1.031295522,0.9211929741,-0.8062862209,-0.4397179798,0.7793702964,0.2792184772
0.4145283635,0.6433360451,0.08175943356,-0.9287915221,0.4293713949,0.2336772266,-0.7514960408,-0.2072935743,0.7996242262,0.007846955298,-0.5868861576,0.9290251492,0.7432725119,-0.9400069511,-0.8049464902,-0.4565925056,-1.532723263,1.02087148,0.4899482661,1.182175416
0.335945025,0.2247579998,0.140993429,-0.1451037804,0.4369356677,0.2430273936,-0.8380620627,0.1890470637,0.478806863,0.4243620578,-0.2134769288,0.3537625888,1.161278709,-0.9637184795,0.4391491736,-0.5367974835,-1.58755715,-0.05132126256,0.3232036704,0.6535107246
0.1306214733,0.03799752865,0.03225930371,-0.7610319931,-0.080883768,0.4229214123,-0.2026041767,-0.003240006206,0.4412056251,-0.452461113,-0.6421009431,0.6698204491,0.2394667394,-0.3362434303,0.09926575534,-0.6506796428,-0.189112767,0.7891995136,-0.4221449715,0.4268428394
-0.4892163621,0.4810760819,0.3121105579,-0.03055468095,-0.3453748869,-0.001451478491,-0.4499407556,-0.1640241078,0.2047948451,0.2023061408,-0.1539343557,-1.169430015,-0.2182989193,-0.5291439566,-0.257437316,-0.3877627383,-0.3095452222,-1.262011131,-0.3506833451,-2.058291447
0.482512996,-0.2269996675,0.1528142499,-0.1904721646,-0.02973708563,-0.02653311461,0.2762402356,0.05590378018,0.3305703268,-0.5358278117,0.3643046105,-0.2507700642,-0.04043377029,0.9138566444,-0.3357989172,0.088810516,-0.9192686198,-0.3465254044,0.411108053,0.1859663642
-0.08808722649,-0.2653249147,0.09626991412,0.5244983045,0.2306933907,-0.2374246852,0.3329260762,0.06160706154,-0.4036829236,-0.2474430371,0.7134677867,-0.3551058475,-0.3695397022,0.4492802053,-0.6874350106,0.2400115692,-0.6156797849,-0.1070428146,0.5846036173,-0.3097085714
-0.1792800299,0.2127333522,-0.4499437391,0.2408467743,0.03033654894,-0.5138225683,0.6167374354,-0.6627049793,-0.5706177617,-0.4424983314,0.2225472492,1.083098317,-0.1254071204,1.154246898,-0.9704425881,1.520387304,-1.20026024,0.8769944966,2.132860733,3.212309018
0.1910874886,0.2040658052,-0.2945874657,-0.6290574503,0.1307478504,-0.5855836887,0.3523643677,-0.06784941907,0.3815314242,0.135745312,0.5923153643,-0.05236037389,0.2194257098,1.179452766,0.2677239557,-0.5374137134,-1.581893252,-0.1334524891,0.170147991,0.07787465535
-0.2130282248,-0.7817928034,-0.05577907218,0.4059593134,-0.4077973356,0.2090727816,0.911334472,-0.8482276645,0.5638584297,0.3644024225,0.8383703837,-0.860405334,0.7484836704,0.213324055,-0.2485745638,-0.912982084,-0.6518939543,-0.3300654356,-0.5791752338,-1.423829645
0.02710339441,0.7212796486,0.01017511679,-0.7495159363,-0.1073751972,0.2420002059,-0.8874068858,0.1526445509,0.01816599948,-0.1806215726,-0.8197090575,0.2355953903,-0.5464373641,-0.7846556951,-0.6024932404,0.01891970667,-1.187495967,-0.3695847177,0.9317500966,1.311411552
0.2621523615,-0.001689953887,0.6714026573,-0.0805445063,-0.1117607856,0.2710658854,-0.3506730731,-0.2263528528,-0.5211766379,0.2345996508,-0.4020319688,1.208296207,-0.711168629,-0.418910919,-0.249549868,1.012072416,-0.04021462564,1.245829115,0.07325132226,1.842597934
0.299326886,0.1102699523,0.3939014299,-0.3629352187,0.178090369,0.7480484698,0.01292412266,0.9184394269,0.1475817811,-0.3380256642,-0.6410077397,-0.2691708759,-0.196508959,-0.6966295644,0.8665900329,-0.2211512174,-0.1015572028,-0.3079347647,0.1362894059,-1.000512059
-0.1350664191,-0.1012089672,0.2496483818,0.5713231432,0.7800639733,-0.3588532648,-0.345104741,0.6392300705,-0.2725902548,0.1762084991,-0.9414559648,1.061745974,-0.4666678943,-1.10892621,1.429991535,0.2957233734,-0.959993519,1.072091859,0.8219751769,2.279670507
-0.1417820557,0.3536340854,0.1850166425,-0.01174624702,0.1613759623,-0.3931605182,-0.09940815186,0.1121810188,0.1919876475,0.2813007392,-0.003010396941,-0.5689307556,0.2669268553,-0.7458781042,-0.242248794,0.01169511136,-0.1454118324,-0.1038402733,0.1714150499,0.0279569417
0.3356489582,-0.4390385392,0.0760409179,-0.02241626162,-0.2566887557,0.2146377372,0.5673713566,0.1386012057,0.2983043169,0.1582527715,0.2906454235,-0.4440147273,-0.3134031863,-0.2135540229,0.1238302409,-0.2757134293,0.7609278868,0.2023599679,-0.4051010095,-0.7443960158
-0.213347783,0.3194569349,0.4740389737,0.1331331286,-0.6738899718,-0.1526042212,0.1222927319,-0.727500534,0.2854772124,0.04372408614,0.8961262042,0.4895154027,-0.1501237595,1.094284225,-0.6485093369,-0.3873843765,-1.520667739,0.738417418,0.2812047343,1.05191654
0.05970746043,-0.9543670475,-0.116456267,0.9326065371,0.1243745914,-0.4462713968,1.380273694,0.1006693736,-0.9848342318,0.194393052,0.9109555355,-0.2646300512,-1.321054487,1.30099452,0.8966925922,0.9333146331,-1.084640656,-0.870370865,1.237839353,0.4590101256
-0.3256172886,0.2683099431,-0.2563873916,0.5253560218,-0.5214598132,0.1038873211,-0.3808648481,-0.3713311096,-0.09998270995,0.440786241,-0.7555986296,-0.2059466829,0.2145533474,-1.220218265,0.002281475791,0.001129095185,-1.328489643,0.4134330826,0.3254241216,-0.02089172039
-0.357138173,0.4105303537,0.5991755557,0.238707145,0.4054565504,-0.1279058222,-0.2219695358,0.7600485834,-0.3855311408,-0.1752282707,-0.3417046903,0.4707736707,-0.55624364,0.2101638198,0.5638870934,0.1963174284,-0.1627471106,0.4707713846,-0.3028478556,0.5926851492
-0.01523311441,-0.6309092184,-0.344412176,0.5446140213,-0.6530066338,-0.01800510477,0.1831411639,-1.360265879,-0.4618504821,0.4556404348,0.4378141521,0.1626971329,-0.3184486022,-0.04086495241,-0.1180273575,0.06235564027,0.3021226901,0.2072670324,-0.1026264456,-0.1818259239
-0.05399737295,0.1133623199,0.2070518725,0.02034755754,0.1170647884,0.04227790278,-0.3964713407,0.1945233142,0.002782017031,-0.2910610192,-0.595018659,0.03841729266,0.08953194997,-1.200628599,-0.660534246,0.1615754305,-2.032636979,-0.5430654956,0.5446330696,0.4603729444
-0.06464755515,0.2379805431,0.5740675746,-0.3625894085,-0.5245354322,-0.5789482515,-0.8475485052,-0.425691883,0.03795494134,0.04489868264,-0.8274676042,1.111458466,0.4307193786,-0.6582755688,-0.4980632475,-0.2054924432,-0.7273785184,0.7527836826,0.242522198,0.9855719105
0.1907385105,-0.1060177385,-0.1954709218,0.300473269,-0.009251021319,0.1381531057,-0.3712631517,4.821692947e-05,-0.3751688779,-0.3358378338,0.2189653637,0.3879473511,-0.5081531695,0.6054341566,-0.3180802784,0.2138549404,-0.01873819052,0.2509379069,-0.1471377827,0.02561514223
-0.5158479369,0.27449354,0.03321792797,-0.2428178987,-0.693186579,-0.1822550911,-0.1185432134,-0.1821497663,0.3965325029,0.3250109372,-0.3375548673,-0.5549511901,0.496253412,-1.146808193,0.1268780991,-0.8585321543,-1.554148149,-0.8974163697,0.3718353848,-0.1632804267
0.2423423308,0.2854658611,-0.2923934688,-0.7339105482,0.7076984404,0.006519128617,-0.5315040221,0.3478892561,0.7965348984,-0.157905035,0.08360477131,1.037813557,1.283692206,-0.01396863406,0.2906929924,-0.8687502191,-1.407381766,0.4574315606,-0.3511247194,0.8257632292
-0.127581754,-0.4205805103,-0.2638809273,0.3236517034,0.4013661488,-0.1492261289,1.376056458,-0.06493645418,0.2691834146,0.1223851075,1.175526982,-1.201394731,0.1112531478,1.106485972,-0.753121505,0.0465776489,-0.5718643697,-1.634105726,0.4769572168,-0.8863711235
-0.5612541846,-0.2204789986,-0.2481948117,0.9170503552,-0.01591638029,-0.396852583,-0.2842133441,-0.3053102631,-0.5152277242,-0.2937755367,-0.3641996269,0.3460704209,-0.6241389473,0.1705908498,-0.6395563573,0.7449719137,-0.08423397505,-0.5123295823,1.108390863,1.48447664
0.02531075016,0.1504656795,0.006296788883,-0.2905648621,0.02209701785,0.004423186042,-0.04733366853,-0.1016237295,0.4601211964,-0.2286415472,0.3227385463,0.1769687859,0.1761460046,0.7596593544,-0.2460796926,-0.8563857656,-1.108587305,-0.1420641259,-0.1123728724,0.3012858925
-0.1401967834,-0.2958355564,-0.4621960539,0.101856165,0.02199804924,-0.08602545927,0.240665512,-0.2314824113,-0.1403677685,0.05821316768,0.03939180923,-0.4925490211,-0.4273977401,-0.2782902838,-0.7449369688,-0.2644733245,0.0828047059,-0.6635297556,0.08667850272,0.1849996916
0.1148499802,-0.07138059393,-0.1692939404,-0.2449380115,0.4411095833,0.1807814965,-0.1972463521,0.55882168,-0.06993026064,-0.07831243489,0.2486126763,0.7083454801,-0.2827651902,0.3376840804,0.1021879432,-0.3644461858,-0.3249249257,0.6256206513,-0.2101697895,0.4163991784
0.3936110965,0.1583959106,-0.6122418226,0.4906880255,0.1761782006,0.2752728999,-0.002078400805,0.1547738635,-0.4573205103,0.5765449605,-0.5482163484,-0.5168056592,-0.3365446622,-1.209680571,0.760930246,0.5786061915,-1.055399885,-0.6333373944,1.22138907,0.6854485903
0.3014103808,0.4494094116,-0.3020783021,-0.1900895765,0.005712449634,0.1954722262,0.0941085847,0.01762583282,-0.4122014137,0.4852014884,0.5036760126,0.09794093237,-0.3074247577,0.1219165171,0.3275868052,0.4883004817,0.138271621,-0.153109112,0.1397793027,-0.04165797617
0.09276606814,-0.2251771844,0.1148614669,0.4371176005,0.1311529364,0.3148578355,0.1897814622,-0.2413116082,-0.3100809106,-0.6486554973,0.3002598476,-0.8648975736,-0.379866805,1.272813688,-0.6977544404,0.2458888347,-2.165174887,-0.2419480978,0.7551666161,-0.8652560707
-0.6014119847,0.5136155768,-0.2211274789,0.3467119027,-0.3829319934,-0.2228687747,-0.1390417774,-0.3201409665,0.1793775755,0.5063239226,-0.121880475,-1.239918998,0.5983401457,-1.182357857,0.07782095393,-0.3543110497,-2.085289956,-0.8394707867,0.949796347,-0.8842852902
-0.2138486827,0.09452158715,-0.4367425784,0.06928731991,-0.4282072229,0.2339273629,0.3395433691,-0.4263015092,-0.09626650045,0.5271872522,0.1236581321,0.08920615752,0.1238886073,-0.359954804,-0.314738119,-0.153719736,0.0277123256,0.2690493323,-0.7083029519,-0.5233397
0.1318374414,-0.02887726453,0.01219933101,0.1084132285,0.6954189677,-0.4898519348,-0.3691973059,0.6605384684,0.2090207432,-0.03290109115,-0.1805543695,0.6175616142,0.5321416227,-0.2358204283,1.137205939,-0.2007919838,0.1564811389,0.1348713626,-0.6871121808,0.10914014
-0.03164231003,-0.2946426391,-0.04534835944,0.1833120381,-0.04062957492,0.08038391462,0.1146180665,-0.8160472342,-0.1226712359,-0.6626681196,-0.0608309557,-0.03172828093,-0.4706685661,0.7891824184,-0.9220636641,-0.3460409794,-0.744070676,-0.8111842049,0.1050619001,-0.2441818722
-0.09038834216,0.2664499593,-0.5844374001,-0.4009526397,0.02721075405,0.0664807678,-0.3864591224,-0.130195712,0.5657000338,0.5860004598,-0.1561387079,0.8746128292,0.8310403105,-1.214431735,0.8064932396,-1.004703194,-2.204561862,-0.1083401495,-0.3138955867,0.7349686997
-0.09675309301,-0.03091439246,0.5631577639,-0.2115466258,0.1671352806,-0.3462039476,0.08042709724,0.8585776872,-0.07754859925,1.280088259,0.1282706577,0.5526411215,-0.7337183517,-2.012298277,1.919036889,0.04152847594,-4.356167009,-0.6421942474,0.794023381,1.316414451
-0.2972939775,-0.5170557626,-0.8147298619,0.9155531756,-0.5237983165,-0.421581488,0.632648168,-0.7821571086,-0.3056390595,0.460609258,0.6615424325,-1.305605916,-0.1652616089,0.1082458196,-0.9062407316,0.2053467478,0.2940904261,-0.8442987268,-0.02414435582,-0.8416345109
-0.4583278707,0.4506504382,-0.2954088383,-0.09082353794,-0.1684177237,-0.9761208735,-0.6260296849,-0.1660301066,0.702970149,0.4999611972,-0.8398939212,0.7011121781,-0.2892921161,-2.061061605,0.2634228035,-0.6494158007,-5.319336264,-0.10595143,0.7628347142,2.002287999
0.2158611242,-0.5281435347,-0.08327222261,-0.3327285799,0.2439917793,0.1930892695,1.149340198,0.5198081169,0.4997521519,-0.2834885429,0.7672747888,1.183539932,0.3283742015,1.205272618,0.4294522597,-0.3775365785,-2.414646868,1.332237201,0.5628473539,2.02557778
-0.09042429918,-0.4321724102,0.07153184216,0.7791412542,-0.02962096119,0.4257918273,0.4279512816,-0.2301026079,-0.530943456,-0.04427896748,0.1553675105,-0.6336325054,-0.2050682395,-0.1260821003,-0.1847479524,0.3681954389,-0.120589837,-0.7397876462,0.0120648399,-1.170277967
0.4483572612,-0.6138973176,-0.3841791981,0.6560231103,0.1448660835,0.4078825966,0.8432918456,0.1036211929,-0.3065841551,0.4492394563,1.333425819,-0.4219771635,-0.917020484,1.398436246,0.993962502,0.2386020529,-1.985401731,-0.6414094699,1.296283385,1.003539159
-0.2059219798,-0.4668570368,0.4297802877,0.6474015937,-0.3298624468,-0.4442031273,0.4844350656,0.7309860746,-0.2050028036,0.2652445724,0.700085548,0.4757108175,-0.4221698402,0.6434830636,0.426482992,0.2423821788,-0.3078015059,1.219297714,0.8907747647,1.445292446
-0.03984982406,0.301407763,-0.2519613438,-0.374384619,0.9136804303,-0.6925519178,-0.6908417991,0.750208084,0.04928363674,0.2229827391,-0.2814335013,-0.4251398128,-0.4378050368,-0.2531018221,0.4865425729,0.02868746539,0.5995387228,-1.541062441,-0.7190370105,-1.282376504
0.08206971335,-0.002627859582,0.05365025467,0.04978483675,0.03410520816,0.1953700275,-0.3466827511,0.40896224,0.06038989436,0.04181507054,-0.7380164781,0.7304725978,-0.2125767524,-1.378105591,0.3490118622,-0.3201379329,-2.030240385,0.08385283918,0.9069904364,1.493973181
-0.0470536723,0.4320574272,-0.743108024,-0.233520263,-0.5642467313,0.3889718587,-0.4937002148,-0.2986129268,0.2641917889,1.370795478,-0.3549577421,0.547640299,0.1488834625,-1.555423056,1.103787779,0.2350990748,-2.783078631,0.7545169402,0.3768698835,1.400358526
-0.04872551875,0.0852776312,-0.2733950052,-0.07171817083,-0.2227305213,-0.2295896614,0.1276640027,-0.07571407974,0.12333116,0.3367707028,-0.2294641709,-0.3939524805,0.8330158241,-1.022845529,-0.1019961611,0.6415006219,-1.466926337,1.246797638,1.504402609,0.9116093288
-0.03143144166,0.2469706214,0.3617979878,-0.4466981617,-0.1831283246,-0.4214278416,-0.2267020686,0.6564197506,0.7000743084,-0.5060032121,0.02386628671,0.4788316282,0.2430818152,0.7097160388,-0.1218666611,-1.27477782,-0.7772469256,0.3055920313,-1.008605843,-0.6615138977
-0.796124943,0.01296617631,0.2430407545,0.827795593,-0.01395606388,-0.0392073895,0.4513501525,0.682274385,-0.009205317852,-0.1451509752,0.5128651663,0.3717588178,0.5444198755,1.240325011,0.6019752961,-0.2471324009,-2.227778557,-1.230463834,0.4823089001,1.297150114
0.2800838417,-0.4593671323,0.2853618756,0.7661832119,0.4844585068,0.909263326,0.1377994233,0.5172258066,-0.8009116899,0.2933608632,0.6409930213,0.1144598602,-1.08329151,0.161567797,1.087906244,0.4008129087,0.4931429047,0.5901638309,0.7534664841,0.2274218551
0.192544026,0.09733652454,0.04231776712,-0.5430387863,0.4084482627,-0.2695894862,-0.1182430298,0.1691019062,0.1775020884,-0.2391167335,0.2035852498,0.2505777492,0.02047612192,0.6312251416,-0.7588219667,-0.4441094475,-0.347101929,0.1903834618,-0.1336500187,0.04216482409
-0.002386487546,0.3877770878,0.2579277018,-0.9561417339,-0.3306417523,0.2172108631,-0.6900540238,-0.1546644168,0.7436751373,-0.1186840596,-1.006730114,-0.7298778088,0.9643654994,-0.4639831414,-0.0726878916,-1.331903199,-0.8269338922,-0.2467513778,-0.1461357364,-0.5279625972
-0.9083510719,0.06014466659,-0.4310029929,0.7966801779,-0.2243400542,-0.4073162448,-0.3098877771,-0.6146195883,-0.2218488995,0.1175284257,-0.4058185169,-0.285531819,-0.186768739,-0.9201228521,-0.4200631377,0.07532351396,-0.888516189,-0.4537886794,0.6973500264,0.6253209405
-0.3661018563,0.2696937313,0.2618951051,-0.142207052,0.4809196732,-0.1531531713,-0.5732955447,0.8939298903,0.4077206276,-0.2573483669,-0.3151787397,0.2830198575,0.8609326106,-0.5833087701,0.8328220353,-0.6633360757,-0.4473583612,0.08185154467,-0.1911088938,-0.3315727857
0.4219440492,-0.499883373,0.2532085434,0.0002387527508,-0.2329635531,0.0122845801,0.3309838037,-0.2031764177,0.004007899773,-0.7849807617,-0.1996719047,0.1714946965,-0.3219932411,0.4221627442,-0.9206958807,0.2264909736,-0.4346868382,-0.6622047588,0.4481044086,0.6676754304
-0.5311679609,0.2482989582,0.368820813,-0.04766319591,0.370925361,0.2867973841,0.2636886554,-0.3151498425,0.2887396881,0.4111344551,0.1730032936,1.256741328,0.4325977186,-0.5473015867,-0.3141477351,0.1891618898,-0.7774455045,1.110456878,0.705998858,1.222238827
-0.4721724824,-0.2497169624,0.324736337,1.0854862,-0.1868692523,0.1914157016,-0.2326174758,-0.09961764884,-0.6040513194,0.1299411257,-0.1448788898,0.395923443,-0.3939487933,-0.2992055528,-0.6320638127,0.8084162284,0.1409411526,0.0004626476524,0.5384047783,0.7139735742
0.348891486,0.02068293468,0.2385516375,-0.3375394978,-0.3620895527,0.3048532066,0.1403211259,0.1659835533,0.1397129072,-0.4770611914,-0.123709171,-0.09571432232,0.05321006674,0.7680572958,0.1345486642,-0.05153077565,-0.7004025748,0.4976907563,0.3966634397,0.5229740418
0.3210196123,0.620856552,-0.1358501016,-0.8969721276,-0.05862888292,0.164902879,-0.255616584,-0.05090058101,0.3555712793,-0.141031742,-0.1675014715,-0.9832166994,0.2198913381,-0.7208123361,0.3818037874,-0.1200660542,-0.2440101416,-1.079927247,-0.3344975115,-0.8018674944
-0.1966537126,-0.2447346707,0.1182920038,0.01336313548,-0.1563149122,-0.5210918731,0.4968623438,0.1008098114,0.08921246785,0.1060913976,0.9452192382,-0.2065312495,0.2154031754,0.9528733535,0.9562881769,-0.2876988474,-1.120395461,-0.5548942719,0.5149286449,0.8532009622
0.4314329582,-0.6508837604,0.366978303,-0.5273372523,0.4008066507,0.6232440617,1.019285022,0.07255081864,-0.4322675865,-0.01860519806,0.4900576852,1.191368783,-1.77474229,0.4686112404,-0.06064579654,0.6021630066,0.5707801822,0.1174550358,0.2994221067,1.397573229
-0.01091628498,0.1870099402,0.28826008,-0.257696528,0.5797970562,-0.2835429162,-0.7064271239,0.7037163296,0.8279504924,-0.01435730677,-0.168574063,-1.135977903,0.4158740548,-0.2086582885,0.5851880008,-0.9409262421,-0.5062992104,-0.8175657057,-0.3823273321,-0.7646063049
0.1205664033,0.03158851758,-0.3758175183,-0.4924642252,-0.3670521584,-0.3282671246,0.5765568821,-1.073927565,0.2441149254,0.3858136223,0.6120031353,-0.09581214329,0.5570716971,0.9474535848,-0.8356934093,-0.5086239744,-1.418037825,-0.03361671446,1.326619338,1.101284431
-0.4403536483,0.2992955894,0.07578424191,0.2095288009,-0.410093229,-0.6195939065,-0.3983842119,-0.6789001024,-0.26056896,-0.1358861201,-0.3711870645,0.7851531313,-0.7705131283,-0.6601245823,-0.5050022688,0.8597944065,-0.5594993117,0.6465878154,0.4046035564,0.906249895
-0.549304101,-0.1563893861,0.6397158522,0.8447772263,-0.4037675096,-0.05576451229,0.4671057075,0.2843669532,-0.6043595223,-0.08665867475,-0.1361702179,-0.2221318402,-0.5108226784,0.06373454296,0.6219231134,0.2428051587,0.4701888843,0.3527353034,-0.02138500189,-0.5903208791
0.149519543,0.3432931465,-0.0400171778,-0.06960313818,-1.126626316,-0.2170000838,0.5556116617,-0.6510217041,-0.3653624178,0.09146320667,1.033827503,0.523988054,-0.457168002,1.277794065,-0.2743475016,0.2027165409,-2.03284253,0.9717399293,1.560277326,1.125593166
0.4454623924,0.08671023662,0.0773806726,-0.6060330293,0.4144348179,0.1346547134,-0.4164714378,0.5082001375,0.6468908323,-0.6173220486,-0.6121276391,-0.553192197,0.8056954511,-0.142494303,0.09300048229,-1.326146574,-0.8427747175,-0.7474693144,-0.1898850612,-0.8881270491
0.3904775192,-0.574679882,-0.3811822686,0.252335902,0.395147041,0.3684270894,1.291058807,-0.1351723398,0.3395333284,0.2968774547,0.8252921771,0.3120530394,0.3908278258,-0.002785288503,0.2733637644,-0.8536133093,0.02718175841,-0.07404911947,-0.4639608625,0.6697752833
-0.2405653596,-0.1485455008,-0.3788118827,0.9152700796,-0.4706314327,-0.4929226267,-0.09926907652,-1.117630186,-0.8323974572,0.544884155,0.3552965877,0.1817345988,-0.6326574569,0.3418375702,-1.115766949,1.002739169,0.8906066108,0.02632629005,0.6232485059,0.6222607023
-0.6380808823,0.5527671705,0.2893231656,0.1858336562,0.1474465998,-0.2071979391,-0.8740505396,0.1946705253,0.06742241817,-0.2788384674,-0.4399914341,-0.8546381152,0.1764068456,0.114070307,-0.5463244177,-0.3515793813,-0.5978194479,0.03000043691,0.6361594025,-0.07941157676
0.04258575221,-0.3135356711,0.1871587066,-0.1157387576,0.4413609655,-0.02253641459,0.7877844467,0.3343573317,0.3902429532,0.02396109499,0.7962745202,-0.5172824382,-0.05117917098,0.6131209989,0.2155829901,-0.2906313802,-0.1546567443,-0.5327967914,0.05790768284,-0.835942716
0.2255114775,-0.09382885664,0.2149394505,0.177086182,-0.3577752093,-0.05451280832,0.2732155763,0.5335648994,-0.1647421502,-0.2651048191,0.4747332255,0.2445891556,-0.08699768341,1.109209783,-0.2444622269,0.2203344892,-1.687941622,-0.1355259469,0.7671752965,1.251694957
0.2168819689,0.001538863443,0.3757153595,0.1793510662,-0.2554077696,0.06868173335,-0.2044609058,-0.5575982628,0.2836678489,0.09193201808,-0.2045076472,0.2397223724,0.2896658513,-0.7108420317,-0.4395158981,-0.8519296959,-0.7173071053,0.1294373336,-0.2729919498,-0.1031575961
-0.1247338752,-0.05447907217,-0.2722226861,0.1173052159,-0.3744624467,-0.1539721603,-0.2496464894,-0.124160841,-0.3599318995,0.4907037467,0.4631669241,0.7852772297,-0.450196235,-0.1496028754,0.8734234731,0.01431253702,0.2385370347,0.4703780637,0.1840261266,1.17538836
-0.2414651529,0.5680671904,0.2394194347,-0.5452271337,0.02823147971,0.2081576396,-0.5622716537,0.4142148662,0.2529021287,-0.1778498008,-0.4137502326,0.2228744392,-0.2374231675,-0.2917607223,0.2301705772,-0.2035640454,0.3283495543,0.4377916614,-0.4667928214,-0.2669060549
-0.1051027833,0.06971282117,-0.1848240555,0.2589585009,-0.1028106273,-0.4345263559,-0.06430445744,0.1055814191,-0.0661854368,-0.3260785466,-0.7764833432,0.3613044129,-0.4460228466,-0.9209432398,0.7440926239,0.01026935003,-1.378434084,0.593278719,0.6229292257,1.36427425
0.5883922025,0.03898653523,0.7993932202,-0.3502693201,-0.1874361478,0.7919764459,-0.4706981389,0.6591950555,0.09666873161,0.8421352279,-0.3565090563,0.1716025213,-0.4801357181,-1.543990944,1.127438082,-0.4012955224,-2.249839437,-0.7090673901,1.385298792,1.710735544
-0.1582351837,-0.7710273766,-0.1353605045,0.8206342097,-0.00238216101,0.5672681364,1.055875042,-0.09756931173,0.2977675123,-0.2545153008,1.175116435,0.1799233666,0.2054379255,1.869251648,-0.2069081945,0.2417172614,-4.310757663,-0.859235924,0.5708264908,0.6099555577
-0.4148444152,-0.5061817508,-0.3857157538,0.9522380008,0.1921590422,-0.3662125322,0.9969838514,0.02203255536,-1.40237224,0.2853192679,0.4635517992,0.8830939615,-2.200583361,0.1112808824,0.7560595171,1.609744337,1.09677151,0.1957783695,0.07618231495,0.743970754
0.6264862328,0.3589408738,0.09383812043,-1.419296315,-0.3431341998,1.267496681,-0.4525181612,-0.03447972673,1.119054142,0.07111095509,-0.8283505879,-0.8714325375,0.09486642159,-1.471274869,-0.8419674245,-0.8908973863,-2.832603785,-0.5540990579,0.3468715412,-0.3830568805
0.2408481341,-0.4171317368,0.2935622382,-0.2365845907,0.9863750451,0.002205263659,0.5789827537,0.7542441556,0.6152956258,0.3119845789,0.8126995406,0.3638133633,1.001999218,0.4390123539,1.148369858,-0.9866632662,-0.5922756362,-0.5561637535,-0.1826682521,-0.08776654522
0.2778398106,-0.5787369842,0.09944948489,0.2809363454,0.263176698,-0.5036379136,0.8422734273,0.1925283843,-0.8290322694,-0.08003666941,0.9765266719,-0.2214124128,-0.7018085904,1.309122552,0.1405822503,0.2734599103,-1.657837548,-1.07163787,0.03009490062,-0.1996197501
0.0384045748,0.4557635523,-0.03115435093,-1.157928861,-0.3897225042,0.7501483977,-0.3545189793,-0.724133403,1.044340835,-0.5234578296,0.1791365585,0.1092295776,0.841387512,1.173672445,-0.7067330501,-1.177517985,-1.758825016,-0.06507971088,-0.2107816001,-0.4791982039
0.0563564424,-0.7327161096,-0.1742830211,0.9206109443,0.155665426,-0.179561374,0.732859069,0.5529861174,-0.5232043892,0.4742692146,0.5698508285,0.502409079,-0.1250041214,0.9498987605,0.9311599962,-0.07637645239,-1.013806901,-0.02737925038,0.7442366009,1.119932456
-0.2342819254,0.3125308339,-0.7018239517,0.3176981353,-0.28672406,0.005741975367,0.1880616821,-0.1472368499,0.1107432812,0.5658147546,0.3563683997,-0.0342468187,0.551431231,-0.3259717944,0.4124616938,-0.3098589228,-0.0341551736,-0.5507097999,-0.5961047992,-0.1998170602
0.1411361011,-0.3761714234,-0.3971208921,0.9273237292,0.1759897718,0.4967887291,0.5816705915,0.0993418559,-0.6102314493,0.4887320508,0.3099811077,0.9947941644,-1.58617102,0.1237589618,1.393124934,0.4352532851,1.286474359,0.6449241322,-0.2936283154,1.299048763
0.05670596854,-0.1050165682,0.01762544864,0.09086052491,0.2779096622,0.09360191738,0.4391816914,0.3529625098,-0.3961041941,0.2911079173,0.07941180108,0.8839145693,-0.05079490235,-0.4971164711,1.154092044,0.5988366197,-1.009389591,0.9618820753,-0.006825559243,0.2613181402
-0.007898248168,-0.02942051197,0.3953312512,0.03606547521,0.4754864426,0.3964676181,0.2979790575,0.6282215041,-0.2248193056,0.6276557047,-0.2065027882,0.05452786182,-0.6412296421,-0.7315449796,1.051686512,0.3784974957,-0.9981211593,0.5039541231,1.234922348,1.008802896
-0.2417304311,0.04418832942,0.6132791022,0.2521071584,-0.1360880219,-0.5167748904,-0.02116992515,-0.3183185659,0.257496337,0.1220950041,-0.3499617465,0.7512283427,0.05822444176,0.02502214544,-0.2611628422,-0.01583587492,-0.2005005825,2.088130995,-0.8246550343,0.05679618845
-0.1586928948,0.3273377216,-0.9264693541,0.3749928842,0.1957877761,-0.2802996989,-0.4866355782,-0.2446777012,-0.7148847851,0.9383690764,-0.6176573054,0.1397175009,-0.8622901906,-2.497440687,0.6895430774,0.249021879,-6.248561248,0.05537445658,0.4264624504,0.3963215459
-0.04571858092,-0.08564128374,-0.1616968241,0.08281621516,0.07341235428,0.09956291206,0.8049576941,-0.3052025873,0.2173312456,0.1852861987,1.300989621,0.3461416503,0.313327645,1.929467761,-0.4400316656,-0.1996987949,-4.482940884,0.08674346589,0.5368762809,0.8788685117
0.3396631856,-0.09526793264,0.3509465819,0.03776403185,-0.1426769335,0.273476786,-0.3724797911,0.4746585963,0.5641406889,0.04616786555,-0.6223412999,-1.081056445,0.914738474,-0.8941616713,-0.1785186523,-0.9563602203,-0.8723401311,-1.032013584,-0.7791423293,-1.888876316
-0.08512132625,0.05590145288,-0.4009935179,0.04664220645,0.009453982533,-0.1442758169,0.4296098257,-0.4236853696,-0.6378609075,0.2169702794,-0.05178874675,-0.6153169787,-1.240871889,0.2778836527,0.05895977267,0.4007480954,0.570216103,0.3013347011,-0.1403949617,-0.4216230893
-0.5938298499,0.08016694138,-0.05644634693,1.221361011,0.4088903709,-0.1657232355,-0.3699123455,0.5209270927,-0.400629579,0.3811276266,-0.368123384,-0.1544359122,-0.5533404375,-0.7828348251,0.7843181353,0.1514534989,0.03714283409,-0.5533591336,-0.5539260241,-0.8915115612
0.0477283947,0.4132806041,0.03322060457,-0.298408231,-0.2218829658,0.2234952768,-0.04683700062,-0.1225870618,0.6766446458,0.4067042237,0.03098124347,0.03001213614,1.76835807,-0.7103585381,-0.03665748545,-0.7775325355,-2.580809125,-0.1875536669,0.01015917271,-0.1948849584
0.08670880725,0.3053676196,0.3817978479,-0.3487383295,-0.2176980652,0.5942694055,-0.7657663512,-0.5217190084,0.6971915836,0.1568860877,-1.073421213,0.04321754051,1.016623247,-2.268195184,-0.2214703881,-0.908598651,-6.674474873,0.123756092,0.1142995917,-0.3816641105
0.07610854076,-0.004394613084,0.02712878274,-0.122444288,-0.186548653,0.745320131,0.3686885674,-0.7115662059,0.06111335582,-1.077503649,-0.2094845372,0.1800751623,-0.4900345134,0.9932508454,-1.257389858,0.0801500583,-0.9509084174,0.8811052543,0.4235236426,0.536902565
-0.1382679786,0.2793194878,0.1601237195,-0.3132375956,0.3941568859,-0.5872145729,0.0122680035,0.01740222639,0.4253809234,0.3288929341,-0.1263889553,0.4867967954,-0.5850952552,-0.6719484275,0.5850804001,-0.5072427544,-0.1119756752,0.3509389808,-0.9261566464,-1.009739323
0.6176013235,0.2471542785,0.04491947571,-0.6674694407,0.5104737839,0.3666552113,-0.4050813155,0.7153401358,-0.2929043832,-0.5494690088,-0.6250746678,-0.4939606627,-0.1882235189,-0.07026635537,0.2030023592,0.4362839995,0.4663696781,-0.6230838002,0.03323290633,-0.6906188446
0.3713993794,0.1360443478,0.7735365699,-0.3267988173,0.007131085664,0.296604471,-0.07323932827,0.6858391581,0.5351898739,0.5201755951,-0.1740829485,0.7027197533,0.6620247166,-0.5320499175,1.023075807,-0.01703840424,-0.9761817952,-0.07179595831,1.532763509,2.434489059
0.2259644716,0.4669132176,0.05049261163,-0.6673544851,-0.1689238113,0.02379697415,-0.6627507711,0.06253752569,0.8325796196,-0.4948537283,-0.2614626512,0.5987304466,1.093632845,0.6412271904,-0.4658518713,-0.8794982368,-1.153771003,1.3736922,-0.249979701,1.025692597
0.1037582784,0.2335631704,-0.2039607153,0.06635437902,-0.2031033719,0.4501827329,-0.1433859389,-0.5707014752,0.3854299431,0.09230449537,-0.1818115872,-0.08505041958,0.4043870761,-0.5438701203,-0.4855369862,-0.07464114429,-0.6851744812,-0.5476142839,0.2675994925,0.5162507887
0.2735272327,0.4789609925,0.1051546662,-0.7851953683,-0.211011789,-0.1097920393,-0.548636264,0.0459922279,0.2470090432,0.06977952193,-0.9036634963,-1.131957947,0.0245449469,-0.6149359386,0.323328494,-0.2759491825,-0.7108322725,-0.9302469558,0.525663635,-0.8113992223
0.3612157586,0.1127347873,-0.09866643479,-0.5065345571,-0.02614450363,0.1470176753,-0.1477197332,0.04129062872,0.4141884967,0.2654087315,-0.2078255094,0.8665064973,0.3459510749,-0.1616514978,0.6951980526,-0.1462469999,0.07359530655,1.261024036,-0.2833704293,0.4291671304
-0.2535533137,0.09178728964,0.08665083367,-0.2167752359,0.7011623469,-0.6224641589,-0.05881732925,0.863518191,-0.07351229807,-0.1655603991,-0.9449017125,0.9739047977,-0.1007295078,-0.7115447932,0.37838854,0.2752380035,-0.5554110312,0.237076343,0.4365513283,1.562511616
0.01785029837,-0.6372723462,-0.6263923802,0.4549604333,-0.1070981592,-0.09850756018,0.7352596915,-0.6586157256,0.2024120619,0.5251044488,0.2892255214,-0.0001820981475,-0.1229387182,0.5021882625,0.6347739004,0.05464077226,-0.1817395781,-0.4923856859,0.4234407654,0.6530122012
0.1291506769,0.4249515907,0.3034019047,-0.4055741421,0.6785396713,0.7864540466,-0.5709629081,0.537517882,0.3704950477,0.4118163874,-0.7210072386,1.203485365,-0.5206410674,-1.293158104,0.3087616039,-0.3545590352,-2.051741261,1.291926054,0.4223499558,1.452935209
0.234466122,0.4593528683,-0.2518291833,-0.8927056828,-0.4683325822,0.09305286481,0.3901343494,-0.9728236823,0.5515680573,-0.2129430813,0.6678344358,1.428334174,0.05545501457,1.227422231,-0.724455123,-0.4358651977,-2.300672162,1.590914122,0.4966856112,1.85123198
-0.07520470993,-0.6134632183,-0.420824995,0.6967589164,0.2962740744,-1.07200161,0.3503300013,-0.05999046074,-0.2607587426,0.2767553484,-0.2307371599,0.7112680186,-1.558239098,-0.1608178779,0.6376016571,0.1954253833,0.6431214407,0.5837216989,-0.7662215583,-0.0765912625
-0.1037517931,0.6775092169,-0.03504583807,-0.9788006408,-0.2649364176,0.04727765866,-0.5477742728,-0.6980595896,0.6005093158,0.2560660327,-0.09215223874,0.2429533532,0.4537565493,-0.2549694677,-0.5381405569,-0.8041982213,-0.4309951252,0.3436449333,-0.02016303922,0.091945834
-0.6033116772,0.2137644645,-0.6640645143,-0.3083275351,0.2795268349,-0.4477359978,-0.1471434318,-0.3682661698,0.838419383,0.1789992802,-0.2182785215,1.077786256,0.7925999939,-0.009184373759,-0.1972600015,-1.09757329,-0.4705678653,1.370703885,-0.3224213988,0.4842845387
0.002028480457,-0.3293161277,-0.249152867,0.3481973085,-0.9846104612,0.2783069196,-0.07348737422,-1.526476885,-0.2119482929,0.6371353608,0.2065547009,-0.4124137718,-0.2709296675,-0.1386096551,-0.8076939201,-0.1630213567,0.03150922621,-0.1255938389,0.09555161109,-0.3274946199
0.3986864084,0.2109086073,-0.2020004667,-0.6273916621,-0.4375336588,0.7469915507,0.1419197088,0.1209282664,0.8800331008,0.5089232132,0.9568692186,-0.652014003,0.3752979082,1.098206524,0.6861257875,-0.7563289731,-1.560938924,-0.07608889864,0.4537236509,0.005807733786
-0.1658613704,-0.0335060592,0.4646993127,0.619121311,-0.1113579218,0.1084108678,-0.1539211796,0.1378400413,-0.6319129836,0.3966991073,-0.01145073134,0.3926362161,-0.8193151928,-0.6486513862,0.2891302964,1.383697542,0.138453674,-1.327811748,0.4871581791,0.3636301476
0.1814456844,-0.3716644293,-0.09326823347,-0.2653244908,0.4625114216,0.1167277411,0.07822905692,-0.05491526295,-0.2276108379,-0.4537634235,0.2455610893,-0.668611838,-0.1758351762,0.88107265,-0.6386130582,0.1412780661,-1.030866739,-0.8901414834,0.6069273054,-0.5998599012
0.2708289904,-0.2846922453,-0.05984287036,-0.0771164185,-0.1151842901,0.3872384349,0.2817991797,-0.08698851037,-0.03327866149,-0.1453893136,0.8399314788,-0.133255675,-0.3052493857,1.514445112,-0.404650063,0.1580604203,-2.455002081,0.6557082255,0.8729935334,1.686113631
-0.2163470594,0.1843021268,0.1249075006,0.1154855641,0.8197049538,-0.152481714,-0.1508637867,0.7597706129,0.503768148,-0.2342779586,-0.1470183881,1.245831825,0.9916012905,0.201036805,0.9417119078,-0.1562864764,-0.8870279547,0.6903567801,0.8543942953,1.786683522
-0.2424438405,-0.3754863017,0.3541116313,-0.2128352411,-0.04397590136,0.5860544771,0.5446012145,0.2982988777,-0.199179162,0.1848204743,0.7838503641,-0.685616925,-0.6692397241,0.04390965899,-0.1434801505,0.1259752295,0.4219336884,0.4415434299,-0.3140460882,-1.346673566
-0.09072443303,0.05894882865,0.08439220783,-0.05066828568,0.3695040776,0.2848994267,-0.2705819173,0.8823463555,0.7071988097,-0.804205612,-0.3488283134,-0.2451715211,0.8902413017,0.4660396359,0.3064990431,-0.370068789,-1.449414254,-0.1019483662,0.5374562507,0.05148829456
-0.6540573894,-0.1053021228,-0.2879062626,0.5065168283,-0.07474453048,-0.263747824,0.5075830617,0.0695514156,-1.133613736,0.2147763979,0.4842063991,-0.2353788879,-1.161099598,0.2251625888,0.09758199439,1.33579336,0.4617570039,-0.4849795982,0.6224148633,1.259216786
-0.04791406306,-0.1203489161,-0.05399908312,0.1305183728,0.4524549767,-0.3090941597,-0.208235496,0.102892428,-0.08438556903,0.1666244967,-0.323663136,1.123853431,-0.7635755588,-0.0965231414,-0.1973139013,-0.2586706016,0.1513663898,0.5227783603,0.005005855625,1.427904767
-0.2754487361,-0.07533724556,-0.01925032703,-0.02381656168,0.280767188,-0.2661839192,0.0611791193,0.5948845464,0.2017328344,-0.01066904913,-0.3476533666,0.4482821912,-0.2666727673,-0.3047107694,0.462751929,-0.7352220179,-0.2677847071,0.9576400894,-0.3887183638,0.09593409354
0.3993677566,-0.001207810909,-0.01334914734,-0.8330656341,-0.1635293888,-0.270870212,0.2819061072,-0.6145464594,0.199302157,-0.3612689451,0.1265864204,-0.1394147325,0.01454356886,0.4571738393,-1.037845513,-0.8510057102,-0.1321090248,-0.6566141003,0.07547640324,-0.4407579143
-0.2467627856,-0.4664863082,0.1943743465,1.015141697,-0.07989299069,-0.7094930257,0.460275532,0.1725839346,-0.8230657711,0.1934061408,0.04708391163,-0.4626529576,-1.198399733,0.1796028419,0.2448646225,0.1397167615,0.7136612374,-0.8040963428,-0.7876656529,-0.6145679704
0.4763054477,0.1972931238,-0.09645298509,-0.5478815983,0.2665441128,0.4041391686,-0.4716480873,-0.1211876559,0.6484709551,-0.4234731622,-0.5597107806,-0.02023668132,0.12420105,-0.2496018902,0.1281446587,-0.6295912463,-0.2742749469,-0.1582354983,0.466097735,0.8216227774
-0.2197931087,-0.4035957794,0.1318430804,0.5246994614,0.2190366192,-0.9767238394,0.3483310249,-0.3670534583,0.6045896364,-0.3008713416,0.6052699016,0.3394215326,0.01195280983,1.582254175,-0.3918472961,-1.08692917,-2.731841581,0.6384849488,0.06859563783,0.165482319
0.6007729163,-0.137822419,0.06643225806,0.400274314,0.3840552064,0.1937860953,0.08624150763,0.3311161393,-0.9117742078,-0.1878834386,-0.1961240445,0.3928867237,-0.3836487879,0.3502207915,-0.2303598465,0.8370421033,0.06520448742,-0.1407671845,0.01834975305,0.1999707573
0.3753379997,-0.4469496388,-0.3005055451,0.3379996247,0.2520223951,-0.02795496079,0.294353169,-0.06041388169,-0.2028198441,0.3149741976,0.4772145639,-0.3937808179,-0.3929244805,-0.521385228,-0.254603466,-0.008905522694,0.08189510933,-0.2725523581,-0.358666672,-0.0253864374
0.2386039354,0.1410572305,-0.3270538751,-0.4363586735,-0.4795088021,0.6561497841,-0.5677518915,-0.3455145178,0.4820879633,-0.1219372104,0.1930680456,-0.9655518128,-0.1824302387,-0.02988155655,0.2754124186,-0.895379264,-0.07432945049,-0.4841609924,-0.6055755139,-1.607249591
0.0875887232,-0.4774968361,-0.3787099558,0.1460687932,-0.164400114,0.9548743984,1.314351293,-0.4179385174,-0.4119057279,-0.5100427387,0.6388827298,-0.07912951258,-1.244422702,0.8501714367,-1.136720265,0.7219078749,-0.6285926754,0.4752746584,0.8979857624,0.6644697672
0.1226183336,0.2769136509,-0.2360060361,-0.9732595277,0.4069332653,0.8303102935,-0.5921116067,0.2891639346,0.7437424582,-0.1710551124,-1.238342394,0.3546248447,0.4096291387,-1.219663201,-0.05752612718,-0.6703048428,-1.990734621,0.7339024217,0.03063580882,0.4393258605
-0.4687153385,0.4859107301,0.389804835,-0.6534066944,0.3754602358,-0.8047118258,-0.4389424719,0.2134630131,0.08471301129,0.1454273853,-0.01194541442,0.1856485351,-0.5598631171,-0.48109256,0.1432775762,-0.01191745985,-0.7033395876,-0.2616021149,0.09337048754,0.4867942055
-0.2877489664,-0.1897754915,0.1645705353,0.1608270892,-0.4113310988,0.4543825298,-0.2584811865,-0.1384675068,0.03588873793,-0.331211324,-0.2946908559,0.6520794297,-0.2026077377,0.03879971643,-0.3486947607,0.3757185817,-0.08000860835,-0.2873674746,0.5861320744,0.4984338685
0.3598238432,-0.568820185,-0.02344638288,0.7312790753,-0.05001997742,0.8846474182,0.0280534292,-0.3089170424,-0.290844647,-0.05377914702,-0.01299198841,0.0323442943,-1.228025172,-0.1680859949,-0.20370054,0.3697520579,1.041644111,0.09127515742,-0.8471859098,-0.5042549433
0.0952261795,0.1778894869,0.1815607812,-0.6179920557,0.1517856526,0.2436000092,-0.4786843446,0.3743942293,0.3070616821,-0.1468076935,-0.4376971573,-1.400767765,-0.2172220098,-0.1857214711,0.5116687458,-0.6013582697,0.049492066,-1.879841118,-0.02386665883,-1.936178763
-0.3685488881,0.1866134346,-0.6418707806,-0.3980811182,0.02978551752,-0.08979041565,0.5266879,-0.5075684277,0.6569554336,0.2288890384,0.3637379747,0.6955244882,0.8090301794,-0.2864232054,-0.7453376882,-0.5191090854,-0.2076126331,0.7128572672,0.03792539888,1.475654529
0.1354547901,-0.4276486927,0.2207125963,0.004398468754,-0.5467053717,0.6037628983,0.4310411425,-0.7400858802,0.1352660254,-0.3944111429,0.633554017,-0.09683295879,-0.1168553214,1.569059518,-0.4910710966,-0.1975114509,-2.522718609,0.001653990133,0.4068828852,0.1976749869
0.6068252279,0.04040475116,0.1597236903,-1.321674941,0.2898518218,-0.09402524859,-0.472952671,-0.85670028,0.07055174909,-0.0467330906,-0.4164991685,0.03170946244,0.1686765867,-0.2643361265,-1.065936661,-0.007589760538,-0.5882709247,-0.1334377812,0.04522814136,-0.2706750649
0.1600081182,0.193201937,-0.0279850897,-0.4839813638,-0.04171527435,0.3229450702,-0.4532762233,0.00353850602,0.6073721706,0.22057599,-0.4871877674,-0.5027597935,0.3882647747,-1.024956111,-0.0198479359,-0.8710045526,-1.000359889,-0.08447839799,-0.1957372903,-0.4636560125
0.2263443821,0.1095725572,-0.3967062402,-0.08711419441,0.0713740216,0.6877092268,-0.5201836212,-0.5314119657,0.06329337061,0.4520562759,-0.7595983707,-0.4581454734,0.1178192653,-1.163801443,-0.3665773229,-0.1169543311,-1.38539821,-0.02645342903,0.5664348369,0.06226619882
0.4436509053,-0.6219902619,-0.4131178789,-0.08477637935,-0.6550402348,0.8219686591,0.5502491872,-0.8923851267,0.1048330663,-0.5442313707,0.7048445763,-1.007567178,-0.1829821792,1.375294577,-1.662800944,-0.07547259596,-2.760880315,-0.7478331018,0.8616360292,0.1464130868
0.142043332,0.01085959075,0.4384936462,-0.03547949554,-0.1630570035,0.4340653923,-0.01142201378,0.2791462694,-0.003061312708,0.0800991549,0.2622028044,-0.6649413256,-0.03381426445,0.1853230659,1.1529172,-0.6950072231,0.1822582987,-0.6754797542,-0.2838120238,-0.7916925425
0.1526240587,-0.423863824,-0.2484269778,0.4173722349,-0.1876608523,-0.1159965883,0.1175085915,-0.6069735874,-0.8095202209,0.2138190145,-0.01356303375,-0.4639233178,-1.401134775,-0.1213464753,-0.6338029981,0.672965812,0.8287888158,-0.2936210149,0.0578821266,-0.4414673262
-0.3421501564,0.3590549992,-0.4520141336,-0.01763573221,-0.08172106045,-0.2493542929,-0.3980064707,0.2745900582,0.3407674385,-0.04310201982,-0.2586676296,-0.07090322954,0.2964356858,0.2139011605,0.3085343521,-0.00771259759,-0.2624027539,0.1752188322,0.2380998659,-0.1621892027
0.3422214358,0.3776050415,-0.3623738621,-1.251052971,0.8937389581,0.2994020914,0.1526008061,0.4704815942,0.9835529941,-0.1293515926,0.2669955509,0.3677418144,1.357379117,0.9733677118,0.3161665928,-0.8992979971,-1.663533039,-0.4046998438,0.1361406671,1.096328959
-0.06924607056,-0.1581011033,-0.2065806784,0.7653163791,-0.4501300404,-0.6932854402,0.4439011774,-0.7483300413,-0.1002864635,0.4769161348,0.2855891929,-0.7960385994,-0.4771623737,-0.3041446391,0.3020022321,-0.1799480754,0.177909617,-0.5668731163,0.09622287371,-0.3308566312
-0.07648536295,0.3024755678,0.1432233741,-0.1409759292,-0.2516096266,-0.2929872144,0.1073974015,0.361370585,0.01480808332,0.07133099856,0.04625634108,-0.490861138,0.6490276023,-0.4605713949,0.4904757839,-0.4921190491,-1.264648981,0.1393570865,-0.02865052681,-0.1105843295
0.04612229069,0.1143698627,0.07036146208,0.2454083446,-0.1538217257,0.4063568689,-0.6009678042,-0.7240028583,0.3301659917,-0.04931221461,-1.144107745,-0.4276913436,0.1277351091,-0.8953397921,-0.4554684853,-0.4204293763,-0.4438538333,-0.4879862843,-0.07802979098,-0.09402262886
-0.09921788779,0.2122492094,-0.1380597515,0.6884006638,0.3773335457,0.2122772176,0.3497946764,0.5493567122,-0.6786193309,-0.3814538403,0.2718786144,0.2125841958,-0.581494694,0.3046118414,0.8461411722,0.6201162986,0.3429344627,1.000068615,0.4445288248,1.026297448
0.4961785877,0.2275308523,0.1403998407,-0.7493556846,-0.3812141763,0.5265405274,0.07969678083,-0.2050978665,0.6626013578,0.18395351,0.06104624527,0.4582664261,0.9984859024,0.239038103,0.2420984786,-0.3032890974,-0.5019920135,0.7339028243,-0.171323719,1.006177703
0.6308350935,-0.0185794349,0.4164084232,-0.6098115479,0.5623463982,0.4039629766,0.04400251876,0.3287058179,0.9238002591,-0.1553555766,0.02852025965,-0.8054709447,1.123589699,0.4002901992,0.3777645166,-1.123935327,-0.9315967629,-0.6910235585,0.2638245454,-0.3920995397
-0.03879664551,0.006334087325,-0.3270013924,-0.2406298578,0.2474038208,-0.02165243601,-0.06274338857,-0.3832231853,0.6874635008,0.1790781169,-0.1765620805,-0.2129875042,0.5958701407,-0.2951415669,-0.6423022806,-0.7217629976,-0.6121140264,0.4678321996,0.4126197559,0.1691077938
0.9279817665,0.3857835476,-0.6242268832,-1.309513298,-0.5228006752,1.072072311,-0.7473393221,-0.6833774778,1.536101869,0.2437637003,-0.6830780985,0.2060289788,0.6294427103,-1.008236394,0.03157424838,-0.6928490259,-1.52260227,1.041995331,0.1069869091,0.6983505535
-0.09911542707,-0.3481117939,0.1028544106,0.383742274,-0.4522150004,0.3234725963,0.4126506878,0.2910559134,0.08873638549,0.01001484284,0.4439564324,-0.01888274089,-0.0581308043,0.3262573189,-0.1686033086,-1.242616846,-0.002414219037,-0.1610539139,-0.8871490894,-0.4705432523
0.06487503173,0.5751966232,0.1175535544,-1.367055056,-0.3246400119,0.5932256911,-0.6672725668,0.276252099,0.6280643047,0.2682594499,-0.8396953889,-0.120622662,1.040093633,-0.999293785,0.8180416515,-1.36119675,-1.347900448,-0.2375268291,-0.09540416528,-0.2311087056
-0.0637537972,-0.06246547621,-0.199414832,-0.1019880663,0.5102289614,-0.01910313365,-0.02438375492,-0.1066161583,0.6218237488,-0.2211107936,0.02497605852,-0.02760744254,1.035712286,0.8228363973,-0.02160946406,-0.7893303478,-1.83251139,-0.4818355992,0.2242929124,-0.3757262822
0.09116008462,0.2672117722,0.3715074605,0.1396142126,0.1836520599,0.3819346349,0.1674567081,0.2445205376,-0.1653250012,-0.280007292,-0.5092141367,0.8792197377,-0.1492197172,-0.5511851895,0.9380703559,0.2384557975,-0.2453721253,1.065086903,0.06173830181,0.8274948079
0.3554026758,-0.02639591579,-0.3490000209,-0.2011566422,-0.09627367022,0.1357041863,0.5768922199,-0.02093384921,0.1003236327,0.04563300101,0.732107502,0.7201207103,-0.1582261465,0.7078159169,0.4621276542,-0.4176783201,-0.4452622603,0.7929162797,-0.2623030831,0.8745998795
-0.1206534858,0.3985710989,0.1123646492,-0.6370786041,-0.708747159,-0.05507250759,-0.2680606787,-0.003359079489,0.4720707992,-0.0001342231935,-0.8297621264,-0.3735813457,1.199637133,-1.411380278,0.366266609,-0.2356575636,-2.512832321,-0.2563586482,0.7213488822,0.09350386304
0.3347644363,0.2939862028,0.1957565903,-1.175241687,-0.1302193038,0.5404257183,-0.278154725,-0.6571423092,0.908296346,0.3387305197,-0.2468632206,-0.9697685364,0.5620200321,-0.2422198993,-0.3197410768,-0.4472175865,-0.5813836482,-1.028302114,0.9470653491,-0.1538179085
-0.4152487894,0.2925463747,0.4490321901,-0.2226107968,-0.2178310744,-0.2044791421,0.3312314049,-0.00493597796,0.2113355212,0.1345771768,0.4431398349,-0.3997931791,-0.3173479431,0.6488094394,0.5540281946,-0.296336156,-0.07440027542,-0.2774394343,0.1574497177,0.5064308039
0.1330632482,-0.3253245064,-0.7058814032,-0.1871140189,-0.4324928779,0.2122080645,-0.03159522128,-0.1687474318,0.03417878616,0.8097567475,-0.03961717821,-1.186780026,0.2560927299,-1.042917354,0.6287790188,-0.208156273,-1.300829715,-1.039227899,0.2866687923,-0.6179627744
-0.4362076179,-0.1591366913,-0.01748308658,0.4236542049,0.3237705746,-0.02841419092,-0.376303565,0.1168718448,0.08492414913,-0.4189124746,-0.9064860956,-0.1879028702,0.1151954988,-0.9913690824,-0.4499401982,0.1379547655,-1.138299622,0.2307667684,0.899668387,1.007990651
0.01132792639,0.1994825249,0.7972054641,0.07319486487,0.2960206685,-0.2164266693,-1.033976514,0.743369117,-0.2490476672,1.1549923,-0.8767696156,-1.477831144,0.2534913392,-2.59343049,1.421024614,0.9233422713,-7.911581133,-1.115450238,1.637459102,0.1739041371
0.7688878849,0.4245501122,-0.7344192732,-1.090501989,-0.9957699045,0.7937496273,-0.7155017082,-1.251175088,0.2158267509,0.4809903126,-0.6852205731,0.5568354601,-0.4690701451,-1.780652198,-0.2905090159,-0.3110621925,-3.236500817,0.4784253318,0.4713273506,0.4424013453
0.02105453283,0.5445140239,-0.0002022688414,-1.023412053,-0.1274564148,0.5197947843,-0.5931393299,-0.1860735355,1.042772137,0.1547930193,-0.9891941923,0.5491215878,0.3845372569,-1.503604186,-0.1381212822,-0.9196612821,-2.686757408,0.5843844008,-0.01117790073,0.2468645978
0.6055329125,0.3492974171,0.04924658221,-0.7064469256,0.05259845143,0.002160360225,-0.5347642125,-0.416682939,0.3867436116,-0.3618796684,-0.4333337842,0.5461997214,0.9795712569,0.1147586145,-0.7724306154,-1.148760158,-0.5374877357,0.5867499084,-0.4152889643,-0.3681978949
0.02710438124,-0.2826182014,-0.2938634295,0.5418849254,-0.2215012805,-0.1171981429,0.542024987,-0.04837502945,0.4289443343,-0.007884573801,0.2623581314,-0.1699718085,0.6192853445,-0.07839616625,-0.2088461455,-1.187313546,0.1332442342,-0.002477255932,-1.787970084,-2.029377009
-0.2681151301,-0.2559525587,-0.01781450894,0.6726371586,0.5362367486,0.3351514022,0.4179539965,0.3382814238,-0.008463441597,-0.2512123426,0.7088809756,0.2187963801,-0.4568762233,0.4042918349,0.3322938824,0.1317646465,0.142431896,-0.04950102974,-0.003802704193,-0.04283073018
0.3680910938,-0.0407383442,-0.2380671449,-0.08382093166,0.2289761117,0.4952795244,0.1424240008,-0.2902008148,0.1896783339,0.3638806371,0.1473698772,1.139940225,0.1888281782,0.4222258808,-0.4265585767,0.09320353936,-0.2592250077,0.959376469,0.3550455829,1.801325331
-0.1958437513,0.5765630776,0.5125520722,-0.823586786,0.1439269108,-0.3113516113,-1.065293037,0.7029686287,0.1371030968,0.5576808252,-0.5912746573,0.03803696647,-0.04817518836,-1.954137654,0.9274640212,-0.5469355578,-4.028146805,-0.3541863788,0.3193019865,0.6757675713
0.2986459589,0.583281976,0.677718636,-0.4321446206,-0.06008353987,0.3771054325,-0.4513880456,0.6621846163,0.9091372165,0.360059071,-0.8213725469,1.256596133,1.079937998,-2.150234502,1.324624382,-1.602262776,-5.469819407,1.673213722,-0.01660812597,1.282271837
-0.01445390335,-0.4732376699,0.008960501596,0.5336493419,-0.7879271606,0.02807376935,0.07739361963,0.1116810199,-0.2962681207,-0.1692395579,0.2037627724,0.2446242985,-0.3989027832,0.3933156148,0.3315612555,0.3756351163,-0.03221599011,-0.2680134822,0.2477461531,0.3202152818
0.3424509974,-0.7031286413,0.1736087409,0.3782642316,-0.1884623337,-0.2335672477,0.8159596817,-0.2143951505,-0.8666004039,0.007100852774,1.484270378,1.286311683,-1.167348679,2.011349923,-1.027223377,1.187946736,-3.822906989,0.949092221,1.533621227,2.935698606
0.4630732139,0.3559676356,0.1976507603,-0.3541366645,0.3074150171,0.7795738114,0.01115576339,0.281609894,0.06971288275,0.4164577352,-0.1075739712,1.525124285,-0.2781847079,-0.7573519964,0.8441209548,-0.1622505469,-0.4822166209,0.7373992308,0.6445819122,2.173210256
-0.08736996806,-0.2801762845,-0.2881051255,-0.1882466685,-0.09165012568,-0.4780631179,0.1552042123,-0.1914126952,0.5668374262,0.1360163327,0.7398897088,-0.7799640403,1.217698582,1.429182813,0.6088023501,-1.318650137,-2.424005023,-0.7426647927,0.1870287911,-0.9087716937
0.01976388669,0.0419540332,-0.003976155175,-0.457167495,0.08992968272,0.08977007642,-0.7962892796,0.1786442303,0.1187972119,-0.0795742434,-0.2082168544,-0.2119254519,0.2138371702,0.03841795684,0.08285637527,-0.01853035308,-0.4053757241,0.1910608718,0.3884342537,-0.03696884793
-0.499989483,0.1134767462,0.2183011463,0.648312702,0.3263901852,-0.4969774826,0.005737999941,0.2837173873,0.1949318745,-0.3319644884,0.1078589012,0.7911480706,-0.008840703853,0.9475499064,-0.1549971508,-0.02084236494,-1.152531767,0.09592394499,0.7967156067,0.9688624709
0.323784039,0.05030747558,0.1430016266,0.1010757815,-0.3172292205,0.4362151249,-0.2192798536,-0.1383370443,0.00804467911,0.03945102594,-0.2950183879,-0.2446092767,-0.7909312942,-0.6852711485,-0.1984717856,0.8065909292,0.07837354705,-0.1258579732,0.4908748963,0.8419290275
-0.1876847041,0.2189214155,-0.1434168856,0.2670547994,0.2758776164,0.6041742973,0.7290759225,0.2491240407,-0.6362231483,-0.103278628,0.4252748686,0.2962466004,-0.4096909746,0.6447561664,0.6812165526,0.5510812271,-0.4402920397,0.7456148492,0.7879160227,1.385958235
0.501619915,-0.1810150714,-0.4867354767,-0.2949894113,0.4499328893,0.5157088304,0.7287117202,-0.1046656678,0.4471335353,0.6630326619,0.4384126401,0.1286145271,0.1972301928,-0.05252214781,0.390770291,-0.2483498696,0.09696357315,0.0101597809,0.4337145144,0.5507995168
-0.0749825721,-0.3168546055,0.8060292821,0.5137845443,0.398573765,0.2246629679,-0.1395989126,-0.105431515,-0.7524828494,0.614917065,-0.3073323334,-0.08631076561,-0.7733643666,-0.03963273118,0.1665680113,0.7121239644,0.2321918068,0.09853016391,0.2188214396,-0.2150947711
-0.2363499605,-0.1755476396,0.5827846772,-0.3197602913,-0.1433832375,-0.2062163974,0.1935176489,0.1386888338,0.3644599878,0.2679946298,-0.4155184351,-0.1519455396,0.7376626128,-1.013965349,0.3236530624,-0.6783049935,-1.067110164,-0.3453275263,-0.06076066916,-0.3323422135
-0.0471448725,-0.3037295503,0.6136503939,0.2446485124,0.2081633892,-0.2179693593,1.155552856,0.4495376068,0.06629802322,0.243399078,0.6227047473,-0.5958525276,-0.1199872992,0.730442158,0.4839674785,0.01732578843,-1.001041762,-0.4614526607,-0.03459581295,-0.3508952854
0.5970999978,0.1160285007,-0.175694201,-0.5643459228,-0.169912966,0.3726291833,0.3209475279,-0.3144541504,0.08403723431,-0.7412944698,0.8595274842,-0.3377277007,0.3492349249,2.056354262,-0.6045173375,0.1733731116,-5.395562187,-0.4263184247,0.624364931,0.6496643507
0.4807902386,0.3420162634,0.2342013661,-0.8792844226,0.1988774588,0.04825502352,0.3628749917,0.1730537779,0.4204962779,-0.02131681233,0.1057671802,-0.5489498145,1.020792383,0.3330069905,0.02961454501,-1.107660098,-0.7529849677,-1.02374603,-0.4439552028,-1.296502068
0.02017963437,0.06725961442,-0.0375843793,-0.4193770528,-0.3512647499,-0.5166439452,-0.04721165823,-0.5496738575,-0.4336563206,0.08990451077,-0.07715986232,-0.6317556402,-0.8303653238,-0.08280359568,-0.3894445798,1.015500387,0.5462648707,-0.3845996063,0.4336367914,0.1041285848
0.1053266798,0.01174314333,0.4059531906,-0.2505460728,-0.2503865905,0.2403940948,-0.2896937677,0.1036244339,-0.572507889,0.2342130022,0.2797741931,-0.4016650185,-0.6082680257,0.01838470873,-0.2859078317,0.6481624622,0.2364951784,0.3937367418,0.6453988506,0.1118424229
-0.07092861651,0.021029999,0.1025482104,-0.3157393018,-0.01525987917,-0.5414570832,0.05668829713,0.6151852174,0.07580220258,0.1250219203,0.3980466434,-0.6350717551,0.02599627927,1.058389159,0.7667768552,0.1846085867,-1.614248934,0.6882800436,1.280608409,0.3998041057
-0.004796505806,0.1901620923,0.5610863386,-0.3990428025,0.05717325765,0.1461197986,-0.2439398571,0.3772538063,0.2263500598,0.3768824075,0.1984571706,0.06062139568,0.5313162104,0.1752744469,0.8697355693,0.1440560707,-0.6528558318,0.0946610232,0.5172934719,0.7176023365
0.2575921395,0.3050528129,-0.1089046744,-0.6152422564,-0.2615901228,-0.1800111812,-0.06473288347,-0.315315951,0.4691200613,0.07543809724,0.2056008862,-0.3002622954,0.2177763773,-0.2337021842,0.02864438187,-0.4161173975,0.3127856888,-0.343497003,0.1211305545,-0.3853355182
0.4059075302,0.4806881815,0.1718147247,-0.3439328461,-0.07884800974,0.4234705579,0.2099633742,-0.01977630545,-0.1046864132,0.5382422772,0.1852080177,-1.228196336,-0.6845757997,-0.5879528346,0.5865612104,0.4453280115,-0.08934104412,-0.6907365375,0.4192885279,-0.8593113264
-0.2431580365,0.204761227,-1.081287524,-0.3424436797,-0.05697693056,0.3320853542,-0.4664714218,-0.6236601318,0.3466712586,0.9310478898,-0.5536887021,0.810384639,0.6168980912,-1.738146496,0.01654304187,-0.6815272414,-3.592331268,0.8530696215,0.2870576083,0.7916145982
-0.2787767784,-0.4675179313,-0.06083478576,0.7368032845,-0.06640913642,-0.3182205498,0.6088676523,-0.4775513939,-1.14861336,0.01827021578,0.1544653979,0.8227781611,-1.466588199,-0.06767577521,-0.06463195476,1.124294354,1.006749091,0.5999768792,0.02791785111,0.6672266071
0.1297565155,-0.4404797125,-0.2627168489,0.1719353481,0.05391309726,0.3825185899,0.5729280882,0.5833008717,-0.05604822982,0.3876870833,0.5505922604,-1.452668803,-0.2397194462,0.704285254,0.3743059094,0.4292098262,-0.2076296342,-1.880719269,0.6909401315,-0.977321124
-0.1180531265,-0.06821277896,0.08420756322,0.7450491161,0.1103044037,-0.1990426792,-0.2040362032,0.09386643703,-0.8142100106,0.03250346238,-0.5719675408,-0.4801625694,-1.764130276,-0.3997933561,0.628267868,0.1568653582,0.4717105753,-0.2241609168,-0.5012380758,-1.331571398
-0.02697667921,-0.1471259979,0.1727865746,-0.02923160261,-0.1874429739,-0.3681017693,-0.04987340541,-0.2456895587,0.0174455762,0.1241925646,-0.4593962914,-0.05189325418,-0.104141503,-0.8631437572,-0.04646782102,-0.1866121437,-1.118346148,0.3167431884,0.4969271045,0.6163077766
-0.1630276964,0.2587295578,-0.3249681,0.2176909956,0.8055843635,0.04192716681,-0.07956283034,0.2616242686,0.1496532446,0.3200014079,0.0615739569,0.4305055907,0.6165162533,-0.01607928227,1.280927193,-0.04869384116,0.1462712816,-0.06897573725,-0.2836065957,-0.1553236796
-0.2772385847,-0.001290890929,-0.4875872791,0.9297955789,-0.4938191009,-0.1455411861,-0.4271065035,-0.704284859,-0.006873845216,0.2035270778,-0.6426511265,1.251356613,-0.06780631014,-1.053301293,0.1411444285,0.2410588208,-0.8920117219,1.826146105,0.97061967,2.119617264
0.7098032327,0.3987094368,0.7001756908,-0.8759255605,-0.24614145,0.4906377485,-0.1006191566,-0.125682747,0.3890374754,0.491670682,-0.1781571761,-1.232191321,0.03126993142,-1.010860055,0.1168484871,-0.8829131557,-1.664340219,-0.7333362135,0.2866641543,-1.803740275
0.2355768542,0.1801223688,-0.0489262516,-0.5760541538,0.2461928355,0.3264665099,-0.3950579055,0.4417990157,0.3056187715,0.4145749665,-0.4695339698,0.1207159917,0.4072537429,-0.9343609969,0.8438904565,-0.1730223262,-1.111117756,0.1064911914,0.1877256083,0.03256857676
-0.5560207093,0.1390517024,0.1638704635,0.50623351,-0.1547099926,-0.4148693326,0.08483486682,0.01192668499,-1.142022884,-0.2762076069,-0.07505617985,-1.149844079,-1.537001203,0.1069505826,0.2105762489,0.9525386832,0.8879384112,-1.214984327,-0.6458318547,-1.215096173
0.3247495056,-0.6938384229,0.4294503854,0.377902157,0.1917233595,-0.002967249796,0.8695356882,0.5820361441,-0.1587149336,-0.03288952,0.8303307803,-0.1978934052,-0.05270595611,1.594877322,0.3768060762,-0.3434687353,-2.909541365,-0.09681848309,0.3108646329,1.004870935
0.2693624339,-0.4329479991,-0.1125044107,0.5658735925,0.01390832422,0.003492356224,0.6392708352,0.4184422639,-0.2428038448,-0.1985366649,0.5343251846,-0.4122123093,-0.5331834169,0.2200631059,0.2370928205,0.1015234922,0.1583431738,-0.5297039451,0.2097359564,-0.6173678752
0.3513914927,0.4187637391,-0.109264295,-0.9960227461,0.399446134,0.06857975081,-0.6443451117,0.1072251753,0.7387521057,-0.1013263098,-1.056421644,-0.1190719669,0.7452050603,-1.176164424,0.1938002257,-1.072298174,-2.203420442,0.5299401548,0.3618447849,0.8450815271
0.2492112971,-0.5103534584,-0.4584162331,0.4178985195,-0.3090075276,0.274842435,0.6677087257,-0.4608703478,0.3420481314,-0.1074136219,1.101031475,-0.02125302194,0.3561665286,1.281312692,-0.84837331,-0.1133128537,-2.1806728,0.2102108942,1.220349425,0.9804661395
0.3621608936,0.2947043502,0.007956068168,-1.023025053,-0.6335537016,0.4290777932,-0.1172401731,-0.2014947116,0.4074797415,0.4239003817,-0.2975065102,0.1350541358,0.1398122893,-1.043742152,0.2144929855,-1.073289709,-1.674373506,-0.1781927985,0.2806910774,0.635984637
0.1396106045,-0.09363149634,0.3227424519,-0.1660290816,-0.3845908682,-0.1137173914,-0.05485371757,0.004457732301,-0.08896731619,-0.4991699734,-0.2632295844,-1.15121534,-0.2150886996,0.05994887639,-0.3348838958,0.3118087441,-0.2067781808,-0.9395315037,-0.04957833225,-1.252782032
0.2062192865,0.04057355672,0.116053973,-0.102808511,0.6268494215,-0.02421237496,0.2890779819,-0.11685683,-0.381595604,-0.375186508,0.3947189537,0.3167880117,-0.7258947386,0.4923412062,-0.7842477934,0.1145547239,0.147041974,-0.07562896694,0.2604075086,0.3910431722
0.4258771984,-0.3780476785,-0.01735666344,-0.05673093852,0.4193332171,0.1621501881,0.5862517539,0.1420370512,0.5333778864,-0.3702443231,0.8340192826,0.2241095475,0.8736992334,1.833094253,0.03976891358,-0.9702117763,-4.10873833,0.1088973159,0.4984156295,0.5035472948
0.4072850634,0.3152906525,0.2035052715,-0.4759807718,0.1708722882,-0.152378039,-1.017197572,0.309860139,0.6078786087,-0.3170976865,-0.5483891785,-0.2470578727,0.4713519639,-0.3820768409,0.360402564,-0.8453102537,-0.8382950698,0.2070655821,-0.1716784443,-0.8206860071
-0.3575884939,0.2154150556,-0.09728883648,0.9598821407,0.03928056574,-0.1224682609,-0.4456201143,0.1669106865,-0.4738956649,-0.4633401795,-0.6989302076,-0.6912833008,-0.3564341177,0.2085139705,0.2244697681,0.5042716993,-0.1900958403,-0.5903432756,0.7038455234,0.140846853
-0.6908567284,-0.4635257583,-0.01088662794,1.067555713,0.3608343293,-0.6040511458,0.5225892622,0.5394097107,-0.5098085847,0.09617683524,0.407603535,0.3480053837,-1.447382856,0.3644772296,-0.03297284905,0.6107132505,0.8423566377,0.05121103633,-0.6726077859,-0.7644323423
0.2908450785,0.4714023943,-0.5804574635,-0.9932941403,-0.05889941628,-0.06204040322,-0.3355699929,-0.178837686,0.7327898146,0.607225905,-0.05424820816,-0.09703311836,0.7437804181,-0.5945571523,-0.06848140963,-0.7794316163,-0.7631627018,-0.8047649587,0.1211921928,0.3929395592
0.1852202133,-0.2676405295,0.7087475978,-0.2092392836,-0.3144853302,0.582538863,0.6356511541,-0.2708608679,0.3133072802,0.02014223814,0.8721868762,-0.1273370644,0.272000206,0.8517548192,-0.5207422011,-0.3615528891,-1.167159441,0.500842605,1.537869071,1.221373042
0.1406110833,-0.09499329252,-0.5174644237,-0.2062226706,-0.4821705559,0.8684755024,0.3298889693,-0.9184986381,0.172512417,0.1329468949,0.8307775408,-0.5330258733,-0.8994466396,0.7631496932,-1.36523623,-1.265025013,-0.7925619844,-0.01372314409,-0.649508381,-1.152469055
0.2582896298,-0.6068078433,-0.02249633939,0.5779795857,-0.2285485581,0.1145697295,0.4479663571,-0.3646215584,0.0737796793,0.8646739363,-0.1403337451,-0.6737222434,0.6471461885,-0.7135557418,0.5499732112,-0.7954376596,-0.8329851075,-0.468431369,0.5128979222,-0.1234366092
0.06020881571,0.2007978703,0.2714420102,-0.5490984847,0.4055596687,-0.108538731,-0.8571166836,0.4704843523,0.1204273915,0.04394700881,-0.4572765325,0.120498645,-0.01974976855,0.2038229097,0.184138793,-0.5746808836,-0.114857616,-0.08066930922,-0.5876527147,-0.5712918308
0.3014832362,-0.2617341759,-0.2885370302,0.3289799298,-0.3617496604,-0.01825152202,0.05464445856,-0.784820938,-0.2817426568,0.5203248406,0.4017361644,-0.7014416653,-0.7380899384,0.09956479469,-0.3456041825,0.2533624777,0.4737848091,-0.1126794056,-0.8475238811,-1.871750513
0.3293133084,0.2545874499,-0.6042845513,-0.4382242613,0.2648236478,0.6163979351,-0.02435434133,-0.2509970128,-0.1050772951,0.209722283,0.5691758539,-0.1045389909,-0.4067765392,0.3940350494,-0.1728772251,0.449572327,-0.1219950178,0.1461317238,0.4593960171,0.2274982489
0.05376375779,-0.1137859723,0.04300885006,0.3115301055,0.3051834652,-0.2581519418,-0.0082195381,-0.1509662652,-0.4617209235,0.4089375634,-0.3961064401,0.4593444903,-0.4787292542,-0.6442240789,0.04287266898,-0.03851648305,-0.4407398325,0.2124556753,0.04668011048,0.2927627415
1.017454669,0.08971041058,0.2423992988,-1.205826843,0.103414158,1.206808527,-0.07342928238,-0.3096554317,0.2770575203,-0.3479957451,0.09723862486,-0.8671690229,-0.2775253438,0.8632450029,-0.3932478322,0.2372022922,-0.5535921361,-0.5067151983,0.6689065954,-0.2824386484
-0.05070064535,-0.1203318339,0.1301271005,0.5186694735,-0.1049281729,-0.6625149736,0.4027903193,0.195070144,-0.8040159819,-0.1324626283,0.122547742,-0.1177599256,-1.005530597,-0.04137730343,0.3276023858,0.8396662458,0.2321055431,0.03868795424,-0.2511605991,-0.4762365486
-0.4989256571,-0.08724624735,0.0005482499628,0.7045883705,0.7057068496,-0.3947630972,0.4861776759,0.959829848,-0.2787211661,-0.1223828815,0.1135666676,0.8793169802,-0.6859783167,0.2821762973,0.03897954969,0.06180632825,0.03047189605,0.4009029999,0.01005380987,1.367626958
-0.4663572773,-0.2818506601,0.4904330795,0.4014456143,0.324757303,-0.2989673117,0.1421034083,0.3926593272,0.0576647837,0.6278324247,0.04365955684,0.6560155938,-0.7117789149,-1.037635626,1.486912531,1.092268553,-0.6373995,-0.1634711497,1.03584282,1.663996575
0.3995762564,0.1243482419,0.2662179532,-0.7115702531,-0.002002250306,-0.005955047028,-0.4521670445,0.02763511037,0.6143060481,-0.1104346452,-1.080965079,0.7028124097,0.9851314638,-1.581638958,-0.5615304258,-1.109506892,-3.66387451,0.8709590173,-0.326536392,0.01627353516
-0.1367653093,0.3100865555,0.5646380195,0.004539416818,0.02308768922,-0.1024108238,-0.6372304511,0.1412611727,-0.164130094,0.1836307661,-0.2803481516,0.1958004464,-0.2392706221,-1.17136414,0.4508139614,0.2864813508,-1.19289886,0.02506819806,0.6010916454,0.3860657498
-0.1259380717,-0.4280514459,0.175477884,0.7265342593,0.7848586941,-0.2719839934,0.5088714407,1.063161428,-0.2449544555,-0.368061039,0.6806689942,-0.03522862634,-0.5787591402,1.445799767,0.6399679291,0.2094696323,-2.365461524,0.2749703569,0.3826849454,0.7985130521
0.3141227627,-0.351128286,-0.4586653263,0.7608821549,0.07406458239,0.1981216216,0.3770480524,-0.2708202154,0.08634827633,-0.1996312862,0.1810752412,0.8398339298,-0.2302081689,0.4838331684,-1.031314816,-0.2766729559,-0.2014022023,0.0830203679,-0.5493684221,0.1989567134
-0.03110392371,-0.1337601743,-0.3821043615,0.2461338135,-0.310467307,-0.5228505734,0.6861628831,-0.9415848287,0.06098025557,0.04746964141,0.899734442,0.2749596977,-0.2267543734,0.3832561846,-0.9111623709,-0.609720906,-0.1221351134,0.008988170965,-0.993475008,-0.8439357735
0.5889767617,-0.231456942,0.1905971431,-0.2359089029,0.3252805932,0.2681286056,-0.1199632908,0.3877981473,0.09631362901,0.1325778279,-0.03104133668,0.06063938979,0.1020331807,0.01339419449,0.7419826234,-0.7254000386,0.2025665925,-0.2400954409,-0.5070954285,-0.1767385285
0.3101115826,0.4675912458,-0.1707801419,-0.628767679,-0.3023011782,-0.5302103905,-1.069390584,-0.1026224987,0.4317899677,-0.1024915644,-0.1769296268,-0.2814529699,0.4853807008,-0.6382742641,0.2893156117,-0.1991957228,-0.353551663,0.6862093278,0.03842945587,0.02826815202
-0.59907865,-0.2396582518,0.01864575925,0.8978912193,-0.2919449548,0.04678249948,0.2383634112,-0.4957741407,-0.6019199989,-0.1401056435,0.6032750882,-1.749105862,-0.5390902798,0.7737180454,-0.9643758575,1.606031551,-0.9576167442,-1.47831822,1.775049324,-0.1464922347
-0.8463984286,-0.3121201456,0.1017678793,1.017463798,0.2760256122,0.1647080265,0.9246234423,-0.09493536084,-0.3620970754,0.09066414442,0.2859687745,-0.1976341135,-0.2736552445,-0.4696922849,-0.006155440147,0.438467745,-0.3277841733,-0.4538072197,0.4516514394,0.1003799971
-0.3258742199,-0.5596431356,-0.5043601001,0.3547093051,0.4030115695,-0.2946383682,0.6811537535,-0.5988832257,0.1308199619,0.1081493122,0.5101402948,-0.5103013459,0.004174978794,0.8183219836,-0.1044510287,0.5511386146,-0.3989817785,-1.034958631,0.7308938393,0.3420867899
-0.242778796,0.3102364067,-0.03774919886,-0.01581556134,-0.1434588158,-0.3776171908,-1.369329263,-0.04655957778,-0.4256602558,0.09006668772,-1.30934678,0.772830025,-0.4526356434,-2.011309176,0.4285570116,0.5967039729,-4.907726625,0.137042418,0.6644377057,1.833061475
-0.1873153683,0.1402244073,0.323808899,-0.1149068292,0.3136834827,-0.9918642724,-0.0186294185,0.9946944045,0.03245101346,0.190190798,0.4472223312,-0.4505063241,-0.7592391526,0.2563041543,1.174900516,0.3938802735,0.5279344865,-0.9618051897,-1.00346182,-1.466857944
0.4379794046,0.01973580534,0.2324133488,-0.1618800982,-0.06401380239,0.4002608064,-0.3663616071,0.408321336,0.1094704521,-0.4180252554,-0.5833088588,0.8425655145,0.3829655183,0.08096675099,0.4883864995,0.4390554926,0.1519383488,0.1240617347,-0.3248030098,0.7439859283
-0.4828683903,-0.4235934835,-0.03560168163,0.7152334859,-0.07721935682,-0.3519072394,0.372352579,-0.2449404284,-0.1895108759,0.2128050756,-0.0423171497,0.2121082652,-0.4879013999,-0.8003924582,0.4319456184,0.3803543982,0.3740907717,0.2504787762,-0.1954348991,-0.0931479723
0.08541974831,0.03752005179,0.1154522643,0.05198211147,0.5976962153,0.2913003741,-0.3298719935,0.3810851639,-0.1367102876,0.2511049193,-0.003628553884,-0.5382034518,-0.1384087688,-0.5952934461,0.9436608403,0.02043068604,-0.384012706,0.4406296438,0.5380516484,-0.5061365118
-0.1046112718,0.2209212502,-0.3307275319,1.039567112,-0.106205615,0.3421734307,-0.9471373643,-0.1359033784,-0.7314650856,0.175982229,-1.482799789,0.8306982054,-0.9903007321,-1.9239809,0.1772076612,0.3757897375,-3.680180765,0.7711687109,1.390578216,1.55076447
0.4430998732,0.1302131612,-0.2672975294,-0.5623105478,0.1431589688,-0.02377323995,-0.7247202176,-0.4770543888,0.1827287526,-0.5726298484,-0.4249462886,1.011529501,0.0761290956,0.9625199921,-1.054842267,-0.2907127354,-0.8353965617,0.4269733086,0.9737972959,2.242769321
-0.130562959,0.04475643767,0.71395265,0.0349832105,-0.264088309,-0.2633582798,0.2061672132,-0.01128501941,0.03984697066,0.1501244206,0.6837823537,0.7539674207,-0.5261632867,0.7281533848,0.4119971321,-0.2704450734,-0.4464546523,0.5009727017,0.2432518358,1.452682078
0.1134785995,-0.3943095923,-0.5016274312,-0.03038027219,-0.3817303688,0.1215412375,0.3438171503,-0.8321515783,-0.1111607692,0.2527995428,-0.5078252658,0.07179033575,0.5795709762,-0.5288765488,-0.5107678486,-0.1263937948,-1.017244637,0.2705211302,0.3102862236,0.3189190777
-0.1498410452,-0.2853234457,0.1286785925,0.766967962,-0.3149157988,-0.2027625432,0.1868364732,0.4506752282,-0.2470727871,0.1050077942,0.3028026241,-1.223619385,-0.322271958,-0.1059096192,0.2897051615,-0.1604813894,0.3226570494,-0.6592224584,-0.9529154784,-1.635473796
-0.03007900284,0.4270589633,-0.2459447808,-0.6777778943,-0.4809409543,0.0152817132,-0.2932707526,-0.4506216593,0.4025007598,0.1258753601,-0.2760960252,-1.071147326,0.5445260896,0.04515194606,-0.3820812165,-0.6778365373,-0.1279473193,0.2761654031,-0.1279264601,-1.417576258
-0.2527480434,-0.4220620434,0.2030533311,0.7818982527,-0.3059140985,-0.1945844455,-0.2362206205,-0.5938933307,-0.5646543354,-0.0114265884,-0.02602432243,0.2887858927,-1.165991976,-0.5277163292,-0.2850290106,0.2826364043,0.05065266561,0.2507178016,0.4730854504,0.8458055202
0.2681903722,-0.1470422261,0.1479329048,-0.2026968616,0.7005323921,-0.531531951,0.09167145718,0.6721523571,0.3056840849,-0.6145793267,-0.0826159371,1.128680255,-0.4575600024,0.5507930945,0.210731686,-0.2666921284,0.1702604171,0.388387518,-0.9738984489,0.3619856759
-0.2810062045,-0.07879584483,0.1415416756,-0.3519168043,-0.02530608965,-0.4829758986,0.3858614627,-0.3805099825,0.2187746015,-0.2522516519,0.08313038238,0.9228734829,-0.6164074573,0.4906038447,-0.676873796,-0.4346076899,-0.1134761163,0.9732857816,-0.5356125251,0.7545088862
0.5571273442,-0.1793220026,-0.1692279246,-0.05431142673,0.3798501863,0.9885040848,0.4336358389,-0.7061089053,-0.6101054941,0.1924948989,0.8220973205,0.2869295201,-1.86407569,0.3936874479,-0.08169466101,0.3395919309,0.9106867408,0.2017167183,-0.1994309662,0.08891157568
0.3582232829,-0.3508077395,-0.4664549025,-0.2619925577,-0.06357567361,0.9836936133,-0.05304453646,-0.501673207,0.02942812967,0.4831332318,0.2827432394,-0.06431830509,-0.83129605,-1.154967443,-0.1554896536,0.0100612943,-0.9250033589,0.7866471965,0.1396178968,0.1177978378
0.002848105383,0.2702769392,-0.2325992511,-0.0299358074,-0.114093824,-0.1065563882,-0.4568603566,-1.035715967,0.1389625884,0.2283124687,-0.1648587306,0.6332503222,0.154783391,-0.3032101747,-0.6237097677,-0.3284134663,-0.4712674956,1.471546321,0.5087914991,0.7641521699
-0.0004482380079,-0.6994743467,0.1673522774,0.5710346554,-0.5044953898,-0.3581429702,0.8603252197,-0.7936440176,-0.2763882756,0.07859703252,0.8032824907,-0.8983198392,-0.4838190624,0.5413836729,-0.9089814466,0.3479910531,0.04013351906,-0.3865293521,0.8453358862,-0.04422225084
-0.3190948454,0.532663284,-0.5001277777,0.7437570398,0.2533526973,-0.5925048421,-0.5364180274,0.2492110368,0.1113054513,0.07286591276,-0.2370463326,0.2688274253,-0.4295047018,-0.7592520002,0.3852547241,0.1033972522,-0.7443416387,0.7350438555,0.5733952461,0.5470856533
-0.1692908585,0.07038071798,0.7279051296,0.02391658649,-0.4455674267,-0.6062877921,0.1261767868,-0.05272896855,-0.1687413629,0.685679496,0.1138661144,-0.4464776805,-0.01944951529,-0.2719073315,-0.3356746181,-0.0150508378,-0.5372443415,-0.001062768701,0.1331636063,-0.09035830534
-0.373304023,0.1684766697,0.1227839981,0.1060001186,0.1190205895,-0.2109301675,0.5295830697,0.4546407875,0.1180166484,0.1176747293,0.3418919505,-0.03199251558,-0.004599465669,-0.04225607262,0.2975076085,-0.8403055573,-0.2096919908,0.08308718587,0.1087241386,0.1570548851
0.2727227433,-0.1184255431,0.4213398763,-0.4093227395,0.1176339447,0.01125152085,-0.1036541368,0.3125447811,0.2585145519,0.6114416656,-0.2915209272,-0.01137181426,0.2570080851,-1.289857736,0.7229398795,-0.3019192263,-2.320874295,0.3751844318,0.3448865333,0.2897860854
0.1641628513,0.02950991189,-0.107115718,-0.24750679,-0.07523014041,-0.18312483,-0.3796644233,-0.3761170784,0.2163488669,0.3158906911,-0.2912638046,-1.023955642,0.147210805,-0.3199469168,0.6943811909,-0.5256725321,0.06903291375,-0.2118170107,0.6430481409,-0.2170906906
-0.09402795484,-0.2550541299,0.2562654255,0.4941625097,0.6859834252,0.9685642832,0.9405356491,0.7387130448,0.06357448235,-0.2115130197,0.8540267123,0.9324456722,-0.5539826771,1.326727424,0.8916062813,-0.183460833,-2.091184209,1.775803492,0.2023176049,1.017960372
-0.03674837652,-0.1975248247,0.3065909366,-0.2697795577,-0.3167649181,-0.4094296592,0.5592299109,-0.4496379185,0.9697749277,0.3174836959,0.1739791873,0.4329854717,0.7596894903,-0.753218821,-0.3360407373,-0.3369902286,-0.448512975,0.1117730024,-0.2967894592,0.5492165858
0.2045489709,-0.08478566771,-0.08329364217,0.3084458899,-0.3094706498,0.5210237159,0.0819855101,-0.3238628575,1.004101832,-0.5560857009,-0.06203216356,1.215669686,0.6036699919,0.3758067549,-0.4855495287,-1.181214848,-0.6696137241,1.473497711,0.2037128557,1.125848161
0.472339622,-0.2764582244,0.3269452493,0.2170332894,0.07196117851,0.8915260354,1.257149038,0.365653181,-0.1433202093,-0.06226737207,1.49864757,-0.1876690585,-0.1956840763,1.702984505,1.155338272,-0.08887860556,-3.306447709,-0.168528267,1.021618618,0.9736267344
-0.4505667831,0.3875722215,0.6882560606,0.6469587133,0.4407140119,-0.0471597031,-0.1406817186,0.7963318989,-0.6244865859,0.6374772226,-0.02568081861,0.5070088004,-0.7023523757,-0.1590858674,1.370316037,0.996401278,-0.1384555608,0.7471523676,0.5527044421,1.406295529
0.2404277699,-0.2884324595,-0.588007133,0.5335593619,0.1643755209,0.3507889374,0.6292595181,0.08156999726,-0.5256744363,0.3587628974,0.7305555108,-0.1576414805,-0.6421570208,0.9167244317,1.060811922,0.5710035517,-0.1845311529,0.237992694,0.6044911291,0.6441191147
0.05639961227,0.3257321598,-0.1291867575,0.4819986647,0.7253251071,-0.1335222995,-0.5107614389,0.4789467836,-0.4132340171,-0.2127198678,-0.6561199427,0.1781121629,-0.7432159629,-0.6133716246,0.4781434853,0.3522500093,0.1385998298,-0.8054577356,-0.1790426741,0.2287515144
-0.03505005473,-0.1854311544,0.790027338,0.2989870544,-0.00539800927,0.8246159792,-0.3318602704,0.6204613234,-0.319826152,1.00922601,-0.3382624166,-0.7795226205,-1.141660764,-1.499002408,1.367637049,0.6922692036,-1.613629913,-0.8182949389,1.382465848,0.5400800987
-0.1956558265,0.1485242807,0.2567545286,0.05490999917,0.1305033903,0.01183948453,-0.3253117264,0.2452538311,0.1007436879,-0.3962416682,-0.7585851512,-0.1998327616,0.3685933506,-1.103079772,-0.112218437,-0.2839953855,-1.726912279,-1.095449536,0.5203761816,-0.4799310384
-0.6847212773,0.2136058149,-0.04726729566,0.3286292523,-0.5731913692,-0.4416087274,-0.3903456126,-0.2790950485,-0.6682075404,-0.04549792373,-0.7316488343,-0.6960606759,-0.7525674214,-0.6895074526,-0.5948641574,0.8962619472,-0.3400672739,0.1907451718,0.5437596506,-0.5064747925
-0.2502884589,-0.09134473144,-0.3408117298,0.6844237782,0.724952973,-0.1877381024,0.192605339,0.8506199322,-0.4600653938,-0.2156414281,0.5106479897,1.132874657,-0.5771243216,0.9493703465,0.5557382349,0.4795462617,-0.4423890388,1.354998179,1.164741511,2.247422524
-0.3860323033,-0.2093439924,0.002655812399,0.6844304839,0.1429197103,-0.2881778423,0.6601526718,0.4062607422,-0.5390366758,0.1468065049,0.868019287,0.962723471,-0.6093203571,0.8059567984,-0.002772322791,0.8933463457,-0.2562034103,0.5730410067,0.6231108385,1.692457173
-0.2385818256,-0.4781940957,-0.37706481,1.210562694,-0.06081195189,-0.2170011926,0.4872658021,0.01010112956,-1.508505254,-0.4018013857,0.9799230255,0.5566236339,-1.77956081,1.55822959,-0.363078927,1.322410286,-1.636828605,0.3581598147,2.061815202,2.431054031
0.4923644591,0.1435059916,-0.4752098399,-0.3232651611,0.396226418,0.4184174411,-0.458189113,-0.05630105917,0.1855417921,0.5741981368,-0.04117386039,1.613831536,0.5223381804,-0.4457701683,0.3751140152,0.1841840728,-1.307769508,0.8003469802,0.5916648692,2.017396613
0.2653926388,0.6342783712,0.7568901401,-0.6268495204,-0.05646295284,0.723973477,-0.3465127221,-0.06749121848,-0.2553599585,1.292576635,-1.003855443,0.2052211141,-1.267875414,-2.642014588,1.077800595,-0.08539678498,-7.480366472,-0.5115505067,0.7125118797,0.9532865653
0.2705117065,0.1677517765,0.3396644057,0.2289555786,-0.1209120986,0.3889200839,0.04289664204,0.008359749326,-0.1890821986,0.326791979,-0.1480312059,-0.5479084268,-0.2844115078,-0.8053989156,-0.2052427257,-0.1146346089,-0.6969067151,0.1100795425,0.3716190767,0.429678577
-0.2456674982,0.04894016086,-0.1774440092,-0.236311728,-0.2518278378,-0.444485345,0.1615176882,-0.2053486613,0.8926749898,0.3956192228,-0.5186441402,-0.7284483953,0.5356931704,-1.381708767,0.1421920181,-0.7504146577,-2.283942624,-0.523058945,-0.1729386571,-1.301661703
-0.19344203,-0.08981153724,0.09810933234,0.1133490332,0.03643371245,-0.3695671452,0.8545618591,-0.4249591753,-0.2097627529,0.6520627282,0.9345161632,-1.41264998,-0.1552423058,0.3300683999,0.3863005699,0.8706880153,0.2335202649,-1.268166081,0.5028987844,-0.8854236523
-0.384673406,-0.04401438447,0.1942142749,0.4615790615,0.5919626126,-0.7701774138,0.1721956224,0.2567691582,-0.0233604017,0.4200162774,0.2486261925,0.2527712617,-0.6519500141,-0.06361619854,-0.1851346188,-0.1527856366,-0.2826503321,-0.898567276,0.67285235,0.6017040588
-0.0949399695,-0.1363470293,-0.0574320442,0.3648920304,0.02705907885,0.4663829853,-0.2748934329,-0.00616829563,-0.4906916029,0.2969523294,0.1945785262,1.252053354,-1.701208964,0.03002546335,0.1681230447,0.8621204492,-0.04194579037,0.5308808562,0.2388087729,1.595937782
0.2465370112,0.5222947342,-0.2834992936,-0.2993522453,-0.1496443746,-0.02439758663,-0.917315534,-0.6835809772,0.3045900762,-0.2584612171,-0.9898252312,-0.134944306,0.3686083076,-1.698654418,-0.6266653627,-0.4031527075,-3.327030867,0.1666684207,0.1252123965,0.3259110678
0.3249361285,-0.3675710592,0.2263633854,-0.1804789642,-0.1800625432,-0.01750165777,0.1728855737,-0.2717073859,0.3547471955,0.1276546684,0.1704920933,0.5138647356,0.2813596577,-0.2321748868,-0.3094578264,-0.8185174625,-0.03721913626,0.1694009459,-0.4129048576,0.1040067324
0.5185151934,-0.4397111901,0.1307708215,-0.06692007463,-0.3700765208,0.5643340419,0.297811129,0.4367830117,0.03924861377,-0.3391350194,1.240233393,-0.1914667357,-0.4591328623,2.710254109,0.7814747978,-0.8164588519,-8.556983353,-0.1861398963,0.3842168414,0.5573256687
-0.3937595612,-0.2442522154,-0.2356083512,0.8800526328,0.3170327754,-0.01879074348,0.6292141956,0.3444441131,-0.01389256219,0.5096070256,0.3103915968,0.1034620826,0.0838899873,-0.5014370866,1.128108549,0.5231693924,-0.6090425866,0.2213803898,0.4834339114,0.982521769
0.01985846083,-0.02022268434,-0.220347858,-0.1589127724,0.4170054536,-0.2613370507,-0.2264653733,0.1433535704,0.7624811515,-0.1460011307,-0.3210417394,-0.9081957731,1.2630974,-0.3994760013,-0.0469498072,-0.7478108642,-0.9896691379,-1.902072031,-0.5345888499,-1.530726551
-0.9947243077,0.3797757378,0.5043946474,0.5440651515,-0.2435148168,-1.059351443,-0.9130836424,0.1290789108,-0.2515910172,0.5386877807,-1.160636576,-0.5725649425,-1.084695881,-2.106567821,0.8509380741,0.5812365004,-4.710544672,-0.1438953773,1.068719637,0.05338112222
0.2940692069,0.2135126487,-0.1872943526,-1.151867805,0.4848309484,0.6380714599,-0.8889718357,-0.2829701994,1.121265784,0.1907368772,-0.5943577496,0.523253632,1.102369813,-0.9800952857,-0.0748627564,-1.008195369,-1.394101919,0.3150586876,-0.03469084332,0.2423509795
0.193830098,-0.6447851919,0.6390520596,0.1364692782,0.1535915556,0.3322984869,1.309510687,0.6859794938,0.03715321186,0.4092535321,0.5573147663,-0.5700715521,0.1950833448,0.4045726492,0.5326696121,-0.2082734461,-0.3414074133,-0.4768880345,0.321698992,-0.146146783
-0.3268074077,0.2923165854,0.02356228247,0.4825136416,0.01750265826,-0.204673226,-1.06689398,0.1515909558,-0.4275191687,-0.5881327245,-0.8054455017,-0.3011493557,-0.4825522998,-0.7332396868,-0.6471203686,0.5528299982,0.1004165813,-0.4258480261,-0.2749879435,-0.8414716935
-0.5490956066,-0.3801825907,0.1556071948,0.6154127335,-0.1132312389,0.05496132306,0.8817401064,0.2037712531,-0.861910752,-0.1971745855,1.196135184,0.7374105645,-0.9692260881,2.268000391,-0.1072104487,0.8288888523,-5.514795801,1.521975968,1.168011276,1.403773234
-0.01994435598,0.1541231063,-0.5913173102,-0.221133692,0.204840759,-0.1798165669,0.1707901129,-0.05309382298,-0.2372060649,0.6147603637,0.7960585362,-0.0002113901736,-0.9594431962,0.1040196926,0.2823097225,0.8241667294,0.2347939035,-0.3976712356,0.8449055103,0.4840437076
0.1224772958,0.1418231209,-0.1046505926,-0.5749216933,-0.4330146411,-0.06762209214,-0.2047031939,-0.5517972601,0.01042627173,-0.1624199341,0.07583887182,-0.142970789,-0.006493872505,0.3594345058,-0.5924670417,-0.03655518082,-0.1166585732,-0.3676971507,0.001456821947,-0.02919979039
0.4054931521,0.08159815118,0.1437098461,-0.2816813453,-0.467093166,0.4050301662,0.7879675545,-0.6777755937,-0.2322523964,-0.4824241399,0.6218668276,-1.30988624,-0.3985560549,1.750141418,-0.7208681504,-0.2379659818,-3.05826765,-0.5384224587,0.3329711199,-0.4186893496
-0.1221514997,0.1636816538,0.005701205476,-0.03883971629,0.2285501719,-0.3345520504,-0.1832309296,-0.09364178159,-0.2634482659,-0.194118325,-0.09644210362,0.08995371111,-1.050537468,0.1217410791,0.394111827,0.5958075701,0.7343605916,-0.4789484708,0.09711073098,-0.2228260003
0.3854972242,-0.9057920985,-0.04172158394,0.8964363264,0.06431599017,0.3938505405,1.436074862,0.3868740245,-0.4803308611,0.1696826612,0.4081549711,-0.4421035883,-0.3662537049,0.1184355278,0.5271023088,0.5207080761,0.2037898295,-0.4671178993,0.3027812563,0.2089140421
0.5592256346,-0.2915135665,-0.02620502831,-0.4238229454,-0.5651041314,0.09814968508,1.420773094,-0.963287921,-0.164256525,0.1636489468,0.7722302507,0.4707126336,0.4152793436,0.7215350036,-0.446423127,0.2575295072,-0.4329274818,0.1812860091,0.8259030382,1.016175892
0.5383534712,-0.1965793955,-0.03709054642,-0.879537149,-0.2898426984,0.7024291508,0.775078146,-0.04676899742,0.7842160258,-0.3106008576,0.4296470306,0.5499418055,0.4419233998,1.099773066,-0.3815811053,-0.5419313897,-0.9968063673,-0.2538182938,0.2374187957,0.6992878683
0.4389657689,0.1529348676,-0.3292455764,-0.45194378,0.09625764867,0.5671924382,-0.1598010334,-0.5264972183,-0.00835194372,0.3241806344,-0.6518992975,0.2060085635,-0.2472389958,-1.387867073,-0.5092271808,-0.4207720599,-1.701734357,-0.1474333527,0.004752856879,-0.3288351156
-0.6041862661,-0.07212780634,-0.07718645879,0.07756322869,-0.09337112696,-0.562636264,-0.3022433886,-0.5699952413,0.02355269036,0.4277652978,-0.1571376602,-1.043463578,-0.0004499610357,-0.5521388237,0.4543379709,-0.2990664671,-0.1674335886,-1.120797322,-0.2168827863,-1.509017378
0.4421895467,0.07334012195,0.2105274867,-0.1311216975,-0.1192457543,0.2625625619,-0.570446225,0.3551798668,-0.03272543695,-0.09498186418,-0.09715984811,-0.5244861004,0.05345337117,-0.5763600113,0.4433256992,0.1193407164,-0.359416667,0.551880355,0.4046095937,-0.4117390263
-0.6579411323,0.9024910303,0.3947020038,-0.4253857877,0.4846056468,-0.6353502117,-1.482310085,1.225339783,-0.05769727791,1.001736084,-1.248542164,0.9860127099,-0.2114308653,-2.335733722,1.549545965,-0.6261322678,-6.945820586,0.2054351324,0.1069691062,2.010283666
-0.6129635202,0.4228260126,-0.4107588713,0.1624401274,-0.3070455397,-0.7198028202,-0.1864873944,-0.4285621932,-0.4391481861,0.0845538153,-0.368553327,-0.1088259809,-0.7690462909,-0.2666873052,-0.2261905582,0.2153740714,0.7146853761,-0.601204964,-0.1666364552,-0.6776134234
0.4311122481,-0.11709525,0.323036474,-0.2032130692,-0.7274411251,-0.02192817326,0.02171009914,-0.2369432641,-0.1989783715,0.1623232353,-0.3019555978,-0.3645571974,0.1326446224,-0.8301059822,-0.3381731464,-0.4068881467,-0.8852503711,0.1838426445,0.3196163144,-0.574862049
0.02075156475,0.5476365521,-0.05132696529,0.3289880297,-0.5444899228,0.3115223627,-0.8922131811,-0.2666190183,-0.3662068522,0.6739693591,-1.302966395,-0.5628213331,-0.3553129152,-2.25467426,0.8211330417,0.8559421993,-5.953739073,-0.115881417,1.425710473,0.8061737956
-0.1909480593,0.6995802982,0.3078773997,-0.852732177,0.4478778957,-0.3002049301,-0.5499162349,0.5722565078,0.2886773204,0.06393245537,-0.8369522703,1.635938578,0.05032984507,-1.458128238,0.7132677423,-0.01189526547,-2.621994879,0.9537943263,1.16972853,2.44203924
0.7363776273,-0.1871938055,0.2211406123,0.2152707855,0.5580779416,0.9696156933,0.393129131,0.8328652019,-0.4215648369,0.293100638,0.2347607235,0.2841819459,-0.9452300111,0.273797972,1.019471336,0.6611947582,-0.107979444,-0.2352014163,0.0173099886,0.2108735853
-0.2048317185,-0.1455137558,0.02579361604,0.1142283904,-0.2611003458,0.5696152465,0.6123474447,-0.07708591624,0.0649310051,-0.1071444996,-0.1501463832,0.1241137022,-0.7726130017,-0.1938490782,-0.2441118383,-0.1477694676,0.2130294419,-0.2616635646,-0.4129341901,-0.1525912865
-0.2203310978,-0.6916398524,-0.8426023566,1.143291753,0.4037501858,-0.509769028,0.8968172561,-0.4501046856,-0.4189658878,0.9799899157,0.9413198448,1.026897566,-0.2947693969,0.336023225,0.1364001904,0.3364205848,-0.05817747851,0.1682718429,0.3266294729,1.483416923
-0.05246560036,0.1111996351,0.1716320681,-0.1414304141,-0.2605002792,0.3364846899,-0.1303406845,0.2144105678,0.1291512482,-0.07131754099,0.2145644493,0.3468628113,0.03565466531,0.1569497087,0.466444572,-0.4082502903,0.02630939784,0.07223944517,0.1035323998,0.3863918409
-0.1269800799,0.5146718597,0.2367236152,-0.1717116038,-0.5837762472,-0.08475638568,-0.005075050505,-0.8407790009,-0.2997955754,0.5427292864,-0.1231894724,0.2036811975,-0.4106904345,-1.135964592,-0.5997310929,0.1926798078,-1.465634432,0.7634199432,0.7414646185,0.7020059763
-0.05718326674,-0.588243914,-0.01380545302,0.3487373252,-0.1035621483,-0.031351133,0.6611814701,-0.06087235042,0.3299792433,-0.0175976734,0.7647320495,-0.9947737549,0.1966783741,1.395621665,-0.3673966204,-0.2825519189,-2.503723549,-0.2688157038,0.6781240466,-0.254405039
-0.2583720084,-0.3003154641,-0.1646681508,0.3266316409,0.4084805729,-0.4804539935,-0.1930526884,0.425169914,-0.3560461403,0.03633860537,-0.2273343959,0.4303434323,-0.3000983345,-0.05306640686,0.3024456706,-0.02559929241,0.4955010187,-0.2068318989,-0.1819270585,0.5267632178
-0.1482050351,-0.6149649977,-0.3378085659,0.8834749546,0.1067884688,-0.05469554367,0.7049351797,-0.4926937115,-0.4261984139,0.1598043191,0.6539961719,1.1500771,-0.6700998897,0.2098315106,-0.6197439134,1.156763414,-0.1390267008,0.7650019196,0.99075246,1.749567947
-0.3858888366,-0.07247725235,-0.1699458918,-0.3036161015,0.2509362971,-0.3021935034,-0.2516872429,0.4439870568,-0.1235977418,0.1649343183,-0.6408951178,1.521771682,-0.147172577,-1.318506765,0.833779785,0.7756144203,-1.19305514,0.6297361799,1.351624022,2.477420112
0.2392747928,0.2849906462,0.5442894544,0.0285913094,-0.1429369183,0.5486230117,0.1331180347,0.5421406014,-0.1150435046,0.6667293577,0.4242478333,-0.7200543358,0.01422586668,-0.4173117038,0.18033582,0.4938078982,-0.1556134082,-0.7857189023,0.7819292866,0.4107561171
0.8175832051,-0.08505007838,0.1582891534,-0.3865114593,-0.5186293183,0.6964621855,-0.5931928073,-0.457135387,-0.05234625013,0.3841311405,-0.3236111779,-1.306026214,-0.02372147451,-1.331873284,-0.1816628962,0.3434294803,-2.430954777,-1.200781563,0.7953720898,0.06640360342
0.34428693,-0.2976164398,-0.2120083576,0.6448042033,-0.2471073464,0.2753495483,-0.1933463553,-0.08873074786,-0.2594532372,0.120110696,0.3878357729,-0.6872106493,-0.1631257176,0.2421202824,-0.1778792123,0.3610943806,0.1616637491,-1.109676798,0.4227378608,-0.9730289086
-0.7510663401,-0.4284559109,-0.4880375932,0.9046081413,0.4318128693,-0.7088665474,0.2993866138,0.2511737497,-0.6194366157,0.628929271,0.6740647343,-0.2827795259,-1.87994114,0.3506376487,1.269795575,0.5797113789,0.8456635414,-1.073895141,0.3618008299,-0.0813216264
0.4077094641,-0.1469913442,-0.07470756016,-0.401885619,-0.2310209626,-0.002440646399,-0.2351243527,-0.6020898402,-0.2045339164,-0.00432735092,-0.147553194,0.1267378008,-0.427312437,-0.8465733099,-0.4966274846,0.1095162021,0.09102794738,-0.08688855922,0.139111671,0.2269575556
-0.483106997,-0.1922525439,0.2419443405,0.4483211048,-0.3969303319,0.1626023584,-0.4510210427,-0.4293129674,0.000657834286,0.5603633929,-0.8646123529,0.04365716214,0.1195375743,-1.520018668,0.1048409041,-0.2564559348,-2.648608367,0.3707429217,0.7232127674,0.6570155742
0.2354476509,-0.2975117731,-0.06280305492,-0.1651880111,-0.2084841977,0.3452779941,-0.08153811621,-0.096075236,0.2432197387,0.21023583,0.1771383772,-0.3281675855,-0.1891617825,0.2283628331,0.5965072441,-0.6006421109,0.4897860971,-0.5713404789,-0.9995768646,-0.4697074137
-0.2875678203,-0.06005498333,-0.3619621274,0.2986737084,-0.1600728459,-0.425752125,0.4173079199,-0.7899106049,-0.8119153719,0.5107662261,-0.05582208688,0.3004707543,-1.353517257,-0.6370991462,-0.02819905136,0.7086544446,0.4613417824,1.07235067,0.1610927003,0.03872760829
-0.05814923899,0.392673521,0.3317784102,-1.050116428,0.4025829831,-0.3656283064,-0.6300159391,0.9203059042,0.6227463882,-0.3314331557,-0.5803424375,-1.784622681,0.4975048582,-0.2444594964,0.003243964164,-0.7831498609,0.682621666,-1.810707309,-1.019017739,-1.780522468
0.1405887889,0.3737154572,0.1563049571,-0.5541427529,-0.2725121358,0.08572597419,-0.1930643358,-0.1262400964,0.6299617681,-0.5200820016,-0.1269421672,0.4025294627,1.055742237,0.3384576977,-0.503532417,-0.7720394338,-0.4722812055,0.8757142161,0.2186303202,1.075842628
0.0008921345315,-0.1222402005,-0.02243088487,0.1680354714,0.06736902939,0.39219702,0.3670219386,-0.06205365446,0.2181364133,0.000833941621,0.2865382735,-0.6876993145,0.779238535,0.4592662322,-0.1861686937,0.1458258327,-0.838066527,-0.9841328238,0.9057980846,0.03355456849
0.3537971301,-0.3809819494,0.4126486549,-0.2261018335,0.02473962031,0.06851494307,0.8638567344,0.3988623485,0.731198726,0.1672490285,0.3688830004,0.6044962814,1.382684978,0.5184086085,0.001205855234,-0.6432057487,-0.4883902647,1.144204965,-0.4282554499,0.3503762037
-0.1209984044,-0.13585132,-0.185161406,0.5363906941,0.2494354879,-0.4298190077,0.4337343023,0.05599811502,0.08933094628,0.1030773367,0.3913344315,-0.1755135303,-0.1009218048,0.9113721282,-0.2713297328,-0.265020649,-0.7777690719,0.09511958126,0.4932732666,0.04299482516
-0.9803466009,-0.09522591116,0.1476185474,0.7419508798,-0.04662057606,-0.6725242141,-0.1165858651,-0.3980195303,-0.2686829548,-0.1265171544,0.3152249513,0.4549761156,-1.278556897,0.8710598597,-0.6504784104,0.6111463003,0.1496513335,0.2337045932,0.5010875625,0.6348900508
-0.3800285733,0.173573155,0.3362670054,0.3837775389,0.4073544883,-0.0779199753,-0.5397109426,0.7264859503,-0.442981299,0.3610368502,-0.1753749553,0.1841552249,-0.2770465916,-0.7035964417,0.6101605865,0.4970435624,-0.8630209423,0.3755441982,0.7739165087,1.277390658
-0.5328903581,-0.6236483888,-0.2670996755,1.074420598,-0.5379418989,-0.04902522296,1.33173399,-0.2712791872,-0.4466139205,-0.4115872312,1.329690664,-0.988254324,-0.1991399889,1.82426876,-0.7049157664,1.007182265,-3.384265058,-0.5386242218,1.335709591,0.1358450867
-0.1360980428,-0.4251365643,0.01793641031,0.3201866818,0.1101176574,0.09042118147,0.9857537684,0.1254327993,0.240520617,0.1216546514,0.4416112917,0.6043930277,0.2722981283,0.2314463423,0.2053385391,-0.3456291852,-0.2650425194,0.5268850876,0.1182429685,1.120687407
-0.4306761434,0.5567175885,0.2090086055,0.564594059,-0.1708880954,0.4955639409,-0.8584059691,-0.1266789848,0.1185906975,0.01858326253,-0.2942276094,-0.441874847,0.6245017469,-1.043914357,0.03007454366,0.2006519898,-1.857500105,0.4176718244,1.186090218,0.9440853143
0.474028929,-0.2196696273,-0.399302217,-0.01517172763,-0.2599957524,0.1018023106,0.1846194202,-1.021557565,-1.001290933,0.3801915064,0.04916958833,0.892331113,-1.36812104,-0.02633681253,-0.7500283863,0.2189555457,0.5742728958,0.8380441986,0.4548535632,0.9960117347
0.1305269257,-0.7152366571,0.2596810544,0.07894099013,-0.6570850098,-0.09103274857,0.9072800124,-0.2759358617,-0.7688977245,-0.2833592406,0.9924879228,0.282377758,-0.9771691667,1.133861646,-0.1084467803,1.171813414,-0.9106139621,0.7132153357,1.331258623,1.069515887
-0.4081269229,-0.04602034004,0.9044976292,0.4905927942,-0.2310340025,-0.5692421208,0.452515962,1.015843326,-0.3645191952,0.7589056231,0.224259705,-0.05236438316,-0.6835995432,-0.5827363025,1.61958922,0.494329692,-0.08317944465,-0.9721266894,0.3068291176,-0.2038139214
-0.1489059657,-0.3288894273,-0.236273902,1.139576672,0.02475044594,0.3079641093,0.52778502,0.1409319033,-0.1766223775,-0.05641117303,0.3827463941,0.5191765098,-0.6566915643,0.4658321948,-0.00148411262,0.0001025484933,0.1265061545,0.2992463159,-0.3508314774,0.3267392184
-0.3141478207,-0.1005371171,0.3701540446,0.7928853448,-0.3390841437,0.1046411801,0.2948775071,-0.2451557846,-0.3816467005,0.1593894011,0.4273015201,0.2853791501,0.05268437968,0.6472100965,-0.03909005028,0.5143507995,-0.7814418067,1.003514638,0.6494642632,0.7543513583
-0.3145263457,0.7672276802,0.7087699016,-0.356766142,-0.2513658612,-0.483979426,-1.287263207,0.006677910488,0.4476576264,0.2469249966,-1.32038439,0.4779219673,0.4801028915,-1.871912334,0.2543861461,-1.096960987,-4.138022004,0.5512794126,0.03640839944,0.8602429216
-0.02664660416,0.2448938038,0.2968523535,-0.691305637,0.2760557541,-0.2283714989,-0.4470442963,0.1130796926,0.6404255433,0.06718520459,-0.5770276338,-1.231142863,0.8156298314,-0.6138920099,-0.6672903207,-0.8149386402,-0.3109422511,-1.197445011,0.1878399712,-1.323491336
0.3855062024,0.2472941703,-0.3589783501,-0.5746104069,-0.3829515514,-0.3533994991,-0.03710843721,-0.5169511052,-0.08132902624,0.5066331068,-0.2511002696,0.2978205743,-0.1284748793,-0.5654867641,-0.4024041128,0.02221615816,-0.2669321785,0.9559804043,0.2326885948,0.6424916766
0.2215411686,-0.1255317222,0.171040823,-0.249632781,0.1912798068,0.402222275,0.6219083526,-0.1281665695,0.3373794801,-0.2132158642,0.4444381094,0.9367563317,-0.04257437439,1.011062742,-0.537085953,-0.09697707334,-1.790240465,1.268091453,0.5816780523,1.664013219
-0.3368176014,0.07315218765,-0.1673590626,-0.1250443505,-0.8229978749,-0.3876129099,0.9145044127,-0.8315756341,-0.09791291206,0.0348304839,0.3998475547,-0.04679013019,-0.1346868098,0.3300220701,-0.7418623399,0.1665288079,-0.5966175731,0.559198625,0.1248417296,0.6496718381
-0.8581090615,-0.09373771951,0.2580622473,0.4214339075,-0.1642485832,-0.8270332065,0.2960040372,0.3413321399,-0.3131751052,0.05838939065,-0.1958375145,-0.2543085148,-1.005755554,-0.2885431851,0.4686152633,0.7622789458,-0.2715864743,-0.5173024147,0.8286849742,0.7353180765
-0.2765954752,-0.08237003514,0.05992111779,0.8021409302,0.3875423855,0.5185419158,-0.3969491513,0.2986756331,-0.3744333762,0.3575098871,-0.3169957676,-0.8753806098,-0.1982220167,-0.910926437,0.1314161033,0.6739688195,-0.5511681391,0.05883400693,0.7617310706,-0.3086258516
0.2947097851,-0.2426709659,0.02821028548,-0.4278518685,-0.1631148935,0.5224325231,0.6902662578,0.2079858658,0.5336980078,0.1487760954,0.6819606977,0.1221000344,0.5522039062,1.01662018,0.4970322317,-0.07660459851,-1.772290135,-0.1172469596,0.4691316608,0.4502761899
-0.402393614,-0.200150048,-0.2284937878,0.4352568599,0.0692001097,-0.7581944223,-0.4431944302,-0.3575237415,0.1201654214,-0.2313293561,-0.2592379334,0.1993822623,0.3913691015,-0.1232763447,-0.1008698393,-0.4754434853,-0.297720114,0.01472231259,-0.3332950075,-0.3013343744
0.05676023589,0.1564883625,0.6168480757,-0.498191277,0.0811755339,0.06025047204,0.3573640166,-0.359582271,0.7271878815,0.5250501747,0.269939187,-0.3976824853,0.5923703399,0.1019493644,0.1810393247,0.1878534769,-0.5970166001,-0.4365107363,0.3831018575,-0.006980390948
-0.1282543415,-0.09629725156,-0.5282514204,0.01415292444,0.5913097244,-0.395135644,0.3316454602,-0.1989145953,-0.1208209233,0.1036951727,0.3972769484,-0.07098611706,-0.5138615428,-0.07606809158,0.2980657158,0.5228098397,0.02960978197,0.0648241633,0.216596068,-0.05022230461
0.06851637177,0.6686314631,0.3426905966,-0.5347819697,-0.5191344484,-0.05936948402,-0.7001800613,-0.8984404492,0.4217581842,0.2635696138,-0.3620760669,-0.7983988085,0.533243153,-0.6380707772,-0.6584875863,-0.4844780436,-0.668399822,-0.4722896061,0.3740550421,-0.4624657982
0.23550416,0.4614665296,0.328754896,-0.2301248178,0.3310534722,0.4246687496,-1.023157948,-0.0162954651,-0.2397472958,-0.0517192765,-1.070621637,0.3927994256,-0.4237374513,-1.675563076,0.1741949266,0.05687755107,-3.69583561,0.1609889601,0.7452513882,1.362179693
-0.296441162,0.06615541244,0.6820320955,0.1046418495,-0.2197975006,-0.0152636928,-0.0342742441,0.3646718793,-0.441146566,0.3110863362,-0.2023945991,0.66348467,0.001973979117,-0.9326849036,0.5951528011,0.5249380513,-1.031952874,0.2103792424,0.9885377625,1.688292307
-0.3930967584,0.09201611704,0.1685717466,0.652357149,-0.84067058,0.007468566137,0.1975496799,-0.3541495943,-0.5484969086,-0.2090095432,-0.3665039126,-0.7015943133,-1.377082214,-0.3633224427,-0.6344925211,0.299283589,0.3870414193,0.5670825636,0.8712824926,-0.09905323541
0.1601482807,-0.1734038825,0.06165495217,0.2066682784,0.1310742911,0.1521288136,0.1600055171,0.3273248438,-0.3553663026,0.432572068,0.2585014001,-0.3641631661,-0.4043076281,0.192477845,1.060832829,-0.04601870717,-0.1451740369,-0.500559499,0.3749360577,-0.09176307986
-0.38954004,-0.06441310278,-0.01709097858,0.6123163246,-0.1943100967,-0.561869691,0.2729718532,-0.1522446142,-0.5174487562,0.1680421235,0.4836451664,0.5748492484,-0.7632651166,0.4255351333,-0.232276472,0.5805034987,-0.01430043067,0.8720237941,0.1458602566,0.7949773834
0.3938305831,-0.4100956991,-0.2439468874,0.2668795644,-0.2289053471,0.05217143771,0.867276354,-0.3787189206,0.2631035409,-0.694313035,0.5367416863,0.2773604642,-0.260780113,1.292224068,-0.9665638557,-0.3961787295,-1.755923625,0.4078794522,-0.2062886308,-0.4084161551
-0.02047222248,-0.1787980183,-0.5317266897,0.7727791497,-0.4785032931,0.5664702074,-0.3585695832,-0.2049029727,-0.4891354473,-0.159463468,-0.8212845073,0.3517728448,-0.2727395544,-1.594192915,0.02975582373,0.5528735046,-2.764379138,0.3231795315,1.164150496,1.867599995
-0.4024234569,0.04733733466,-0.02053863702,0.1929791568,-0.06608625554,-0.01403971156,0.3433453173,0.1105007662,-0.7109748959,0.005452713592,-0.5500621742,-0.6277159306,-0.905741219,-0.8300886641,-0.6870742431,0.2743605814,-0.2379060555,-0.6221013616,0.6151240931,0.2814420888
-0.534985685,0.1750652353,0.4441401038,0.3842309745,-0.2965269497,-0.3330238342,0.229059585,0.425965401,-0.2727927128,-0.3403649147,0.5572197312,0.2850975124,-0.2527652822,0.9131908937,-0.4218258699,0.2670824136,-0.8990775395,-0.3420156733,0.714041904,0.7256431618
0.158827044,-0.5120531983,0.04695354612,-0.0591169869,-0.02984890308,-0.35882953,0.8717117465,0.1939990587,-0.0617949976,-0.5455275065,0.6483037539,-0.2589555153,0.002416139091,1.528581843,-0.2967006828,-0.4058067172,-3.042157224,-0.470741364,0.5244426933,0.1520304792
-0.4058087032,-0.314769068,-0.0409184009,0.6328681751,0.03349741251,-0.4882213637,-0.3162316541,0.3817483361,-0.4841204622,0.3879871735,-0.4104285539,0.01578794523,-0.4924104087,-0.3819509269,1.094733584,0.1036647618,-0.13724309,-0.6059323499,0.3626212451,0.2838484984
-0.6231040621,-0.2710456315,-0.3251044593,1.204199176,0.7016903963,-0.5241855697,-0.3494738382,0.1054862317,-0.8193279316,-0.454503806,-0.3607147791,0.3006918477,-1.13304537,-0.0441400618,-0.1854880578,0.613303877,0.7028956364,-0.3249721749,-0.06028142497,0.3048370755
0.3478023752,0.4034745305,-0.6012235239,-0.2487608232,-0.657314889,0.08126284202,0.1983618179,-0.142240916,0.2708802364,0.242756338,0.4142987074,-0.5824632525,0.06999842221,0.5446668947,0.1732981899,-0.1134288585,-0.2565408656,-0.00975342933,0.5569389433,-0.5570537156
-0.0720331999,0.3120768814,-0.02047890064,-0.2751748374,-0.3424627594,-0.1812653579,-0.6041709393,-0.4832425028,0.05712566082,-0.009951900662,-0.5400731445,0.4085625213,-0.1664561111,-1.121874109,-0.2190007207,0.03048190397,-1.695923688,0.09732419013,0.9151934123,1.550850978
-0.5232310581,0.3939332932,-0.06615543735,0.3599708879,0.02429351968,-0.1186637625,-0.6086847094,0.4458608245,0.1772213657,0.1917499251,-0.8397105493,0.4226599381,0.04395876839,-1.508942394,0.05184469166,0.4286138548,-2.569979551,-0.749472428,0.8282043983,0.9036762486
-0.4916772699,-0.06058591609,-0.4742815845,-0.2006861248,-0.3889207224,0.1205548343,-0.1500250518,-0.9773974585,-0.1593217456,0.1867139979,0.07913270806,-0.7174483343,0.02015906572,-0.5166491182,-0.3326076161,0.1805900911,-1.377087393,-0.6575324681,0.7283173146,0.05455512925
0.5260052461,0.3268521342,0.08012308698,-0.834174901,0.4095634338,0.5007766657,0.1160820901,0.1955449751,0.8348856822,-0.3682921114,0.2064890092,-0.09824572028,0.976107404,0.7104244874,-0.2525902847,-0.773316117,-0.5856977383,-0.1087740985,-0.522504534,0.05862954293
0.4525065468,-0.04987138489,0.4190607481,-0.7306382058,-0.2860751808,0.8271249306,-0.4061384235,-0.04199652428,0.6767270448,0.8431106524,-0.8449953242,-0.4542666303,0.2632047261,-2.567907537,0.09499789371,0.006942950718,-7.721964112,-0.3395597631,0.8437993659,0.1074496719
-0.2372135137,0.01187898082,-0.04062447792,-0.02178058821,-0.2355238533,-1.019633611,0.1766003176,-0.6054032462,-0.2718510912,0.08284760962,-0.513137781,-0.004328741036,-0.7345495048,-0.634960557,-0.5157623779,0.4815547461,0.4035229452,-0.2427619846,-0.2749597905,-0.6491304165
-0.2222162238,0.06593326482,-0.1844738611,0.3682704683,-0.006699281025,0.1487160446,-0.1504097433,-0.3702872533,-0.3404636574,-0.07342230934,-0.2125417956,-0.6139001468,0.1644439172,0.07094824645,-0.441974417,0.2810777735,0.5541678033,-1.002295872,-0.2958420362,-1.267212765
0.5900105812,0.1338096987,0.2691314718,-0.8686865145,-0.4899257518,0.3560028179,-0.3132409337,-0.7141495497,0.6846669599,-0.17686377,-0.03938903713,0.7727555796,0.5817333129,0.3139936011,-0.604559899,-0.6709200855,-0.481623688,0.992283713,-0.02630223985,0.6471734668
-0.3342555538,-0.07807781366,-0.8204415103,0.07229848498,-0.6399938318,0.1021699558,0.313051216,-1.444099943,-0.1958548929,0.7604326552,0.2643630444,0.556824147,-0.2680498337,-0.8941828476,-0.6105727017,-0.1711094626,-0.6479892385,1.432659647,0.2877808556,0.7632967612
-0.3068216899,0.0009346229953,-0.422581492,0.4632333791,-0.149110962,-0.4933875262,0.1025477838,-0.431590994,-0.3160491405,0.2104915874,0.3361858361,-1.144322369,-0.1247407544,0.3520702297,0.1800857617,1.110579088,-0.03188874209,-0.6392601483,0.9395026971,-0.4250524979
-0.1294877348,0.06660397189,0.09920012727,0.1514985701,0.09017877281,-0.05728853187,-0.2443730485,0.2633695369,-0.1770174804,-0.01783798251,-0.9356829408,0.7832457409,-0.5740042362,-1.002144736,0.4023616939,0.1797310802,-1.095535006,1.118423761,0.6958590393,1.657391401
-0.5374068764,-0.1258568647,0.4209133035,0.4723471002,-0.0149233248,-0.8053851788,0.08500663433,0.4148353431,-0.8027535765,0.003809788714,0.2295691099,-0.9517721911,-1.502849406,-0.2675295297,0.1660223121,0.8279800301,-0.4390762903,-0.8143039961,0.5235560379,-0.3024876572
-0.4282793899,0.5949179633,-0.5064364768,0.08717457461,0.03715286539,-0.3365901376,-0.6642794721,-0.1688634942,-0.5899825276,0.4509143305,-0.4330952857,0.7629810104,-0.745768429,-1.023732525,0.1216159861,0.4558337226,-1.295755447,0.7778832475,1.05951333,1.870268584
0.09641838752,-0.2014418375,0.130724054,0.6100297005,-0.6461768088,-0.3806722819,0.7514631669,-0.3901183335,-0.1008926189,-0.5887888639,0.9617122531,-0.7706719208,0.0780166953,1.657494951,-0.8858543272,0.4581336209,-3.644575961,0.007625626709,1.282100507,0.4117736868
-0.2401014165,-0.09694053909,-0.535914851,0.518922964,-0.1427832496,-0.5472563527,-0.2941102932,-0.4136863946,-0.7930202536,0.002225484596,0.02489156223,0.06746306909,-1.622394872,0.6765951706,-0.5854567972,0.8397863585,0.471261945,0.09999624052,0.174955231,0.0821177771
-0.2323133964,0.1238376606,0.128916708,-0.303687468,0.5092703595,-0.2508114507,0.4123845637,0.09119445746,0.4504375891,0.2257138907,0.4703907125,0.9358013174,0.5751109106,0.5511888458,-0.04340722209,-0.5348747664,-0.9853232107,0.8034492415,0.355295766,1.5555963
-0.4627169926,-0.03048172518,-0.06567215423,-0.1068774284,0.2667310631,-0.6821281479,-0.4573223544,0.4588487458,-0.5393862814,-0.4553588038,-1.285895655,-0.04799187134,-0.7454945062,-1.428698195,-0.22133937,0.8416647645,-1.721183352,-0.5251590322,0.8698248275,0.4597081442
0.2140883162,-0.4488027663,0.1842662682,-0.02549170192,-0.5436732143,-0.2192474384,0.8394041167,-0.4783650004,-0.3735194114,0.6615659272,0.3603572421,-1.230949671,-0.1408854829,0.007810070254,-0.5478881971,0.04368450305,0.3444587307,-1.443251757,-0.0348472971,-0.7675040574
-0.1565390973,-0.2661172564,0.3124706021,0.3730954836,0.1033681457,0.05422159879,0.1490127156,1.195143996,-0.4000520358,-0.1567204218,0.08686203528,1.016549315,-0.1580055135,0.3931164986,0.7079180414,0.3291016665,-0.09773507788,1.01092997,-0.002737671837,1.115442418
0.2144495514,0.00360505679,-0.284329431,0.2336368528,0.6877829411,-0.226693179,-0.2105257223,0.5708892932,-0.2225531457,0.3052068247,-0.1583012282,0.02058264075,-0.5590748299,-0.8133202654,0.2638134236,-0.1044832861,-0.3813830496,0.6931994945,0.2608003693,0.4896507251
-0.525832591,0.008798297585,0.7610660946,0.4491701642,0.2178095527,-0.4301074382,0.5477454097,0.7719127248,0.03246056207,0.4004822833,0.5424943269,-0.918092976,-0.2603313217,-0.0453559065,0.7093800067,0.219189097,-0.1794853336,-0.3957724218,-0.0206357542,-1.012832824
-0.6144108957,-0.06009652789,0.4753183221,0.4748449147,0.1391711493,-0.4467402791,-0.08639855245,0.2857923998,-0.4704450518,-0.1966704491,-0.02645660778,-1.340720487,-0.4307341868,0.8067436997,-0.6717667602,1.005114642,-0.5256177442,-1.01010336,1.279243664,0.2979648201
-0.6120772412,-0.2095907481,0.657871114,0.57705196,0.4726839715,0.0785408399,0.3740741518,0.4295948407,-0.4813168882,0.7263895629,1.0600763,0.003474280304,-0.3249020641,0.6206763421,0.6626591468,-0.01677599421,-1.040003861,-0.07423173404,-0.07171399308,-0.2714194624
-0.4064500397,0.2747196324,-0.1639704826,-0.3282636141,-0.07562630321,0.167184401,-0.1111856635,-0.318004795,-0.1191093705,0.178464091,-0.002529564204,0.05335122886,-0.2653432182,-0.5194772464,-0.01637717234,0.3933641534,-0.1487501077,-0.07143857953,0.421040558,0.2608117943
0.2903674945,0.6012687499,-0.02539105152,-0.7880093899,-0.2386996382,0.08006216765,-0.6346016834,-0.572951527,0.2594363409,-0.03040788053,-0.4888042638,0.6078467644,0.5021811338,0.3223507545,-0.6011826648,0.1138020054,-0.277823978,0.5712417703,0.9080513507,1.307770748
0.2131490448,0.3396505185,-0.4604060208,-0.7312084385,-0.3934691493,-0.1536088451,-0.6575141554,-0.336551884,0.5528286688,-0.3918386617,-0.7760219085,0.4010959512,1.195225477,-0.2036267039,-0.7065995962,-1.058053946,-0.4765058908,-0.2083722632,-0.3307590275,-0.2902984421
0.09982101978,0.1610066585,0.1187514738,0.08234028121,0.06431924379,0.223066531,-1.113395837,0.05267900428,-0.01744360236,0.2005399993,-1.306253643,0.3911945552,0.2285109958,-2.020945248,0.4369908774,0.475343864,-5.92270089,-0.0236329976,1.218629593,1.766493908
-0.5615069229,0.779014073,0.5376295736,0.2643768339,-0.004951371296,-0.4287306691,-1.213449932,0.9240414036,-0.6643275792,-0.2618449639,-0.6253944831,-0.005873634244,-1.521069428,-0.7482584778,0.04683852488,0.8389512264,0.9906221289,-0.3502609688,-0.2334415621,-0.4187733012
0.06640446601,-0.3163820237,0.1922312284,0.2230085221,-0.1316254749,0.4555814192,0.6901771286,0.6432259892,0.1139905266,-0.3468149881,0.08791730775,0.1016986907,-0.1693840681,0.4246729866,0.1678570023,-0.5649116254,0.5357058416,0.1827359575,-0.7104503093,-0.4699444401
-0.6292933976,-0.3467934962,-0.7710069976,0.6942351222,-0.2251296394,-0.1210872013,0.6130995886,-0.3207807375,-0.7272231608,0.0585982931,0.6971771328,0.5402847214,-1.125902722,0.2745684055,-0.2462788307,0.8031948826,0.1286900726,0.7952012208,0.1352877671,0.6397851115
-0.359980618,-0.1127394905,-0.1667124326,0.3743593421,0.1639804734,-0.1339354196,-0.5592782107,0.7753296424,-0.6366574636,0.6354501507,0.1174393269,0.8413844789,-0.6023992939,-0.6018312897,1.60480415,1.123232408,-0.7102296587,-0.3698683349,1.558133889,2.421244354
-0.2923676508,-0.3895029901,-0.3814361017,0.5186072805,0.2299424961,0.05131330898,0.6297206103,-0.009401998058,-0.540113437,0.7550871261,0.7168232988,0.6076369431,-0.3433723978,-0.7934845066,0.6743054046,0.3010936184,-0.7574681216,0.5810063935,0.3966692859,0.5554317767
-0.231587736,0.0072376927,0.09074323471,-0.9212411242,-0.3641994124,-0.3184695703,-0.7858479317,-0.4653475665,0.8220122651,-0.4190836678,-0.5089122726,-0.5926093857,0.4435059685,0.03216068221,-0.8936456801,-0.2910586837,-0.5211412436,-0.9012373064,0.308937465,-0.3504134794
-0.3911650877,-0.3080327188,0.4273752661,0.9994344477,0.1275942672,-0.01546633539,0.4711608322,0.5792455774,-0.8477211665,-0.2269755914,0.4337545467,-0.2853758125,-0.8637944808,0.901275386,0.2305299013,1.413340245,-0.6400432587,-0.3646387486,1.938424853,1.608465958
-0.2515997254,-0.7118585177,-0.4404350415,1.029750121,-0.4445729264,0.2187330069,1.037205832,-0.5627137659,-0.4190084659,0.6398595979,0.1891360842,-0.8278974228,-0.3685171135,-0.4759784143,-0.1318645865,0.01366047813,-0.8062032624,-0.1979082305,0.8859287391,-0.05687008341
0.1355719511,0.305758644,-0.4960085045,-0.5007652185,0.5418514282,0.4604404352,-0.9853336795,0.5461418841,0.6200664685,0.5349638607,-0.2477605079,1.177382377,0.5141614361,-0.9654164588,1.02086435,-1.140501316,-1.44305925,0.8943753025,-0.07088245281,0.8322873884
-0.7025142857,-0.5147357052,0.7445901651,1.434839955,0.4969040324,-0.7992737881,-0.02782874621,1.123941485,-0.8171526915,0.4642206709,0.6711759121,0.8815893567,-1.379368958,-0.4807798726,1.223042477,0.4680905926,0.04187091062,0.7679065585,0.4163124758,1.059125017
0.01126973245,-0.1329677659,-0.1510519998,0.04163072057,-0.4155191882,-0.1723665529,-0.4826838245,-0.2459228685,-0.002606663667,0.008450799373,-0.3276638986,-0.3538172332,0.001131826869,0.0303448026,-0.2562498369,0.475295462,0.1970374103,0.6198198177,-0.0859639022,-0.02569836369
0.07457618357,0.5482723175,0.2516287915,-0.4820830856,-0.3851025186,-0.1420591955,-0.6424150526,-0.1170800582,0.03158015991,-0.3771777485,-0.7082363045,-0.8090922604,-0.5533439011,-0.805354273,-0.1296321634,-0.6758862915,-0.3492031636,-0.8601999138,-0.4210115109,-1.328006953
-0.1454846906,0.6528153512,0.1189467265,-0.3493880473,-0.2218598398,-0.07860847635,-0.3940817771,0.7049505344,0.1267710879,-0.08228266149,-0.7168211903,-0.08690061841,-0.3601916865,-1.539598689,0.007651850003,-0.1982841272,-2.199666482,-0.8241207962,0.4599340833,0.7311865323
0.3376293389,-0.0008678262506,0.4932377273,-0.3675181417,0.494080284,-0.028815274,-0.1038985209,0.5882050595,-0.3896620129,0.2236330202,-0.103337366,-0.1474042273,-0.6854163367,-0.6813293353,0.4179874978,1.048355758,0.1727254362,-0.09405633175,0.7149689407,0.6844393304
0.5792064683,0.05826571175,0.09582382668,-0.283463175,0.1597560965,0.5035553097,-0.1367217636,0.08146549215,0.4058605463,-0.6010527472,-0.07710166774,0.0797182787,0.2629123033,0.5018887006,-0.2485399991,-0.6730030901,-0.1880666944,0.2469522508,-0.09630086888,0.2740066928
-0.188341707,0.04886680579,0.01038238345,0.2554900946,-0.1571487406,0.2666117102,0.4971063872,0.2586281888,-0.2108006227,0.5558588938,0.6410355981,1.708781174,-0.3698581509,-0.001966388503,0.6461733293,-0.1211474319,0.04436211726,0.7489234754,0.6176796038,2.486742489
0.1927626118,0.3365824194,0.1428003588,-0.6634970463,0.3916406127,-0.1015697346,-0.2475833218,0.3158135141,-0.02653255941,0.08139002301,0.1653448056,-0.8679399278,-0.09701075515,0.1957334939,0.5248578027,0.02618754643,0.4699497272,-1.060345141,-0.8216549443,-1.598974606
0.09801342963,0.2943044562,-0.01617237117,-0.2539515803,0.03884033893,0.1575859048,-0.8567680059,-0.1554728081,0.5777686248,-0.07978384339,-0.1679732046,0.06579988334,0.7868840849,-0.1468268098,0.04582949496,-0.2298496712,0.1909576926,-0.2215131866,-0.8076652789,-0.7772018275
-0.5775232873,-0.3230703388,0.3073061097,1.126609865,0.1647589731,-0.4029380837,0.882344525,0.7551556466,-0.6175040472,-0.55003757,0.7379757485,1.063522198,-1.093163057,1.486954024,0.009544032292,-0.06406296481,-2.337153495,0.02739381628,0.5524186138,1.153126026
-0.3772244451,0.1682536593,0.3767834327,-0.2681258726,0.5379636353,0.3647301292,0.6701726887,0.8300452587,-0.03054563626,0.2066548609,0.3608074139,1.048663153,-0.5244706378,0.3747360406,1.355673503,0.3287562771,0.1487835872,0.2797874278,0.3199744982,1.240178222
0.07190765182,-0.04993014521,0.4539573346,0.2919782258,0.561913958,-0.002896390213,-0.2013260024,1.344931893,-0.487408575,-0.2224107592,-0.3437382567,-0.02446236301,-0.2121128784,0.05471401546,1.708813428,0.05989236221,0.1162444708,0.2310143229,-0.1969006075,-0.2319481712
0.05731489838,0.5251961368,-0.1524115019,-0.3166323164,0.3459310784,0.8397142692,-0.5964907125,0.3544393203,0.4613340947,0.2691648715,-0.7401446012,0.2545825509,0.04092958592,-1.193275709,-0.3599361032,-0.475990444,-1.273916044,-0.09752305408,0.7596281357,1.075836236
-0.1395360443,-0.4579926047,0.5310185317,0.8246814565,-0.1849002632,0.1916779844,0.1239999659,0.04177898192,-0.55777096,-0.2861198883,0.4738084329,0.08491656888,-1.103796044,0.7040294859,-0.01338604644,0.9108195951,0.3958401075,0.2649303135,0.1608059433,-0.4968932555
0.4593682417,-0.4612239179,-0.04786051811,-0.1980932476,0.1356143716,0.4536366798,0.3831146455,-0.6424742964,0.5531048656,0.1520724217,0.4092439895,-0.2022493951,0.1488366975,0.1078312976,0.04536074561,-0.6884199655,-0.1007367749,-0.3039734029,0.02889641825,-0.2859287648
0.5072564378,-0.4756843961,-0.1068306904,0.5831998912,-0.1142415814,-0.3662738538,0.4097925298,-0.110776485,-0.2603159988,0.2315268933,0.4338799802,0.5441056432,0.0001432742736,-0.2166408829,-0.5976336243,-0.4884661684,0.08670500336,0.1948027568,-0.3985502706,0.5228550503
0.3513934854,0.2821768903,-0.04636144125,-0.718905484,-0.1082762825,0.6471024125,0.03737759551,-0.7584424804,-0.3625188201,0.7592529941,-0.1389205058,0.7341245204,-0.8735320761,-1.17933096,0.06747623846,0.4337397949,-1.298073933,1.214414531,1.298741069,2.531874852
-0.4200547553,0.283043673,-0.2439432698,0.1912704301,0.05027282593,0.1956590132,-1.580171777,-0.1638269629,0.01963493158,0.2059464495,-0.6075956539,1.415083173,0.4759607032,-1.062725637,-0.5864017857,-0.4516345229,-0.8142865315,1.130371794,0.4179476325,1.348167699
0.9482116285,-0.1119366312,-0.1686334039,-0.4256582177,0.01790627456,0.6277246344,0.1884068312,-0.6613505722,0.1914955397,0.1282873687,0.3241607431,0.01485120417,-0.06972515222,0.1824561098,-0.6521878817,-0.2100499201,-0.3322597329,-0.7178343322,0.4090634495,0.1465077204
-0.1756183835,-0.2661509634,0.3259856562,1.011877662,0.07807705256,-0.6007659738,0.2644982178,0.3543587478,-1.322302267,0.2312259016,0.6565770301,-0.03870091061,-1.604217575,0.5870101985,-0.09133479963,1.282359159,0.8644311668,0.4719900568,-0.08570879733,0.3747701778
0.5072456214,-0.3742712994,0.1308617599,-0.1061880375,0.3481072469,0.752462728,0.1780542569,-0.4071129139,0.4909510544,0.06761914867,0.1413430614,-0.2371698741,0.7998303993,0.2382444905,0.2586893203,-0.635254789,0.1428286381,-0.2479846016,-0.01957367393,-0.3401986239
0.2601557623,-0.03120269762,0.3696896266,-0.5264346858,-0.1593947749,0.10685906,0.01565704823,-0.3389018867,0.2983643329,-0.1443146751,0.2050164048,0.1948732304,0.6880612739,0.117018357,-0.5789629246,-0.702663988,-0.352709081,0.8377091791,-0.3290380323,-0.07940841893
0.3254167627,-0.5529538822,-0.358260721,0.07548594599,-0.297683216,0.5768120465,1.187654232,-0.7829940624,0.2311138857,0.2085723309,1.805745164,-0.6616690512,0.1253923484,1.399112819,-0.6888107439,-0.4042996957,-2.217983551,-0.2659661753,0.6061665429,0.2829345511
-0.3541070784,0.3218996558,-0.2335765389,0.198536916,0.1963860008,-0.3911264066,-0.6422065319,0.09908250624,0.07715160357,0.1548201565,-0.7881711302,0.6422675553,0.08067948632,-2.007945542,-0.1214138228,0.3965931566,-5.764341353,0.5856498289,0.6013764507,1.721875466
0.3144062274,-0.4181320219,-0.4043970747,-0.1095330933,0.4923667565,0.07820750663,0.6059913928,0.2457600778,0.1380517715,0.8497680402,0.9291753119,0.2401771466,0.3283378698,0.2047060126,0.609925482,-0.1541538568,-0.2454423414,1.486078203,-0.2032531102,-0.2733677508
-0.4241517037,0.1333323141,-0.3278656014,-0.09220831503,1.153498764,-0.2842878786,0.1636099284,0.7854174794,0.1795607632,0.09394569503,0.07285186629,1.0892771,0.02813908064,0.2639706229,0.3288977308,-0.3088791947,-0.1599791121,0.4586450405,0.1605355062,0.8352299697
-0.1203325739,0.355790969,0.1503015217,0.3081384387,-0.2947088804,0.1187664955,-0.6570054266,0.5501534808,0.1569334451,-0.2556200651,-0.9859789879,-0.8713416377,0.2227941767,-0.9711364,-0.08113655676,0.1118377554,-1.383093377,-0.4755855171,1.348989129,-0.3573808341
-0.1964890546,-0.4422508394,0.08876828526,0.7034797147,0.1888145589,0.1529313848,0.3696706189,-0.1712436525,0.1841121421,-0.2336628726,-0.1970998634,0.6433447444,0.1347358191,-0.04403741888,-0.6391996614,0.2156665618,0.6419246656,0.1820480345,-0.08855898186,0.6745006154
-0.002201929255,0.461933183,-0.2814248,-0.4628273092,0.06776603568,-0.3078058567,-0.9473607435,0.3186819768,0.4993644061,-0.4407520247,-1.554834644,0.5732510771,0.6142881323,-1.539235948,0.1223985367,-0.6279515337,-2.883539089,-0.2822469205,0.6370803121,0.8625792353
-0.480440725,0.05786457038,0.1089354452,0.01741249605,0.347778736,-0.5103902923,0.5152908417,0.1987483368,0.1069400705,0.1502014349,0.800833884,0.3803142476,0.3855318369,1.461167936,-0.1592099821,-0.2456474079,-2.093721536,-0.07580566262,0.5155341577,0.5569838914
0.7235211019,0.4894212785,-0.01079025566,-0.6364018936,-0.1253706611,0.8965167898,-0.2268961085,-0.09191166567,0.7599981339,0.2129775885,0.02979548379,-0.4614236281,-0.1860759585,-0.4420786629,0.07798506269,-0.7358434173,-0.917423788,-0.06086775837,0.7349632638,0.4947331699
0.4141961341,-0.1567607523,-0.02551911856,0.03546617253,-0.1533757915,0.2171074796,-0.1828261367,0.3444978109,-0.127708147,-0.1134251029,-0.3862234928,-0.8066678758,-0.4247874187,-0.08308529165,0.3541620381,0.1180599426,0.1470072806,-0.7199639757,0.06299772428,-1.05051477
0.4702300487,-0.05853758688,-0.5344580169,-0.155762122,0.07891840372,0.356022624,0.07253259098,-0.5589801793,0.6444577417,-0.3303295422,0.3813538761,-0.6169583144,0.4563014601,0.8456062562,-0.9456705219,-0.8020616194,-1.374656353,-0.793757684,0.1137213922,-0.3809386261
-0.1342838698,0.3940017969,0.09246013284,-0.3429214239,-0.5385394439,-0.2906908576,-0.1042375503,-0.4368153025,0.03964037888,0.2162922446,-0.680752379,-0.9463871714,-0.226623739,-0.7613163398,-0.1902260199,-0.3873837014,-0.4988991171,-0.6557012731,0.8129023998,-0.0333040151
0.9492587548,-0.1685770988,0.5193189612,-0.8717329924,0.5727001354,0.8622744777,0.3162410163,0.7548600321,0.3710788397,0.01128265085,0.7544757543,-0.5750843176,-0.1945333295,0.7250599813,0.9489990636,-0.2225630641,-0.2883849475,-0.3624018034,0.2555833608,0.2498547917
-0.08093071398,-0.5055850627,-0.04576443348,0.8689762882,-0.7284700535,-0.4306299852,1.159841528,-0.6889092926,-0.9137984343,-0.4051723141,1.260673163,-1.337529912,-1.364261276,2.071770524,-1.191847397,0.3526615803,-3.925612103,0.3057505915,0.9253412019,-0.6055207911
0.0485669814,0.1134915106,-0.7734271813,0.2179268911,-0.1890275034,-0.5014247735,-0.1268278109,-0.9161244611,-0.2080393952,0.758717868,0.8511298321,0.1730686335,-0.6192644859,-0.3511212241,0.1012708908,0.08211733986,-0.3281412957,-0.1010041298,0.4340925006,0.5745475344
0.3813926603,-0.3921828103,-0.7087645718,0.07461086835,0.1689073841,0.1481662385,-0.09532523714,0.2622888712,-0.1690808932,0.3351468334,-0.2329734281,0.1153289591,0.2845646382,-0.5378352654,0.1804934411,0.1492590102,-0.2338603269,-0.04644856041,0.4225487263,0.1462737069
0.3696482349,0.2747249462,0.3311310801,-0.5655394241,-0.1208154022,0.2077764841,-0.2037393858,0.5820405164,0.1953079585,-0.07002791403,-0.2800035836,-0.2767354635,0.2647094374,-0.5301182655,-0.1310750489,-0.5065775425,-0.5423184443,0.7174160743,0.5419219768,0.04006550428
0.105766654,0.009547362459,-0.1917954262,-0.2545757338,0.3071094894,-0.3890603227,-0.1046368708,-0.3760809166,0.6503517934,0.5325979417,-0.5978151102,-0.3841641437,0.6469248137,-1.2791628,0.5108640752,-0.562950909,-2.103343255,-0.255154056,0.60672813,0.4964229716
-0.5722985828,0.2933074152,-0.3437978056,-0.1050781332,-0.3419729003,0.02730598252,-0.835126909,-0.3874605596,0.9083743385,-0.2935211574,-0.8218958141,-0.9727834176,1.264124066,-0.6803405926,0.1423144606,-1.003283416,-1.006429957,-0.08490370804,-0.242542239,-1.494836375
0.1127855679,1.081929934,0.1779217467,-1.478532843,-0.1435096837,0.5374899827,-1.28848707,-0.7266513159,0.8822129311,-0.3257713127,-0.3534444585,0.4532449812,1.24931889,-0.1702217238,-0.4019893914,-1.095706547,-0.6451229081,0.2238792139,-0.7111455864,0.01599363888
0.02559563922,-0.2613979151,0.51230889,0.3976649124,-0.2174869241,0.09511415992,0.5166337977,-0.07105029049,0.00373839791,-0.0700533086,0.7963119815,0.2099495426,0.3678622698,1.008601465,-0.4633465957,-0.2258284862,-0.9834906177,0.2848338924,0.4242421713,0.4127118604
-0.4998682858,-0.370636944,-0.4336946614,0.872237448,0.1818062088,0.04651675732,0.6473355827,0.03418961957,-0.442622279,-0.1936559406,1.335404876,0.368877779,-0.09826606574,1.825108315,-0.6556592938,0.3118197495,-3.553201193,-0.0920190606,0.9878831515,1.81294028
0.1962304968,0.0818795717,-0.09435816729,-1.083780012,-0.04894425564,0.1849640892,-0.5723502851,-0.2238237493,0.4822798983,-0.4411447659,-0.2905625445,-2.108682572,0.3092624074,-0.6280776038,-0.09508550104,-0.426016602,-0.8143917785,-1.45452129,-0.1232923158,-2.20224974
0.2498377187,0.448365531,-0.3757042079,-1.174665568,0.4907534974,-0.1805257055,-0.6429850515,0.383671283,1.216227896,0.218628579,-1.01179541,-0.7132161875,1.228740549,-1.740259466,0.8810181366,-1.075782613,-4.100121097,0.1002106432,0.3445904649,-0.1603907105
0.2104677971,0.3081325043,-0.01436448558,-0.3899534165,-0.03847086599,-0.5335813212,-0.6504646244,0.4335475521,0.8303635449,-0.06837925291,-0.4601814572,0.6338269693,1.213508028,-0.8517311649,-0.3123610027,-0.4844209922,-1.572284129,0.5417084731,0.4918907207,1.132105898
0.003337308104,0.09853080448,0.04357492185,0.34937653,-0.05444831518,0.1307832852,-0.3353474858,1.254694482,-0.01530543103,0.2683052967,-0.2127878367,-1.120043649,0.3968603512,-0.4719405816,0.8405715437,-0.715749813,-0.3898102236,-0.2003161087,0.1317764711,-0.9382946062
-0.2262392245,0.4556612909,0.110831975,-0.3914129977,0.5628247397,-0.5117840099,-0.08189178879,0.7539939549,0.6688728176,0.4386360774,-0.008755024009,0.5747804569,1.20924644,-0.3300226671,1.629385635,-0.8241303699,-0.1950994903,-0.3083790881,-0.678030594,0.300550664
-0.07556531762,0.06885989278,0.5069417367,0.2074907674,-0.247563562,0.4089451824,-0.1463209751,-0.1437167766,0.4480149632,0.01554324181,0.3487925296,0.02248117858,0.5293123232,0.2339130295,-0.3456444319,-0.8142862379,-0.4105181491,-0.7862505529,-0.1186224705,0.04725153226
0.6417012791,-0.6216117228,0.4872009929,0.4463614284,0.3137251531,1.191921603,1.215302898,0.9474753509,-0.0956069301,0.5653507123,0.9032661472,-1.138798199,-1.412487353,0.4800077737,2.016177583,-0.3337526623,-0.01328981935,-0.7922610015,0.0524096115,-1.379767958
-0.8715637819,-0.1238713149,0.1569227798,0.9539604889,0.0519407712,-0.4796448834,0.02574060811,-0.2198555191,-1.230816292,-0.05953956694,0.423947088,0.8585961433,-1.479580679,1.080378102,-0.1533077983,0.3290114275,-1.420111497,1.25669472,0.8137725015,1.50701131
0.5766192979,-0.2740220753,-0.09028688219,-0.577691012,0.2860179501,0.2096802693,-0.190576382,0.07288901199,0.4138301894,0.1196871406,-0.4796618957,-0.4481495173,0.594765034,-0.4428874831,0.2803773024,-1.0096933,-0.2028863392,-1.246156514,-0.7880928941,-1.019649737
0.2082064253,-0.6157411244,-0.4715825017,0.8392438783,-0.05320069524,0.5690169275,1.317484022,-0.1114353924,-0.7360199385,0.09695267444,1.031094918,0.8554025666,-0.9098923827,1.035882858,-0.2485029206,0.5605235821,-1.093032384,1.448604378,0.8275931953,1.617874843
0.2108463753,-0.3961818443,-0.1020562526,0.08740930583,0.290021454,0.383430217,-0.2284826088,0.4728334884,-0.1807725801,0.1028589153,-0.4231965791,-0.2880361464,-0.4759116359,-0.7882810614,0.9257431116,0.04083509202,-0.1372897359,-0.7614337061,-0.1506804539,0.03203502203
0.6040495244,-0.09694372389,-0.1866315934,-0.7449510406,-0.02996199852,0.9346808791,0.3181566079,-0.6989878812,0.4324530298,0.09479150323,0.7423035474,-0.3331970064,0.3355003452,1.164717251,-0.06553609092,-1.089532384,-2.030176246,-0.2568716165,-0.1965861394,-0.6504450757
-0.6431310996,0.1776003011,0.6779584906,0.8838621603,-0.4169992868,-0.4663010239,0.03002753609,0.3649399512,-0.7640818946,-0.1471356754,0.31830269,-0.3207699557,-1.149386644,0.4109955618,0.8692894981,0.6243854141,1.19118934,0.5927945872,-0.4951998711,-0.891615904
-0.5051071444,-0.2154022857,-0.2849359132,0.1950974972,0.3566151407,-0.2886471694,0.6699198958,-0.1123070492,-0.2520447363,0.01516777072,0.7888012388,-0.366304235,-0.1677262344,0.5787507808,0.03129373915,0.4753442469,-0.52312859,0.3761355407,0.07005524496,-0.3272952352
-0.4500010003,0.9210891833,0.7898193684,-0.4623694173,0.4128563045,-0.4100963511,-1.052823251,1.316061194,-0.1759143874,1.166415196,-0.6555336237,0.2060711622,0.6629732918,-1.513250021,1.575106618,0.1501113742,-2.062272076,0.220274305,1.17691282,1.286727848
0.5806162732,0.2229085461,-0.3590386075,-1.384161092,-0.2255618044,0.4706293819,-0.5322233207,-0.5073561781,1.370676093,0.5704219922,-0.4425863061,-1.65178014,1.018112469,-1.189421763,-0.2678806489,-0.7205385662,-2.079027111,-1.460759428,0.4877318996,-1.426387541
-0.3735302841,-0.2398890461,0.555137399,0.8318066282,0.09422960057,-0.02562831562,0.1451682064,-0.1523182591,-0.3855587484,0.07498148468,0.4219318784,-0.6339342322,-0.6140506225,0.1686039985,-0.1299445488,0.732454472,0.3172251006,-0.6147561753,-0.288249594,-0.6128658085
0.2763678707,0.2797450069,0.2058537573,-0.1306993187,-0.3213835163,0.4387908742,-0.6578105641,0.1575828424,0.08663902636,0.6020150279,-0.2971703725,-1.403717865,0.351197704,-1.189106831,0.4682451655,-0.1628753525,-1.353562349,-0.8168416636,0.5776486247,-0.6284201451
0.3868127764,-0.08838219174,0.4368920398,0.1772000082,-0.285920731,0.299600286,0.5416329426,0.2464796983,-0.1090390549,0.2668035641,0.3385095399,-0.8457024846,-0.6403883673,0.7442317586,0.2967204632,0.7738975632,-0.4625532402,-0.1038843962,0.3571042697,-0.4034738318
0.3830300866,0.3098808457,-0.1614530829,-0.9038824853,0.2501250207,0.531402226,-0.1289228974,0.00965332236,0.09869414775,0.4071525022,-0.247226755,-0.3509355704,-0.3139455898,-0.7079495325,0.08343680227,-0.6802256855,-0.6011885249,0.1712989683,-0.2333787392,-0.4972522911
0.4585537719,0.3463294077,0.03995629337,-0.6932150904,-0.5998987198,0.4693363793,-0.3642938826,-0.4113111767,0.6549680765,-0.05566570164,0.1154511763,-0.2898411733,0.76631909,-0.07717877675,-0.03018583399,-1.123644589,-0.2752027779,-0.2125153631,-0.5272970629,-0.8834481759
0.05984229005,0.6779789044,-0.02668006676,0.1600138865,-0.3176887529,0.2341642485,-1.074155835,-0.1120785721,-0.3847362352,-0.2222539733,-1.159159621,-0.6309191459,-0.358182688,-1.912415068,-0.07481806592,0.6434523402,-3.841550551,-0.5220831137,0.9545959637,0.4480954831
0.3415778989,0.002752565548,0.1266514808,-0.5861996836,0.1872280632,-0.3350005877,0.647269784,-0.04560051209,-0.09900815654,-0.04796914259,1.041156119,-0.4563533855,-0.6247401202,1.209849393,-0.2040676171,-0.4236616833,-1.361521257,-0.1389946428,0.6961502803,0.07779594968
-0.3130784837,0.4460965285,0.07614704379,-0.1206890913,-0.1747234488,0.1800791369,-1.178335324,0.4555834552,0.1827948031,-0.1609289919,-1.094519028,-0.04545117908,0.1296729467,-1.399495481,-0.5236251907,0.05884628699,-1.979679425,0.7715477246,0.4487502237,0.632133727
-0.3758839442,-0.1583588895,0.05850112992,0.4416849049,0.3221870174,-0.2052601025,0.2227430078,-0.1811259187,-0.2607476437,-0.2406981303,0.3383115205,0.5581885425,0.07600983769,1.787212047,-0.3385653885,-0.3695374921,-3.963874595,0.1666696858,0.4368177663,0.9286450511
0.1460799083,0.1795242199,0.07478593144,0.1306170911,0.6433890883,0.1890306228,0.07067115412,0.6709748499,-0.4073461319,-0.691497752,0.1368076508,0.1922835893,-0.9843049726,0.5064507165,0.04282405087,0.5564239419,0.3823415269,0.03652194693,0.2686823053,0.3919472178
0.01032325946,-0.1888420341,0.193970605,0.29151283,0.4617518616,-0.2362513437,0.6476868185,0.4018836349,-0.1166682224,0.2051335082,0.4222579647,-0.9579818915,-0.2406763747,0.2833428241,0.7846077881,-0.03910114775,0.3259280279,-1.052257031,-0.1181220695,-0.8447806485
-0.3468392203,-0.02417476391,-0.1170544805,0.01012661047,-0.2114790731,-0.7356517398,0.4135510632,-0.5286722676,0.1489586683,-0.2917699886,0.6515814273,-0.08192336561,-0.5242311902,1.195593407,-1.053266487,0.1263942746,-1.167421368,-0.1803085334,0.7096578302,0.8033725428
-1.041486869,-0.2878381859,-0.006211972286,1.309981009,-0.4050637501,-0.2953665833,0.2345170506,-0.05431903244,-0.5330950829,0.1396394742,0.4075982834,-0.06215703551,-0.8402724706,0.3964122819,-0.3817962727,0.6345136946,-0.3936554706,0.3332718307,0.5274221023,-0.004116618964
0.1615431958,0.3662993129,0.4119438648,-0.1601430789,-0.5317352528,0.3758348003,-0.8616730322,-0.2288987814,0.3550660288,0.4376396125,-0.7635111089,0.4518983212,0.4536132345,-1.801487141,-0.1613238639,0.075931071,-3.778410873,1.09070528,0.9530543957,1.242412386
0.01113608967,-0.000742719,0.1515735946,-0.5056875342,-0.3985779093,0.1105088771,-0.3814544095,0.0657626617,0.1542899521,-0.2861538147,0.09412569044,-0.5758648923,-0.3042785841,0.1378267548,-0.9298544726,-0.7792863418,0.6282694515,-1.48861396,-0.5976171615,-1.857762537
-0.07293985018,0.3438676038,0.3487244002,-0.9132852235,0.3704398393,-0.2384538639,-0.6825041245,0.6931877089,0.6519448449,-0.4364485111,-0.6031479036,0.548504856,0.8999404372,0.1904613538,0.6642765325,-1.020105615,-0.2579548605,0.1333940815,-0.781025132,-0.3281709283
0.009185183541,0.1830768311,0.1187257349,-0.4183515583,0.5578412367,0.07315820022,-0.07784937212,0.3801523803,0.7154798212,-0.3864725866,0.2008069862,0.07146464786,0.6474241112,0.5427044446,-0.402334848,-1.118910377,-0.3700922401,-0.007836152254,-0.1459653488,0.02738937663
0.1971967267,-0.1343113682,0.0211594304,0.7470014952,-0.5171559964,0.215458787,-0.04630332218,0.0631849282,-0.5372800036,0.153956881,-0.3799646888,0.4682139105,-0.7347072965,-0.7863013151,0.1063940473,0.3861463558,-0.1408616298,0.5153559069,-0.4456333633,0.1264249614
0.2463143289,-0.103236468,-0.3300589724,0.3448827328,0.2816755441,0.2490163525,-0.1080983091,-0.2359940313,-0.5580413601,-0.01038529826,0.06302564931,0.7243775034,-0.9054264541,-0.02702286571,-0.03158855825,0.7087507156,0.3814570861,-0.2008184791,0.3793641856,0.869355539
-0.3258166134,-0.2065275769,0.3538173357,0.4531401591,0.06517633972,-0.3741140226,-0.1320718781,0.5081279998,-0.5038338455,0.4066176677,0.189265442,0.2098153691,-0.9721777356,0.3410908194,0.7078319625,0.2888340655,0.257552922,-0.2940912238,0.6366807696,0.8460023578
-0.3775371939,0.03550533676,0.04909393537,0.2249358591,0.1848252165,0.25658683,0.1006428701,0.6448379323,-0.3105685011,-0.2165545678,0.07392290705,-1.182446161,-1.095080212,0.3229231302,0.6528379208,0.4443225901,0.7132947057,-0.815215031,-0.8283819121,-1.948759061
-0.671045948,0.6299122759,-0.4732147847,-0.09076466419,-0.03737559705,-0.315542836,-1.015754342,0.2807339831,0.2067952215,0.1597754863,-0.7211907385,1.038429206,-0.2708933155,-0.6359605928,0.3518063003,-0.4785588498,-0.09245197704,1.133576215,-0.6246891857,1.003313512
-0.5673857842,-0.2130354768,0.2310847099,0.7842786943,-0.3868457583,0.0008782149896,-0.1408212535,-0.5818310183,-0.5635348154,0.144943147,-0.03798325645,0.3165418619,-0.2937803001,-0.2588450503,-0.2332785961,0.410265435,-0.01323546621,0.8736602389,0.1629269651,0.6364233117
0.01511520876,0.03631324945,0.3558617738,-0.07266232605,-0.4763062837,0.3717990807,-0.7275405006,-0.04176554625,0.2568387139,0.3745253215,-0.6230478238,-0.1473778803,-0.1388386223,-1.866358901,0.5588322254,-0.5764473506,-4.557925584,-0.1684437096,0.9910652272,0.7397400129
0.2682722755,0.4121661264,-0.3947479239,-0.2741496639,0.254506167,-0.2512969829,-0.2746799105,0.03324854365,0.1605797563,-0.05286998015,-0.167164323,0.7971106572,-0.3296292757,-0.07233146534,0.2388457133,0.07072354579,0.1399970684,0.02682920368,-0.5354446829,0.960368248
0.124622861,0.177152708,-0.1870860583,-0.2269996795,-0.01687219157,1.162642971,0.07598637207,-0.196635034,0.5825704803,-0.2398760455,0.1530737591,0.2411019364,-0.5080741394,0.7044412685,-0.2476482663,-1.022951807,0.01874619786,0.0659574014,-0.7720963854,-0.724043333
0.1543951654,-0.1579149603,0.5944238116,-0.344601468,0.1724409379,-0.3611014616,-0.03015347112,0.2647935615,0.2547208304,0.6631134108,0.6013014928,-1.383549477,0.5909512754,0.3522775342,0.8026426546,-0.4313863468,-0.7544103384,-0.4421077451,0.362631619,-1.006798052
0.05426882938,0.3844529907,-0.09333893612,-0.980524088,-0.2484244492,0.4895324076,-1.277753636,0.4166289923,0.7248342897,0.1108853162,-0.7483257668,-0.9207015124,0.5404351318,-0.5313718199,0.9144001379,-0.8307958112,-0.2979754143,-1.004277765,-0.680763279,-1.815823807
0.03559468252,0.3097772584,-0.6274105682,-0.6350571586,0.2305756853,-0.2102081594,0.1296437081,-0.08711086839,0.2885791046,0.9301155056,0.2606949092,-0.09088784352,-0.08742995501,-0.8971931343,1.201461039,-0.4519423494,-1.226457505,0.4323116432,0.4841276573,0.8342933296
-0.3041354868,-0.1796712754,0.659376624,0.568811846,-0.1186862103,-0.2940382781,0.4460249284,0.06387117929,0.1937555188,0.3930049707,0.7730229067,0.412564212,0.4735482413,0.6672290111,0.5111241671,0.148758675,-0.7635277743,0.338229183,0.493876446,0.5961003679
0.03698125961,-0.1004449562,0.2490045042,0.1288871524,-0.08348302277,-0.1850515313,-0.2793048098,0.07522871833,-0.4473313605,0.4400738326,-0.4795874899,0.3324671794,-0.1885324434,-0.7157384188,0.5566641743,-0.107839932,-1.288565556,0.4193391892,0.33228712,0.5140462309
-0.336994651,-0.1788263054,0.03519351277,0.4833703767,0.03757076938,-0.7517833353,0.4899582647,0.02108529641,-0.6436587853,0.3552352476,0.6748530466,0.3285216706,-1.31181894,0.02485727027,0.4007700214,1.026641663,0.5496661964,0.1849502628,0.6040693775,1.046344106
-0.2605611352,-0.3386696836,-0.09204899943,0.5387143748,0.5845019974,-0.767793825,-0.2978884254,0.8726425772,-0.7596156278,-0.2754214417,-0.3600321416,-0.6879550573,-0.5162551653,-0.05564562146,0.5343860241,0.5181456546,1.213668781,-0.5779642753,-0.2808869466,-0.8356047741
0.003159328776,0.3416597447,0.03024852942,0.2791494838,-0.04158149778,0.2049492506,-0.5659595434,0.4602972973,-0.2739986742,0.5150879758,-0.4349638881,0.5754135778,-0.8678878829,-1.088892723,0.7960624845,0.7024048083,-1.574952824,0.6275127282,1.543528826,1.880211169
0.01256281986,-0.5847847977,0.8380437961,-0.3088883946,0.1468428857,-0.1747668115,1.088104826,0.9459026338,0.08649263905,0.6737061459,0.9956305103,0.03342690683,-0.1400605318,-0.3192569694,1.259537902,0.3795540282,0.1334174021,0.3204472349,0.2608407988,-0.369890336
0.01929798359,0.07447606757,-0.08826186628,-0.2197677032,0.7579556422,0.9829545811,-0.4212917091,0.7228461272,0.3145611698,0.08782545903,-0.3538102292,-0.01829123386,-0.4781502373,-0.7089282693,-0.1193758246,-0.3199095541,-0.4596981859,-0.2524381283,-0.0939198297,0.2447526573
-0.3412062895,-0.3292146152,0.01262387392,0.7803625821,-0.3184121014,-1.164968235,1.050345848,-0.2185748083,-0.4467080842,0.7116780037,0.7906929378,-0.9804005788,-1.702032147,-0.5075958889,0.1714203701,0.1893548936,0.5808254215,-0.4568038347,0.0814645029,-1.376901311
-0.4668441207,0.323759686,0.6749739576,0.05363757777,0.07024847488,-0.6634691532,-0.2527574128,0.6382941445,0.614142914,0.3552450845,-0.5261555212,0.7715580995,0.3246696858,-1.056801167,0.7600502935,-0.04181541159,-1.747492994,1.113746735,1.281018414,2.447117524
-0.2855917703,0.1802905455,-0.02268637205,0.2492761341,-0.3307184731,-0.2327367956,-1.108096182,0.03937708427,0.3373862932,0.373980923,-0.8268739408,0.1005204128,-0.6699650343,-1.61396759,0.6985872744,-0.220025197,-2.386336168,1.311945893,0.5643608805,0.7348302582
0.1838874694,-0.02573388628,0.03323978122,-0.1291617718,-0.3738831309,0.3966004175,0.1044495037,-0.3945770739,0.4939404241,0.1509768885,-0.3610573776,-0.3743200195,0.6711370446,-1.161038726,-0.4107209729,-1.197016329,-1.119462817,-0.02542268955,0.1277067383,-0.5651634015
-0.06368050306,-0.1665766356,0.4516177856,0.2291586252,-0.3694655273,0.3620897864,0.2889863483,0.5382462017,-0.2946061555,0.3189940164,0.7393302739,-0.8294799967,-0.6161194778,0.3577233845,0.363598882,0.112658537,-0.1293469537,-0.5200175783,-0.03601769283,-1.223464002
0.02013854795,-0.06428577823,0.02283761378,0.1548299948,0.2040868502,0.4593515449,-0.03778420727,-0.03587522586,-0.6135712992,-0.03698209079,-0.1955503051,0.6161483457,-0.4710503763,0.2525884909,0.03212588527,0.6599755737,0.5656672869,0.2820182136,-0.2344774765,-0.05437648332
-0.2859937332,0.2981669867,0.2277126362,-0.2032641518,0.1220362726,0.6124365331,-0.6126998169,0.3152241453,-0.2251162378,0.07591185302,-0.4687293272,1.499073401,-0.7286251301,-0.3302681512,0.1140506975,0.228223074,0.5751879393,1.050580846,0.2169573051,1.76630657
-0.190422076,-0.8513097691,0.3788673207,0.9085500916,0.5768005959,0.04213098946,0.8088416069,-0.09293986966,-0.4115119795,0.1474582353,0.6469033483,0.8481957602,-0.6754758989,0.3820068864,-0.3532763031,0.8894897178,0.009150136332,0.1336314248,0.8500513232,2.12226603
-0.04349633819,0.3786824323,-0.3267009188,-0.2972890798,0.26920511,-0.3705228211,-0.4196792027,0.6564872049,-0.347092661,-0.6312539882,-0.719560264,-0.2877940813,-0.07451418112,-0.1595036588,-0.263171654,0.4503173267,0.2113734814,-0.3332718603,-0.2335587882,-0.7352153725
-0.005049570316,0.06104826018,0.01278812042,0.07236116089,-0.3913094185,-0.2402828454,-0.1393727601,0.08500156125,0.1909687826,-0.4368284903,-0.7110101554,0.6652247652,0.6318227744,0.08434325434,-0.5461165447,-0.05214049485,-0.4228957117,1.201268429,-0.2971957866,0.04919044602
0.2995378953,0.4005509351,0.7553516603,-1.169482339,-0.3586188941,-0.178570461,-0.5386362809,0.3293874738,0.715770281,0.3725430774,-0.05173392755,-0.9761092866,0.3864049784,-0.499558591,0.67140935,-0.6109299951,-0.7528629324,0.451358785,-0.2550805132,-1.517834935
0.4507022553,0.3263155795,-0.399611099,-0.4255317513,0.05807435269,1.248019855,-0.2221910719,-0.04081989644,0.1880898777,-0.01727137926,-0.2011211749,-0.8893749083,-0.8437541296,0.4859658267,0.04127106129,-0.4266088117,-0.1512814825,-0.265958516,0.2509986501,-0.7292593394
0.3531707998,-0.4069986902,-0.0919166954,0.2101056831,0.3577733864,0.4543549293,0.7215525355,0.5014083284,-0.1007493841,0.1324140549,0.2626244205,0.1061746555,-0.6625603135,0.6862336611,0.5873555408,0.07032686587,-0.3938698485,-0.533716033,0.3686115571,0.1148880077
-0.4609203356,-0.2782576784,0.5831988452,0.9789367723,0.4889711621,-0.8474726326,0.8747486826,0.07232266559,-0.03683632971,0.5241095387,0.7005350184,-0.3834475657,-0.4300811672,0.2125993523,0.2104588885,0.1577359922,0.3635069379,-0.3995054447,-0.6764086658,-0.8135566611
-0.3729388286,0.2064187537,-0.1966454589,0.2410077598,0.40608426,-0.6680113816,-0.2457246625,-0.266682211,-0.1030332193,-0.2484431356,-0.5576255212,-0.2232871312,-0.0119024488,-0.4302811195,-0.7207689524,-0.06140189169,-0.1354055202,-0.7059222064,0.175915539,0.03111602492
-0.3730248282,-1.048785006,0.3052028416,1.290952629,-0.1715702168,-0.5114091977,0.5041548879,0.05725352307,-1.225197449,0.2452843804,-0.137802426,0.4475531711,-2.401234265,-0.4063472584,0.354547016,0.8528685768,0.8107655846,1.378665893,0.01594922273,0.3534739887
-0.8017261388,0.6494771822,-0.5552941662,0.4246207598,-0.8909477857,-0.2878525571,-0.6401642032,-0.641925773,-0.202896356,0.9821841465,-0.3302187931,-1.291917192,-0.1442238202,-1.589995947,0.1349390819,0.2439894418,-2.54387901,-1.048774953,0.7329788936,-1.325868306
0.3801034607,0.2801396194,0.237130063,-0.6284565282,-0.0383905004,1.394436546,-0.5939684322,0.8406131065,0.712523267,-0.3600180003,-0.6579655164,-0.3880232769,-0.2990976926,-0.4112055527,0.7181289579,-0.4700450544,0.3631836136,-0.4341909831,-0.3669847045,-0.1866652976
0.03413386461,-0.593089821,-0.3449913829,0.1422928575,-0.1948534142,-0.1741113873,0.9000125726,-0.6432474152,-0.320018534,0.2481509613,1.18900015,-0.9993332003,-0.72828988,1.024112645,-1.146192343,0.1393798533,-0.9134392962,-0.689669113,0.755850581,-0.6879186535
-0.0688828243,-0.3278397834,-0.2679321372,0.2070281862,-0.05713498936,0.09580409031,0.1383562125,-0.6309556335,-0.3606145192,-0.223232811,-0.5625640569,0.7553694247,-0.5127201416,-0.9586001004,-0.6695152717,0.4909722764,-1.323874523,-5.542280656e-06,0.5710877734,1.475394302
-0.009164142388,-0.112383549,-0.08429754782,-0.005482886232,-0.6622985259,-0.2709120587,0.9030590902,-0.6477832274,0.5987331262,0.9139031141,0.945189551,-1.290573416,1.025404682,0.2176755418,0.4162373745,-0.7085524903,-0.393327194,-0.4529591269,-0.4715371641,-2.094968008
-0.01813180018,0.3576863535,-0.1208311754,0.3550232994,0.001221907628,0.06985226108,-0.3322774093,-0.4647622443,-0.2489621679,-0.5846151325,-0.1953493632,0.3233943103,-0.1291588741,0.2125253156,-0.7829912625,0.1369724926,0.1112719564,-0.01406615421,-0.4281015474,-0.3212557329
0.5890486387,-0.5094349342,-0.1734216863,-0.5799726897,-0.255839383,-0.08895194162,0.4231491012,-0.5096483569,-0.2958447691,-0.4742872304,0.07642096064,1.358102442,-1.02913164,0.5271685244,-0.2640698375,-0.2830319663,-0.2118620767,1.014862182,0.1564383627,1.469868578
0.2440350171,0.1020802675,-0.0763017906,-0.4455981357,0.418258513,0.1073404672,0.1031954913,-0.0647569877,0.4864552094,0.4633012525,-0.1826579939,1.525223522,0.6409053844,-1.270907532,-0.01198462749,-0.2822242051,-2.335635346,1.51871216,0.7708575506,2.28727847
0.1051366587,-0.2533787093,-0.4824291686,0.006193249426,-0.09159247223,0.1630439133,-0.200027012,-0.2717866905,-0.4462736576,0.370555626,-0.07235508245,-0.02350884148,-0.02046222951,-0.4720716231,0.2059288254,0.6027507233,0.5237958111,1.037793616,-0.4543822934,0.2679805521
0.1633382962,-0.2799410409,-0.2809550387,0.1902781286,0.1768355554,0.1014256149,0.1336095372,0.5720218593,0.01189782947,0.3394876871,0.432946356,0.8645878023,-0.09443253724,-0.412273918,1.063191718,0.2378536592,0.1278250051,0.62130709,0.05304519408,0.8067503819
-0.4425586305,0.6724360536,0.2519576472,-0.07200339236,-0.1196071037,-0.2170132335,-0.8202561185,-0.09496612245,0.8795525505,0.7662942223,-0.5838388279,0.8790660856,1.715960397,-1.806839614,0.533852227,-1.031757406,-4.887809195,0.2921502812,-0.2170453729,0.2218578924
0.2029844022,0.4646556969,0.02090206707,-1.00889994,-0.06478621437,0.6739539904,-0.6026767499,-0.08766274739,0.1512467333,-0.3334022039,-0.6936405668,-0.00682974161,0.02946007229,-0.1329086148,-0.2775459775,-0.01596183399,-0.1377862034,0.4334800082,-0.2809012095,0.4237450841
-0.2632537473,-0.7118205799,-0.155294192,1.617466405,-0.6259721555,-0.03978079173,0.6780531959,-0.9839612128,-1.221147198,-0.1090928146,0.2828688811,-0.6048478092,-1.829222342,0.6752463865,-1.162757914,0.4314513025,0.8986732686,0.6161567501,-0.2935994864,-1.462276553
0.4860754305,-0.1625973918,0.8158185132,-0.3840759381,0.2673692529,0.2002204351,0.578969015,0.692714093,0.1729668877,0.7511018801,0.5801671372,0.1097424256,0.945805177,0.4275872546,2.132813295,-0.1452941353,-0.8501432328,1.179029916,0.3361298041,0.4690011195
-0.6523602106,-0.09127742811,0.37293985,0.331522077,0.2205012165,-0.6863429511,0.5805912107,1.155488512,-0.05783533638,0.1357080767,0.8447764342,-0.8587486695,-0.7846448732,0.6193925727,1.30635273,0.350979058,-0.7374705644,0.2284241853,0.709344194,-0.4447700453
0.5309435506,-0.5307992535,-0.8115540002,0.2005930973,0.6957272906,0.3099697221,0.3415074159,0.3597521111,-0.1636816775,0.956669737,0.6848169867,-0.5065478138,-0.5910254643,0.05430269148,0.9936257579,0.3729475957,0.09431935405,-0.6536769405,-0.3896209524,-0.9692335058
0.5394142091,-0.6362233965,0.08106688461,0.3592495916,0.08994553328,0.41315428,0.605044948,0.6046246285,-0.9243350371,0.3503947809,0.9232285439,0.03901647096,-1.567655061,0.1973156838,0.8145591082,0.496716556,0.4089108332,-0.2292574116,-0.08655248354,0.02492149583
0.2008997741,0.4577386808,0.2702412534,-0.5594825785,-0.4019968434,-0.1000198366,-0.4811954162,0.07617319076,0.5488712937,-0.1501983257,-0.1712449915,-0.9964983331,0.3089285826,-0.2252866949,0.06927695618,-0.7697297363,0.2695350695,-0.1155608898,-0.3632918434,-1.236499629
-0.06077551199,-0.02488434678,0.5931895498,-0.2339931933,0.4094249303,0.0111671109,0.6920252619,0.6635320016,0.4525086822,0.6797237592,-0.06979921889,0.1656875765,0.4842181746,-1.239836288,0.5374942516,-0.7660848105,-1.705781651,0.08259439068,0.140272604,0.3950168146
-0.5199019581,0.127138882,-0.1139310669,0.2923886692,0.2136800406,-0.06439290738,0.5961910914,0.05399985119,-0.1763131754,-0.165830359,0.3486847443,-0.2650110933,0.08646683822,0.2757788097,-0.000594811089,1.149376443,0.3378638855,-0.379018912,0.1099546438,-0.6407677524
-0.2659724128,-0.1279449627,0.4876464745,0.4653524212,0.1109132278,-0.1534326346,0.07427764262,0.3273774316,-1.000301989,-0.004287249353,0.3869667385,0.3240199849,-1.011503567,0.5268953161,0.876724192,1.115929931,0.1005962915,0.1871789585,0.8599959307,0.8038885774
0.02368796187,-0.4321969626,-0.104593969,0.6119567763,0.2802393744,-0.1384898694,0.3041737557,0.2247993746,-0.7472664113,0.3701950977,0.2680626829,0.6944168313,-1.354071017,-0.3847645916,0.2193844561,0.7409727846,0.5748567002,0.7100498528,-0.1178958441,1.206026191
-0.2857779527,-0.2308182574,-0.05844137159,0.4943644482,0.3066709469,-0.3743856,-0.05260485268,0.3630476805,-0.6848848765,-0.3175546947,0.1347823044,0.08214613645,-1.134205106,0.6372767132,0.5488920341,0.8341813342,1.344057568,-0.3455954211,-0.6330228459,-0.5446718071
0.2841559465,0.4516514892,0.5700692057,-1.140358733,-0.2146576314,0.1460338525,-0.6238692412,0.5300202662,0.8869190316,0.2138839389,-0.2408206477,-0.8001219485,1.705436303,0.05568182056,-0.0838350505,-0.6789176449,-0.1268424713,-1.437506168,-0.1147711954,-0.3595873033
-0.4112684314,0.05210346433,-0.2904416618,0.2620938966,0.423089713,-0.4440304755,-0.1623179241,-0.363020876,-0.251669797,-0.0950008565,0.4104292549,-0.0866222686,-0.6283040888,0.4051604116,-0.3110462464,0.6717205438,0.04954595689,0.7783451146,0.3592028859,-0.1558960235
-0.04371784129,0.1035129896,-0.228355759,0.1637575792,-0.2473281505,-0.2010934924,0.008744014383,-0.1570446262,-0.01598838771,0.8982482264,0.07900935376,0.3385183549,-0.2423459794,-1.080332041,0.9217201285,0.1874785877,-1.097601913,0.6048909977,1.147213164,1.78247762
-0.4489100034,-0.2169543055,-0.2262953967,0.7490224099,-0.008151980036,-0.3122818988,0.9007650618,-0.5763281079,0.08108397969,0.5184461961,0.9254682659,1.128676272,0.1338549385,1.190310918,0.01776815933,0.1372804662,-2.007871659,0.8847831528,0.9603339141,1.779271726
0.4452406125,-0.08252194214,-0.33966968,-0.6120460973,0.2548882122,-0.2681010981,-0.3424031488,0.009448760241,0.4259037466,-0.3394421552,-0.4771120663,0.1140979466,0.7291466636,-0.5783218807,-0.4820224274,-0.6227255507,-1.034757759,-0.1267493241,0.7205846991,0.3855538744
0.189268686,-0.3643721444,0.2548286054,0.5581444802,-0.2999575331,-0.02741884703,0.9451613254,-0.53330662,-0.2471745826,0.559024156,0.8761743986,-1.039540268,-0.5502351981,0.4675151331,0.05332223732,0.04161653042,-0.339241989,-0.6839154094,0.5563142908,-0.4169436439
-0.07336521499,0.6147778405,-0.02585731181,-0.4022594963,0.4393569069,-0.08844845574,-0.8693594408,0.003844508537,0.8599133693,-0.6779766933,-1.177194579,0.8681384142,0.9799520822,-0.9196094189,-0.1161385002,-1.311124035,-2.201286038,0.7167355744,0.4775767123,1.46697073
-0.07119840236,0.6352516322,-0.6169212456,-0.4450027021,0.7377972929,0.3389113426,-0.8696790479,-0.2672688039,0.6056992348,0.3214849603,-0.9491698476,0.5368354521,0.3422489383,-1.477402537,0.5688192683,-0.2221345817,-2.177480815,0.8988212969,0.9319369046,1.244065367
0.172092933,0.1486018507,-0.13632114,-0.4851114484,-0.2007384129,-0.03236781282,0.1401609324,-0.9666416373,-0.2760998351,-0.0051583242,-0.1555683596,0.3918400366,-0.8727387308,-0.1742307164,-0.7526623257,0.3043488691,0.8532841256,0.213301748,-0.597296291,-0.3904083451
0.1426451859,-0.01302755004,0.158336653,-0.1987286619,-0.536537652,-0.4849064393,-0.1634492045,0.4258029569,0.7095501851,0.008102561591,-0.1818687582,-1.94398345,0.4339226977,-0.3783191512,0.01935883193,-1.025205272,-0.802782584,-1.420238913,-0.09361967855,-2.165470769
-0.09984024913,0.6675629951,0.4576258456,-0.3695061702,0.1476531727,0.4564577144,-0.8022488177,0.8380301308,-0.2397427829,0.9617831852,-0.5902393163,-0.2050972018,-0.5041109437,-1.557581705,1.628810714,-0.194300931,-2.754800939,-0.1241284307,0.8070328119,0.6987174519
-0.4273859276,0.4109909292,-0.4437641982,0.6621590501,0.3430852746,-0.6084646248,-0.4192353203,-0.08447291369,-0.1867554469,0.3426344979,-0.699835964,0.6960739179,-0.5333794714,-1.086199424,0.1343623497,0.4946376519,-1.022761951,0.7395823,0.9887529406,1.635869779
-0.3464362059,-0.9484867745,-0.6666500954,0.7552749612,-0.04738156365,-0.1804522568,1.258841588,-0.3388682039,0.3229798525,0.7863657069,1.095170605,-0.1806596785,0.532826914,1.099864522,0.194093727,-0.2471128132,-1.329210943,0.07205278674,-0.07946191326,0.2518368071
-0.09982066756,0.1541522882,-0.4622340655,0.2299581323,0.1836815509,0.5905856739,-0.5235538368,-0.08924795024,-0.4955926562,-0.3556164383,-0.7205042388,0.9385829801,-1.074937179,-0.9442131413,-0.6392307874,0.6635149079,-1.103607516,0.2000845213,1.257038038,1.820422402
0.2038915106,0.03545918346,0.8978831508,-0.08182044759,0.4678402349,-0.7362935781,0.2009184441,1.396187961,-0.4475941539,0.2821559608,-0.2277877858,-0.270957362,-0.8620212952,-1.5234775,1.503321125,-0.3379050056,-2.726197103,0.1791204905,0.2616271588,-0.1738555295
0.3682796908,0.4845745867,0.1620513492,-0.3789594277,0.01535342158,0.02370929541,-0.362516472,-0.4590216117,0.2920362877,0.3824076955,-0.420373823,0.9092035829,0.2929178337,-0.7392623903,0.7299056799,-0.007102627465,-0.7233550767,0.7632297183,0.9300368717,1.559297496
-0.5944289966,0.3706163417,0.17332568,-0.1907614933,-0.04670241749,-0.3194257767,-0.5213179661,0.1711923189,0.42581685,1.205541619,-0.6988047168,-1.460376348,-0.03216238523,-2.857278966,1.748768403,-0.8793188967,-9.585412537,-1.342712858,0.04715717059,-0.9343152626
0.1528506781,0.2705667679,0.09688920767,-0.2996792982,-0.2997739783,0.6513944834,0.2264351101,-0.4700052314,-0.1983312756,-0.1013159186,0.428974716,1.097956502,-0.3660839558,0.9032423492,-0.9675108637,0.1523469391,-0.509826628,1.06404478,0.4871089407,1.246333488
0.09044286022,-0.2599713748,0.1238581554,-0.0985627435,-0.4685471431,-0.1726055243,-0.2748752922,-0.1324644424,-0.2995695011,0.3350155613,0.4112380659,-0.6293930699,-0.562990167,0.285216344,0.6777050001,0.1414790992,-0.03248312685,0.3140748998,0.4104667066,-0.3407436561
-0.09466731289,-0.449219988,-0.09230452553,0.1623323676,-0.4571336849,0.7461297461,0.4999631822,0.1160451703,0.002087585588,0.1949694369,0.1317523706,1.011135481,-0.1650789533,-0.34403607,0.3756288792,-0.280005832,-0.4432951296,1.000002687,0.1740258418,0.9079827454
0.5113526902,-0.0458107452,0.141226445,-0.7510763228,-0.126630796,0.2062528241,-0.4581417408,-0.2295907702,0.8641836626,0.168228899,-0.7974321332,0.7112867597,1.522076978,-0.738634995,-0.2485370559,-1.293317525,-1.660471784,1.365257707,0.13293198,0.8468249228
0.4875471247,0.4236592539,-0.04178012066,-0.5726036957,-0.3568798356,0.7310448471,-0.7198947687,-0.3058008469,-0.03087881761,0.1356029424,-0.8305172437,-1.184662527,-0.9115368471,-1.160087339,-0.2544318615,-0.6109802394,-0.7717508601,-0.7101964216,-0.006481487194,-1.113361102
0.3828816623,0.6077566703,-0.07981862211,-0.5486714561,-1.003952335,0.6023069599,-0.5215051533,-0.8458898378,0.6049518381,0.4362126204,-0.7240208123,-0.8045398655,0.2712093983,-1.420445323,-0.2286341527,-0.9551465414,-2.854299058,-0.1406649482,-0.3237731708,-1.229866068
0.3169090905,0.07313800568,-0.07530197841,-0.5710819843,0.06896721117,0.1526245773,0.02877643382,0.3798884655,0.3789881317,0.239097495,0.01310891982,-0.03620951783,0.6834505911,-0.7382658,1.29665069,-0.6435498814,-1.592912268,0.4110330082,-0.3193623052,-0.1890655023
-0.4403749297,0.2264287668,-0.4782950216,-0.400383404,0.9679498912,-0.3335686188,-0.8077093901,0.5186856303,-0.2778426832,0.3779245223,-0.2976533183,0.07086135858,-0.1427296707,-0.909777565,0.6736158197,0.6759543753,-0.6852737946,-1.123454134,1.032704002,0.7206586388
-0.06436761383,0.4045617269,0.1016995462,-0.09781455687,0.5179272065,-0.163686389,-0.7367107369,0.01494120606,0.352379589,-0.5148770717,-0.5278303524,-0.8015978901,0.1674809204,-0.2053050596,-0.4070632657,-0.4206358158,0.1035244713,-0.5561556465,-0.3566213024,-1.071032251
0.09117722568,-0.1829026875,0.1719464108,0.3537178873,0.131301781,0.3409289563,0.5132790898,0.6310512571,0.1163002953,-0.3104444891,0.1515939633,1.354896689,0.3695198656,0.5434117931,0.1307812714,-0.897860197,-0.9406682317,0.6039882488,-0.7434378014,0.7515200778
0.2204202606,0.4117387864,0.1503574058,-0.6090603989,-0.3271879348,-0.02093068637,-0.7426557827,-0.5581843192,0.6168034867,-0.1094522228,-0.8379514172,-0.1096310039,0.2948156149,-0.553512611,-0.4558118513,-0.9401796799,-0.4183130701,0.3371797475,-0.3107479715,-0.1570654834
0.4095831758,-0.4105381385,-0.07504470539,-0.1389851438,-0.04130160248,0.5718330568,0.7751649251,0.5694746955,0.3929969663,0.122737138,0.3357670362,0.2483507277,-0.3115869845,0.6871122834,1.293534005,-0.8755057121,-0.2033470222,0.6143019544,0.02296284958,0.7504991799
0.572328135,-0.1001173192,-0.1407345449,-0.3446272966,0.01279194186,0.3706524591,-0.1848740867,-0.101662356,0.1155230333,-0.2447972836,-0.1931321265,-0.3483252114,-0.4430152824,-0.2446800003,-0.3074616769,-0.1076429309,0.00639328424,0.0211507585,0.1777826211,0.1192859456
0.3002685069,-0.1992635197,-0.1794283081,-0.5631233959,0.02440413309,0.5619171728,-0.04108000836,0.1950546569,0.7072838014,0.3175656246,-0.3404120325,0.1948169401,0.8561533768,-0.58452074,0.5032535184,-1.362730196,-0.4944653175,0.2335533605,0.2567592416,0.04232703959
-0.8874281182,0.22979773,-0.04785991271,0.5504861677,0.5655362182,-0.2977455136,-0.1514943046,0.1538236503,-0.412833281,0.449041805,0.09821381901,1.205807419,-1.118596059,-0.2904374332,0.2713180393,0.5131318121,0.7781465597,0.7677055171,-0.1183886833,1.098270773
0.0226191299,0.4952076255,-0.02066961494,-0.5513727431,-0.4667887982,-0.5491767323,-0.3687898407,-0.2186877196,0.7238274092,0.3048300016,-0.653304216,-0.1750752163,0.7590225609,-1.116478646,-0.2581963229,-0.3420320032,-1.656587103,-0.5697140093,0.558396618,0.3227951334
0.2965516536,0.2738267129,0.1034017225,-0.8848390646,-0.3009374192,0.07778911178,-0.5192857513,0.2778310612,0.8893749739,0.1440591351,-0.5228179408,0.7749298163,1.036136102,-0.9070846622,0.4439703771,-0.9889358974,-1.201772814,-0.9898563538,0.2669427712,0.4767269745
0.5627385108,0.2144750628,0.06749866399,-0.9590740073,-0.05946181013,0.5904411556,-0.8097624741,0.4490754178,0.09672619041,-0.197616188,-0.6091706069,-1.541109835,0.2199486024,-1.087009125,0.08169959195,0.0625258616,-2.061664295,-1.686944899,1.191238823,-0.3320310406
-0.2480341977,0.1779725463,-0.06699367392,0.2298752782,-0.01199919484,-0.6360344926,-0.5160606141,0.2656598568,-0.08882353214,-0.3305099818,-0.575970455,0.06948885437,-0.5161903423,-0.6597896229,0.6871381769,-0.5136112653,0.1432851825,-0.626382567,-0.2992398951,-0.3768690982
-0.05078300353,-0.05833671302,0.02507228885,0.7427457857,0.5752851888,-0.05000821404,-0.4155393826,-0.2760223546,0.05860507668,0.1379887324,-0.2495117046,-0.02814894688,0.624341279,-0.3892782596,0.1334575745,0.1218706676,-0.860729459,-0.8051401264,0.6471764676,0.5227585853
0.06702669511,0.5128848509,0.01869745543,-0.6928708938,0.1192345797,0.4198969603,-0.3586547887,0.1819841469,0.2094710063,-0.3367201544,0.1070917637,-0.280656634,-0.2229199601,0.81235947,-0.4363135212,-0.004303439164,-0.483472207,-0.6175607785,0.07934543236,0.02117695339
-0.2179091827,-0.3013069696,0.1072093491,0.5753618443,-0.2324487792,0.3375018328,0.6910616144,-0.06256134341,-0.2595514965,0.2248069372,1.239316862,-0.003600871554,-0.2229475591,1.645297088,0.3572960659,0.6199567719,-3.141483007,-0.1259657695,0.9381072257,0.2308543214
-0.2623860601,0.0548622554,-0.0774213277,-0.07440467624,0.1600139097,-0.5146018298,-0.180669235,0.3780183637,-0.06604411171,0.1774545448,0.4551369548,1.117445878,-0.477034089,0.6857702904,0.5289766558,0.115836696,0.05903624493,0.7678064214,-0.1187263434,1.232507295
-0.01633362828,0.1325871795,0.1965184148,-0.2569724491,-0.155617719,0.1781263065,0.03555138795,-0.2737225898,0.4505701635,0.1646722477,0.1753181517,0.210172746,0.7604784305,0.1552846077,0.1331039065,-0.3765618403,-0.6060581561,-0.1465936547,0.3635107597,0.6821913319
-0.06322474674,0.6131716349,0.05500924654,-0.347056904,0.02879825478,-0.2204943141,-0.5465831853,0.4423773627,-0.2366482399,0.1519859541,-1.258085236,-0.121677617,-0.1561353201,-2.236698182,0.5686231308,0.6620122563,-6.037513457,-0.6862965239,1.640920038,0.910322977
-0.6132303064,0.3542675228,0.08762982377,0.9635775261,0.4951167663,-0.8758512917,-0.2281466153,0.6949390556,-0.5874661404,0.1377171697,-0.926844085,0.4541762898,-0.9436858159,-1.34969844,1.101067209,0.9440681188,-2.039808066,0.6488815815,1.5715068,1.596302888
0.3065713259,-0.5519334647,-0.1561506907,0.5428123577,0.4157106324,0.3670026639,0.8740771763,0.1334598973,-0.6443008769,0.276539308,0.1939303687,-0.3930069758,-1.484062165,-0.2780157924,-0.09908951565,0.4999600076,0.4055259098,-0.03936138726,0.1690872996,-0.04208066214
0.07989784491,-0.3074376676,0.08171008629,0.4039299261,-0.3637668847,0.2539737555,0.4490105871,-0.6343122671,-0.4100547783,0.3398745324,1.091324923,-1.20677819,-0.7412176097,0.9878722475,-0.4556430261,0.7881537011,-0.9089292659,-0.3728337546,1.109352739,0.02022649182
-0.4553944076,0.09870057916,0.1673103416,0.1993278203,-0.1994724654,-0.5393668244,0.2349365499,-0.07304366059,0.5113382772,0.1775591949,-0.2205823325,-0.4468498059,0.1706520815,-0.4990794189,0.3950377816,-0.2619083979,-0.3122884732,-0.01673683162,-0.4487420403,-1.011610647
-0.5256939289,-0.1026741173,0.07974995269,0.2066776449,-0.4055711802,-0.4133017709,-0.1984549926,-0.07499095188,0.05736473689,0.2482781805,0.1358772798,-1.321814213,-0.2101539897,-0.2593140161,-0.04748560458,-0.2200684121,0.08035489567,-1.091900028,-0.0584580988,-1.195747054
-0.06732706724,-0.5363579311,-0.5081737905,0.3013383486,-0.2020866299,-0.1746335502,1.177935519,-0.3174918641,0.5882332703,0.4452066964,0.7554361393,0.9134758823,0.7564647817,0.2534464184,-0.03359107928,-0.8438687045,-0.02137110423,0.749587453,-0.254436838,1.18258879
-0.1195234153,-0.3169575474,0.4549712779,1.110546878,-0.02500138423,0.1975517728,0.4367625814,0.03840987629,-0.9564800087,-0.6819853663,0.3908210063,0.7223685134,-1.539276161,0.9127847078,-0.6935845578,1.152546394,0.2403106501,-0.4806729988,0.06949682962,0.6285268666
0.2953067162,-0.234589935,-0.2155631277,-0.6126255285,-0.02985713213,-0.02705915397,0.07348399611,0.6610088497,0.5853170948,-0.06930799152,0.0920837567,0.8072889739,0.738781309,-0.1212178133,0.2670651436,-0.9958981174,-0.4838927666,0.8089190572,-0.5940994968,0.5409403927
0.2853889311,0.1670524033,-0.002361730275,-0.372902501,0.0256850825,-0.315383753,-0.4756011152,-0.2702305873,0.1101870372,0.2122448783,-0.2802409475,-0.8444735759,-0.284199804,-0.175502683,-0.1674713414,0.09036098053,-0.1533679838,-0.8128052424,-0.6328643029,-0.6286190776
0.454178168,0.2910647588,-0.03123850665,-0.6349289621,-0.05436514246,0.524414756,-0.1574347333,0.08945490459,0.6525917352,0.5297231157,0.4813134204,0.2427185068,0.2793410181,0.5285717343,0.4297627411,-1.021702303,-0.3830702039,0.7967054995,-0.5150118379,-0.216271226
0.4800456213,0.08788373972,0.08177237247,-0.3813450259,-0.569753477,0.9391739493,-0.1077502718,0.3794315286,0.8561564355,0.2312290948,0.4970774071,0.2043330302,1.087040951,0.5574818634,0.9078677687,-1.392558989,-1.369941474,1.307448675,0.01508993386,-0.250584655
0.7251750423,-0.5399279175,0.3787733098,0.00272572801,0.1336796965,0.2374014326,0.6041194505,0.1318617543,-0.6616125497,0.1677878676,0.4269900833,-0.236579942,-1.079496813,-0.02607137465,0.903969353,0.193495812,0.1062897071,-0.7784625264,-0.1815915685,-0.76765244
0.6081884642,0.04259142306,-0.5368434256,-0.584314218,0.009779656849,-0.2686186113,-0.4631971634,-0.2050095362,0.3766901983,0.01986445088,-0.4802411559,0.7696034092,0.7725294707,-0.4674827857,0.1782884549,-0.39297659,-0.4775356298,-0.09042460826,0.1881431689,0.8473229755
-0.08053686878,-0.1559882194,0.0854774488,0.007769095015,-0.2283432174,-1.025280704,-0.1772410214,0.136489214,-0.16548917,0.5114950082,-0.02566177699,-0.5476061177,-0.9825393107,-0.6502861155,0.7569105109,0.3273722753,-0.1707923441,-0.442976821,0.695836268,-0.02787927265
0.2894451144,-0.7793510516,0.6182147635,0.5531107155,-0.5975347706,0.560973695,0.5836183715,-0.237204125,-0.1448459701,0.3566585012,0.5902148233,-1.317857888,-0.8542390157,0.2990891529,0.003363692265,-0.4376225736,0.715417486,-1.271097655,-0.3513802258,-1.030097781
0.1395213589,-0.2745579658,-0.2134550448,-0.04481787195,0.283849373,0.4237275327,0.5263451926,0.09810438013,0.4297842558,-0.07241556759,0.4140251961,-0.04110328123,0.3921302248,0.2457067215,-0.2491620398,-0.6208816327,0.2110266641,-0.1846972987,-0.205418208,-0.1409751534
-0.2326458923,-0.893252725,0.05875168392,1.048975183,-0.1496176102,-0.1549190298,0.592025093,0.131312498,-0.4151794314,-0.06634997205,0.6440340449,-0.7863200892,-0.3990021011,1.045744266,0.06525619718,0.1126712567,-1.096727603,-0.5025812811,0.9525368189,-0.6318881613
0.1720061593,-0.06037993061,0.09285356456,-0.1462645996,-0.2010620389,-0.003923881828,0.05369035701,-0.4589094058,0.0662036595,-0.3929099791,0.4276747989,-1.894719089,0.1229878937,1.26638598,-0.7810664718,-0.4710311674,-1.870667136,-1.038509963,0.01063226318,-1.966826308
0.4157355427,-0.1923683833,-0.2323412504,0.07232039661,-0.309873662,0.08425570438,0.522103581,-0.01367950877,-0.1480423049,-0.08029133671,-0.1632616356,-0.01472809461,-0.1628059709,0.6970359945,0.1193063411,0.5175577204,-0.240209147,8.054202072e-05,0.5661738125,0.6133266638
-0.327727427,0.2432516377,0.25738471,-0.3725260557,-0.2358775214,-0.1140046816,-0.2369149138,0.493365994,-0.1391940443,0.003759525954,-0.1103691694,-0.1983988137,0.05147235756,0.5713914571,0.06194026857,0.09190992712,-0.4324855724,0.06319182864,-0.02937074735,0.2796188278
-0.3203625333,0.09826423264,-0.06635686358,-0.04180637344,-0.3533835773,0.4747643533,-0.6665003556,0.1512061792,-0.2258294286,0.05618168936,-1.386053762,0.3901085668,0.04375321473,-1.602218903,0.4090116001,0.8331445904,-2.987034511,1.003826013,0.9922954187,1.716152675
0.8136580526,-0.6107569714,-0.01387752015,-0.008087539192,0.5874621383,0.9797493627,0.2287216184,0.5243012024,0.1651652282,0.04570566735,0.1291302314,0.05432066851,-0.258893787,-0.1025098913,0.4347836921,-0.5761514004,-0.5255027436,-0.2207095997,0.277304055,0.9028057019
-0.3302667774,0.461910452,-0.2823584757,0.4171504824,-0.07829233829,-0.777491427,-0.4138914534,-0.2143663305,-0.4827643894,-0.1176143978,-0.6816562973,-0.6259854866,-0.5715805331,-0.7799577964,-0.7611356333,0.3733705702,-0.7519609051,-0.3761130777,0.6131429252,-0.1743524382
0.5211707759,-0.2255379606,0.2353462561,-0.243006961,0.8044858337,0.4642593861,0.3731486269,0.7320651459,0.4043003217,-0.1804754092,0.5212449509,0.1929830947,0.3231520647,1.348435138,0.4962144977,-0.7459173193,-2.491570101,-0.7348610676,-0.1277402434,-0.1205494235
0.2063693179,-0.03627808623,-0.5403731487,-0.02238280747,0.06929727039,-0.09533300416,0.2992631483,0.01703940462,-0.2478760528,0.5393326728,0.2822468145,-0.0386462498,-0.5137819344,-0.6165983483,0.05895873901,0.4474307007,0.4616486248,0.7968317969,0.4037616625,0.06412384011
0.07075937426,-0.131516696,-0.03656199348,0.2074785155,-0.1977743412,0.4203840517,0.2881339767,-0.2968380165,0.1465902151,0.3166171128,0.2374546038,1.317063195,0.2616553923,0.03799532636,-0.04256886948,0.08719017625,-0.1900741533,0.9515400685,0.736210747,2.754748595
-0.4113600567,0.09045021354,0.1843285929,-0.5079507477,-0.06065097906,-0.3266157482,-0.114786579,-0.4167211182,-0.6014093497,-0.09550413163,-0.2728601221,0.4005394631,-0.8536108807,-0.1666685928,-0.5100059339,0.3678366088,0.7354272288,0.8500524368,-0.1387243885,-0.1579190689
-0.3811357945,0.1658030718,0.1190182235,0.4034874452,-0.05180913065,-0.105140637,-0.2825345394,-0.03917407678,-0.5506075018,0.5504680432,-0.3350190714,1.665654134,-0.7507550497,-1.71822213,0.3440840693,0.5165095224,-3.145533587,2.188307604,0.5300787144,1.428490331
-0.08151376568,0.3266943695,0.2696413888,-0.01139217721,-0.04000519398,-0.06269483776,-0.4578057711,0.2548952003,0.2363194201,-0.09060330343,-0.9286301402,-0.4117314594,0.6074561585,-1.416835238,0.1555693509,-0.4972207735,-2.750133468,-0.07722865936,-0.04484373382,-0.4650836221
-0.5866878928,-0.7775123007,-0.4158907155,1.207693613,0.007703832055,-0.4337480016,0.7982961591,-0.2948211215,-0.7908937191,-0.05551022433,0.642331256,-0.1793659677,-0.6769370433,1.641830702,0.2046257766,1.191346429,-2.768390221,-0.7842334347,0.9190030169,0.9593572576
0.1242964067,0.317342693,-0.2187872153,-0.6372959351,-0.7642461195,0.2580625364,-0.2247316797,-0.0617922917,0.5633594241,0.3533739183,0.2555091869,-0.1250985486,0.3707080377,-0.2225404134,0.5251521827,-0.7884684543,-0.2965750051,-0.1689321635,-0.5027847961,0.01504808325
-0.2625914114,-0.1731078282,0.3225142612,0.4122250726,0.1184204894,0.4148375178,-0.01105041117,0.9132823429,-0.4758176973,-0.05483232966,-0.1615549109,1.310221723,-1.513715947,-0.1699301522,0.8708057591,0.4554793634,0.5074223677,1.127443213,-0.11908392,1.33591001
-0.419104442,0.1511663636,0.05669919506,-0.6048433508,0.1754550588,-0.3040123692,0.3227621239,0.07970455702,0.4422722927,-0.2560383002,0.2523010922,-0.7181730494,-0.09429108722,1.157506125,0.2711671662,-0.5426069149,-1.985096761,-1.141933316,0.8798252257,-0.1674011009
0.841046498,0.5900203684,0.07850904788,-0.6653832102,-0.4378551797,0.3577918607,-0.235544574,0.03764423726,0.09865610114,0.05093295271,-0.1731409228,-0.9009411936,0.2323102368,-0.4284508162,-0.03588717265,-0.4493871301,-0.06269446941,-1.339828426,0.5274564102,-0.3089753615
-0.2646751417,0.03515202671,-0.3281768464,0.5143884299,0.1041817795,-0.275596175,-0.419414619,0.2004217786,-0.5554744388,0.05564407823,0.0252146668,0.5718118861,-0.4857413529,0.1938992851,0.1589226924,0.8644685305,0.7691361371,-0.4284081755,0.2152189356,0.7301054307
-0.2759115176,0.08748424248,-0.4381454659,-0.06225621847,0.007171717744,-0.2329863398,0.2940886645,-0.3185006955,-0.1608722182,0.4336202057,-0.1225222484,0.2605028933,-0.05628697279,-0.5028431811,-0.6698995481,0.6537830827,-0.08924471957,0.3719525372,1.272389254,1.048863757
-0.08890171645,0.1200595864,-0.3704107551,0.44280223,-0.6443345509,-0.4180815871,0.3160864015,-1.148262512,-0.1505742996,0.342789409,0.2093438197,-0.006469715357,0.1767313067,-0.1747484864,-0.5008215756,0.1495883667,-0.2272152751,0.4369476582,-0.04887264868,-0.5318604
-0.4698307859,-0.3616242608,0.05845688345,0.1940972088,0.08602062042,-0.2376795567,0.3826822917,0.1205215101,-0.1167827878,0.07563211565,1.03789983,-0.2261879723,-0.3476542194,0.2555612626,-0.00253540054,0.3629090153,0.4313618837,-1.190313866,-0.3108919408,-0.3732134238
-0.6427769943,0.3768559679,0.3552934177,0.2400155482,0.1058105557,-0.1987258671,-0.630282776,0.2100786358,-0.733922264,-0.01155102474,-0.7378908279,0.4570884203,-1.05881914,-0.6852430283,-0.4957222974,0.508166745,-0.4229802639,0.4363430066,0.9508326382,0.7665816489
-0.1520968094,-0.1434753138,0.2066853403,0.5344445336,0.1975690807,0.08000603789,0.3006300556,-0.3379042706,-0.08985194085,0.002700964869,0.1464573493,-1.236479245,-0.0511898934,0.5169443826,-0.273365986,0.3726283174,0.1983544496,-1.793345037,-0.0693142657,-1.142412272
0.1025912939,0.2919732687,0.03118023711,-0.8042402756,-0.1994331757,0.2716811631,-0.96459626,-0.1812024055,0.3102169828,0.3468591656,-0.6827247473,-0.0119303496,0.4892731074,-1.614388914,0.4109996253,-0.04538940165,-3.519501541,-0.2148697989,0.3169135654,0.3486494208
0.2377102378,-0.2220776558,0.2890530663,0.2580260383,-0.2637413005,0.1975356602,0.04125768224,-0.3053522727,-0.8594099256,0.4942815669,-0.180262344,0.312847437,-0.07417825526,-0.9636035296,0.3258730068,0.8007271021,-1.587656693,-0.07465011371,1.002140826,1.238147182
0.1855238704,-0.1366848032,-0.1585063657,-0.1479715659,-0.5663709281,0.7188582604,0.06266533291,-0.8270439473,-0.6675013152,0.248552565,0.230053376,-0.2860192826,-1.138785475,-0.4342965347,-0.5338168584,0.2746000414,0.5778838597,0.3417633623,-0.1678644753,0.1561276046
0.4538664319,0.2581567258,0.8433758867,-0.6653858076,0.03770889137,-0.1007249196,0.04731005261,0.8075133897,1.232639227,0.3971600886,0.5416481341,0.1215946947,1.729206156,0.3267711615,0.8435477156,-1.415027884,-1.630119128,-0.4054470956,0.2143773987,-0.4634168088
0.3094542107,0.0006483393357,0.04570040684,-0.1065052391,-0.6158259009,-0.4947709828,0.2533387769,-0.802313853,-0.536416117,0.5289565142,0.3894388875,-0.6696559696,-0.9177333276,-0.4973421437,-0.8718148597,0.6463921138,-0.08752314323,0.04149619273,1.142368393,0.7964937497
-0.07132723774,0.7798450288,0.3412701819,-1.003475218,-0.2012573998,0.6382967984,-0.5617534534,-0.1435620587,0.4962210204,0.07607095762,-0.8923197625,0.2185008415,0.4967478244,-0.4345352688,-0.523461538,-0.6492665248,-0.2192250881,-0.4720818132,-0.6370124312,-0.1656245623
-0.296785031,0.2189913978,-0.1429462422,0.1824882675,0.5429230684,-0.07830060304,0.04113630861,-0.3902631493,-0.6906071875,-0.02529315034,-0.04325975761,0.1440026366,-1.034222895,0.3395848577,0.03974768644,0.5874220562,0.7349641675,0.08266928381,-0.466962332,-0.03100398365
-0.1226832528,0.2905374901,-0.3103603966,-0.4056304433,-0.3154085623,-0.6298854009,-0.2894262538,-0.3446459714,0.3842467761,-0.1663801487,-0.2759857947,-0.6021126734,0.3098607809,-0.2194709969,-0.3288763601,-0.3118371892,-0.2079599101,0.37254464,-0.3414284235,-1.174119045
0.7107801622,-0.126317708,0.1033392966,-0.691494178,0.2330618448,0.6862687457,-0.237612446,-0.4271259161,0.4582201922,0.08732315054,0.2529281039,-1.032604219,0.2721802413,-0.2456754219,-0.1447208301,-0.1236862401,-0.1279989062,-1.389918762,-0.3912244272,-1.66215902
0.2112644532,0.1649326406,-0.1728847472,-0.4028292409,0.009317159548,-0.1866699938,-0.08298167335,-0.3709574407,0.4317935425,0.5962448148,-0.04147130961,-1.302968023,0.2029049648,-0.9101084559,0.5759424539,-1.329894822,-1.030807031,-0.6940597535,-0.3781393217,-1.52692129
-0.0340428205,0.2056245062,0.01800995546,0.09136859829,0.00374347038,-0.05112851011,-1.032407105,-0.280895329,-0.1238401187,-0.08440711439,-0.5997374595,-0.3698952127,-0.255658207,-0.8296933944,-0.007459909004,0.005674597098,-0.4662224802,0.06342184055,0.4988712728,-0.1115227084
0.2200154064,0.8589082922,-0.06789686046,-0.9865601423,0.6420806322,0.5721963094,-0.8298834962,0.09073903073,0.3942292667,-0.140541821,-0.1213643287,0.3576964297,0.5033421762,-0.4908304103,-0.1491097106,-0.03794790903,-0.4274260597,0.3152247335,0.8351227898,1.549881009
-0.1327835183,-0.1984555897,-0.1021009682,-0.02111599731,0.3023461299,-0.02371854953,0.07790941347,-0.5537593096,0.3998541492,-0.1253229811,0.006522465065,-0.485027168,0.7557183881,0.3536308697,-0.8119549494,-0.7261194875,-0.5982145099,-0.8444966358,-1.027452201,-1.271441145
-0.4040889239,0.4001031684,0.2666924434,0.07469452961,0.1147662211,-0.428222641,0.2532855755,0.692253884,-0.1978099177,0.04432370391,0.2058847958,1.031135065,-0.3804049751,0.5278757507,0.3324120936,-0.2497682226,0.291850403,0.3400046761,-0.3667949129,0.8546951861
-0.0437110835,-0.05721878071,-0.3010219861,-0.09764412493,-0.07810521054,-0.2861219568,0.2683294877,-0.5618437496,0.3667561964,0.5300010899,-0.3808305036,0.4306266146,0.6799599287,-1.031547504,0.5960299765,0.01789340529,-1.876295226,0.7411407845,0.9637323655,1.124598854
-0.02005552271,-0.2013997264,-0.1985907316,0.358530861,-0.414602411,0.0703130506,0.2667590501,-0.1949895431,0.06696402461,-0.122873587,0.6582432952,0.5942210943,-0.115972902,1.250317098,-0.3432348237,-0.1289278731,-1.523808269,0.1049629054,0.4352781384,1.384733314
-0.06781752591,0.01523271067,-0.7736489033,0.2372022862,-0.3717107329,-0.4273634608,-0.1912204062,-0.828572499,-0.5599145656,0.7225075948,-0.2053754617,0.9974224621,-0.3197082137,-0.8430686802,0.03642383208,0.4278896555,-0.659618385,0.8394638738,0.2190636006,1.460322411
-0.5720006417,-0.1035051151,0.3968649986,0.7583504054,0.2696980224,-0.5814479462,-0.03504131344,0.2086034642,-0.4549278626,-0.01641453064,0.04651469725,0.4998537387,-0.6907523606,0.09615577511,0.1817334182,-0.1555517338,0.8799409781,-0.3952006029,-0.1797070953,0.7844895162
0.1971030037,-0.5071064695,-0.03434534514,0.6971120869,-0.03691676698,0.4572443497,0.5435860807,0.8811008134,-0.1255470267,-0.4633450055,0.5420279219,-0.1650412194,-0.02075892075,1.08986203,0.2968483383,-0.558257441,-0.9496508439,0.035432004,0.3896083567,-0.1663167601
-0.1680549533,0.01397830477,-0.3230965092,0.08619956446,-0.3405689941,-0.3810063342,-0.2044965773,-0.1161113729,0.04639538146,0.05223273503,0.1272287993,-0.8060926528,-0.466654853,-0.589322112,0.4581627375,-0.3217272503,-0.3080988123,-0.5623967081,0.1089971551,-0.8555193902
-0.3197645175,-0.2638646275,0.3992958536,0.2657642758,-0.01172848723,0.6185429417,0.5960439638,0.4828215541,-0.5425556805,0.4430246967,-0.1585671011,-0.6799457012,-0.7212367168,-0.5050214261,0.8024596383,0.07398270213,-0.4617173302,-0.9593014141,0.4262653566,-0.2237095583
0.2155287248,0.4726450149,0.2705460521,-0.495959654,-0.03178034687,-0.105386255,-0.3944068022,-0.742566808,1.090779081,-0.1921087276,-0.1165891865,0.7103343653,1.352593452,-0.379257024,-0.2709641417,-1.197442296,-0.3401260025,0.626369895,-0.146911516,0.3924003908
-0.260227904,0.2606694859,-0.2372848188,0.285702455,-0.6184430101,-0.2558098652,-0.8237158561,-0.4832321414,-0.3344621134,0.5679273306,-0.5467300744,0.3583518506,0.3326674531,-1.700401318,0.3468798902,0.6086214827,-3.011270987,1.319189413,1.627462615,2.22099643
0.2209245707,0.6540133173,-0.02363852305,-1.110515451,0.06270640421,-0.3495147215,-0.2465940548,-0.5803438213,1.096986727,-0.5361520585,-0.4712321529,0.3367820902,1.660479235,0.07021994037,-0.4551588799,0.01103601022,-1.184549665,0.4859612101,0.6772749717,0.9814571492
0.2195380906,-0.1913136353,-0.2236726628,0.645010735,-0.4563796939,0.3560520189,-0.3524254773,-0.4163309935,-0.277955866,0.3524456061,-0.4518682429,-0.2811253596,-0.4446919796,-1.21660412,-0.6496057241,0.6581269863,-1.726281909,-0.1422038748,1.027764348,1.155121136
-0.008281757886,-0.5101890304,-0.07264272949,-0.1484285324,0.8519679628,-0.3343623853,0.6775466659,0.04404607358,-0.2563550242,-0.2839108886,0.6777643782,0.09576587591,-0.6492118292,1.582106362,-0.5418437112,0.7583310212,-2.537050752,-0.1515240048,1.149209536,1.677552313
0.02485542722,0.5862214551,0.04397518416,-0.2306153068,0.05479482499,-0.09527904598,-1.001637071,-1.211630398,0.1079574724,0.2783078833,-1.234253733,-0.8588581319,0.4530382163,-2.09127855,-0.6251183381,-0.5170025309,-5.875233975,-0.8556329417,0.9220431181,-0.6018630454
0.1261966461,-0.6003171925,0.2397402261,0.9827149269,0.4873727023,0.01051467246,0.8423398199,1.194541713,-0.5200180291,-0.2168033816,1.039885187,0.6932029719,-0.453822203,1.925164667,0.5097950849,0.5874937134,-3.700947663,0.2938020559,1.077430538,1.578749492
0.2980282953,-0.2166808067,-0.1411942283,-0.3472520239,0.1470010875,0.5508871338,0.3827050479,0.5570601608,0.263750491,0.1429542429,0.7297939972,0.6941210462,-0.2365013959,0.8335617512,0.4620369533,-0.5554848573,-0.6709811049,-0.3148942698,0.3299330457,1.095513108
0.2708588126,-0.5272871271,0.836464954,0.1535455242,-1.315487851e-05,0.2256448554,0.8029345896,0.3757235836,-0.03613385592,1.107407545,0.5665488352,-0.1767524239,-0.4118619892,-1.028423911,1.257053566,-0.2165045305,-0.7012087322,0.2454914326,0.6578790542,0.364365405
0.08705076375,-0.07205618191,0.2893415612,0.1245953569,-0.2230784031,-0.01097915006,-0.4554650866,0.1521271745,-0.287695065,0.6105886606,-0.1223621881,0.5879982795,-0.647270409,-0.8151954551,1.261552938,0.4896235926,-0.5284435077,-0.1046382631,0.9046495921,1.704989452
-0.3957807235,-0.7629013566,-0.1607078998,0.6894761807,0.08533991653,-0.8542487901,1.658720056,0.007326202684,-0.582691666,0.2896724348,1.198991196,1.727822227,-0.9637326695,0.7168287486,-0.1515319615,0.4561571849,-0.1282645335,1.385340603,0.115623084,1.565753489
-0.5362682227,0.09151831808,0.09798590976,0.6162471585,0.308177487,-0.1992153104,0.1338237922,0.7526008136,-0.4724878247,-0.3107446139,0.09094100143,1.488247745,-0.3430131515,-0.1161828703,0.05940977158,0.9637870529,-0.670954734,1.164766784,0.9542364658,2.285133735
-0.2655868735,-0.008802130856,-0.4330080687,-1.039293761,-0.0110536048,0.05374210648,0.08046211473,-0.01365046566,0.6477457728,0.1178072177,0.3939483194,0.4867062741,1.416372476,0.8085017264,0.2365845045,-1.097813549,-1.459956059,0.5354769285,0.2484370201,0.5665464611
0.08549976203,0.6400672677,-0.1599620338,-0.1854074655,0.5070097979,0.4688414985,-1.022411743,0.4166966696,-0.09389732732,0.03591830556,-0.7398874099,-0.5027724899,0.267160884,-0.7519175374,0.3871444775,-0.04073121645,-1.02583647,-0.357092054,0.4996584151,-0.1363413003
-0.02750816096,-0.2254200958,-0.2712410336,0.08614155191,0.5212000152,0.1772746371,0.5108206838,0.4589559066,-0.07520943433,-0.227089526,0.8280742459,0.08985480762,-0.1315235828,0.8663756048,0.6311365507,0.3408707332,-0.7813819629,0.04081695711,1.005079109,1.270712511
-0.3197943461,0.2636739826,-0.3043252508,-0.3382307813,-0.6119181219,-0.4096811082,-0.6990680589,-0.11113404,-0.001300905059,-0.03263654482,-0.9001632281,-0.6331812635,-0.08047890003,-1.06622827,0.1004694859,-0.1817954517,-0.6926318749,0.1080640738,0.5949928147,0.1208928711
0.008339405853,0.3387600014,0.04626216555,-0.7637974723,0.08509590019,0.3658730064,-0.3327280888,0.2034264657,0.1500117229,-0.1192779964,-0.3100003862,-0.089129142,-0.3426085359,-0.9926636486,-0.1046254376,-0.4144142145,-0.4381447723,0.3866002943,-0.2361108029,-0.3234184968
0.09123329484,-0.4019190262,-0.2787103525,0.2606307729,-0.186767704,0.3099261339,-0.4059399672,0.2990483232,-0.5508655083,-0.3958786855,-0.661587683,0.2189475987,-0.9288075602,-0.5777512429,0.1487829267,0.4280141363,-0.2254145264,-0.3343447577,0.2298772047,-0.4158696275
-0.1249981301,-0.2983524032,-0.09311396087,0.4675246569,-0.6143047169,-0.4621335021,0.6588347375,-0.07196849337,0.003053913639,-0.608784659,0.3545586859,-0.1709399356,0.1730803066,1.695597258,-0.3948828996,-0.2769408541,-3.773823569,-0.05399292016,1.238074962,1.42854171
0.24327868,0.4653553371,-0.07441298176,-0.6039797611,-0.8255711651,0.1142142948,-1.057364076,-0.3701195288,0.240387387,-0.3470464863,-1.121968334,0.4516806253,0.4219452756,-1.125717252,-0.6215366193,-0.2321363005,-1.875942887,-0.02417165813,0.7951072008,1.204868626
-0.02407022938,-0.4996719318,-0.4045163655,1.120500902,-0.03422332544,-0.215596297,0.0176757145,0.3282165488,-0.2018312642,1.193649997,-0.5644252126,-0.3908766022,-0.6178300039,-2.048914348,1.458090639,-0.04063775603,-4.96430298,-0.5574938711,0.6154436407,0.3997108497
-0.01960564549,-0.7044266894,-0.05801082285,0.1929532327,-0.4620625781,-0.06368791065,0.6615433727,-0.9429430266,0.07683606636,0.07704074698,0.2679652705,0.5585116349,-0.3201936998,0.9937388139,-0.7989423948,0.5590526082,-0.409363475,0.4084554607,1.044836073,1.163291963
-0.5494420691,-0.163439804,-0.4462107191,0.4964337992,-0.1285935245,-1.042114427,0.9182276238,-0.3001001984,0.3066345182,0.02879937988,0.443099096,-0.8769230511,-0.4685205496,0.175826319,-0.03866923072,0.01629039872,0.04144718408,-0.4906430701,0.5002259561,-0.2872351693
0.4216965253,-0.2363025847,-0.03291518582,-0.3995259689,-0.121017502,0.7221217634,-0.09195654771,-0.1532970038,0.3129809099,-0.2325327635,0.1070637579,1.502570638,0.1040514449,0.09881748346,-0.2915883121,-1.088894586,0.2386798217,0.8131217726,-1.076592017,0.1025313063
-0.3136860368,0.2033810407,-0.2399941211,0.1213954352,-0.4240725466,0.02084611556,-0.182230421,-0.1648904949,-0.3980379946,-0.1430011076,-0.02793680136,0.4753973142,-0.2016224946,0.00449461856,-0.1372600615,0.1556867457,0.09422115151,0.7474395828,0.6818030678,1.598008392
0.1657300972,-0.4361745971,-0.208693744,-0.4315471138,0.2876836505,-0.2678640417,0.4288091562,-0.07002429419,-0.1884242866,0.2300061552,0.7337081337,0.6247729779,-0.6840487061,0.4024681676,0.1051448394,-0.1501206949,-0.09209273681,-0.01545157284,-0.5297916951,0.6042446374
-0.145266061,-0.1955103846,0.07884873387,0.9337670347,0.0281697703,-0.1647686186,0.1557298738,0.1917814443,0.2237012364,-0.2490024237,-0.06028085489,0.7771142285,0.09472517383,0.7971324971,0.269925202,0.1763628654,-0.4600090578,0.8912673155,0.2088998637,1.076411048
0.08355257332,0.6280638987,0.02966572751,-0.2777397734,-0.3437033006,0.3376515216,-0.9974199183,-0.6686930627,0.926628403,0.2321922249,-0.9646775039,-0.783651713,1.409699401,-1.704522774,-0.2078623206,-1.2552097,-4.647948654,-0.4220736059,-0.05406568251,-1.253297636
-0.514609861,-0.6725292831,-0.4135308546,0.7693836218,-0.3138453437,-0.969510229,0.3294584855,-0.4888694191,-0.9208419916,0.6639202206,0.7956311025,0.8374943568,-1.566378479,-0.09637697412,0.6949147305,1.114674096,0.5112306207,0.9664232106,0.2442940409,0.8646999169
-0.3862783981,-0.1029164866,-0.02088398897,0.1990702979,-0.2986460457,-0.5660327362,-0.1728749671,-0.6763477367,-0.5600880857,0.08492436979,-0.5369358575,-0.5065128138,-1.029397271,-0.5857220034,-0.7075654257,-0.1910624038,0.8433231168,-0.5782711118,-0.7329900273,-1.029226556
0.3709327828,0.3178405568,-0.1306689108,-0.8251943742,-0.312795089,0.3446498631,-0.6177704442,-1.114081584,0.4855602273,0.9152941149,-0.3787664124,-0.4035961267,0.7495236152,-1.07466082,-0.04127644313,-0.2649517485,-1.220123851,-0.3003205643,0.259506163,-0.3248100825
0.4255529579,0.146200936,0.5663104111,0.200539896,-0.1822182725,0.1942336812,-0.2724114375,-0.1997092559,-0.1198041677,0.5018333341,-0.6965000265,-0.2238120247,-0.08981683037,-1.345461663,0.1969680571,0.2512156757,-1.998544364,-0.5818301938,0.2711799032,-0.2656599055
-0.184924427,-0.01882875624,0.1630467179,0.4336719934,0.09287674688,-0.5915258973,-0.1545014311,0.358856854,-0.6959697937,0.2552427679,-0.07582537468,1.437750587,-1.094294401,-0.2666616516,0.6192957915,0.8551708491,0.003808172024,0.6116300714,-0.02728064988,1.851988346
0.1796985562,-0.7791396468,-0.06707226404,0.3254722511,0.1977829167,0.2200736371,1.248656705,0.1072569697,-0.1964774669,-0.3408764826,1.184608986,0.1798785973,-0.08551708249,1.88906305,-0.1794321355,0.2470708957,-3.763664964,-0.04068946902,1.189904849,1.473686192
0.6886366879,-0.03652034083,-0.2738583419,0.1819868831,-0.3010898207,0.02577577444,-0.1023870705,-0.5913252036,0.5876991229,0.7390773328,0.4623389885,-0.3810502976,0.963891359,-0.2434124623,0.2558198713,-0.6764297796,-0.2323036121,-0.1898791602,0.2099053128,-0.9679845353
-0.2239318458,-0.04756968339,-0.3554962761,0.7523548667,0.4974037441,0.5445595573,-0.3913686632,0.2124973172,-0.3331367951,0.1052501977,-0.4657872292,0.4290198116,-0.7034472754,-0.5696951711,0.1406448981,-0.1595864401,0.7282565606,-0.1753782295,-0.4648895659,0.2644164161
0.484436433,-0.2515963001,-0.8038112571,-0.02580181957,-0.3602469765,0.4154793925,0.5637836164,-1.071655979,0.1537089417,0.2564318549,0.5673855305,0.1008695809,0.1952875272,0.01480586758,-0.4852171759,0.1265256844,-0.06204681733,0.1031215018,-0.1478449376,-0.1645436024
0.06816233575,0.005904592953,-0.09611043632,-0.1623724248,-0.2668556622,0.1844859075,0.2915490819,0.05443340147,-0.5875747646,0.6213679761,0.2503461051,-0.7800487871,-1.08034483,-0.354808465,0.9380053879,0.6130482081,0.4962463477,-0.1157775651,0.4836126414,0.3813488482
-0.8213389235,-0.4814756549,-0.3459885291,0.9012116532,0.06094452714,-0.5912108635,0.7359491027,-0.9333173357,-0.8704496641,0.1974942621,0.3807281174,-0.5427505408,-1.565523158,-0.03209184815,-0.9403543464,1.093357766,1.037585573,-0.7064767531,-0.03025395893,0.344878194
-0.3282877611,-0.06588893917,-0.1131575727,0.862563007,-0.05996491651,-0.04660527929,0.02855223613,-0.8911455215,-0.4028568148,-0.04798437127,-0.1828209192,0.05017288885,-0.1514860377,-0.6760097548,-0.9950937779,0.4102012238,-0.3409525668,0.2212603759,0.4810310647,0.5705566684
0.2343819828,-0.04117108927,-0.1321298733,-0.1224585551,-0.4925971413,0.3390419551,-0.04867093109,-0.1549534576,-0.1384490683,0.1267641032,-0.1535909136,-0.281119849,-0.5593728347,0.03500686016,0.2289142074,-0.01023531879,0.2766606006,-0.09229994874,-0.5775001269,-1.14400556
-0.3335316774,0.1477164114,-0.384743957,0.08650290998,0.3802847459,-0.1936663293,-0.2207019705,0.4079245454,-0.3337220742,-0.1557408235,-0.0009253592584,1.196892891,-0.3564860673,-0.2479922948,0.1871688058,0.269981426,-0.05392558816,0.8315630045,0.1371342731,1.662014835
0.2004576498,-0.02555807168,-0.5983241144,-0.7372179294,-0.162457446,-0.01012770164,-0.3674117067,-0.5911236297,0.3887671354,0.7004076738,-0.5682322072,-0.7948715508,-0.1902889042,-1.300818809,0.7457689691,-0.3891644148,-1.533040968,-0.8036776379,0.6160036333,0.2313199295
-0.2158172018,0.02359777222,0.1650818756,0.304855008,-0.408563195,0.08730983903,-0.03495226975,-0.05975186356,0.3711130078,-0.1860294098,0.4133781346,-1.548944381,-0.1708382889,0.7411358544,-0.157404235,0.2553130471,-0.856216924,-0.4648733165,1.352472779,-0.4652917092
0.8508591277,0.7191784556,0.02790897833,-0.8176796567,-0.2575932216,0.619110505,-0.7767097399,0.3597206073,0.9664822295,0.3975670135,-1.104355451,0.7472727018,0.9763174793,-2.113304706,0.8237821882,-1.119207542,-5.832722348,0.3629952199,0.5363795932,0.6649047465
0.2440252382,-0.1734571141,0.05853931336,-0.1085091983,0.2174491542,0.3235030291,0.4084914116,0.03099360777,-0.3970314729,-0.0003403872619,0.008562052045,-0.2395180118,-0.4134084072,-0.1799087302,0.3455079787,0.8688243789,0.8275498443,-0.5636876105,-0.01836071528,0.5994270617
0.21231719,0.2118878687,-0.2297644367,-1.176819168,-0.2119572029,-0.774242165,-0.4398458443,0.4958328443,0.5057612473,-0.2800712998,-0.1963415747,-0.008006169612,-0.2030076691,0.120056787,-0.2019970436,0.005182381669,-0.1410975919,0.1335094813,0.1719306164,-0.1091582899
0.4799027416,0.1340988046,0.3280639899,-0.3323098855,-0.4166764847,0.1936558143,-0.7207454874,-0.5822987133,0.6294880392,0.4640657363,-0.3953348952,0.5159287375,1.306460953,-0.5158374014,-0.4166212039,-1.047679121,-1.095981673,0.4246922946,-0.4178051863,0.4423771085
-0.07906965004,-0.4107269409,-0.359674502,0.01507539248,-0.05387019889,0.06381920561,0.04073154052,-0.4769300231,0.3433784599,0.1009920492,-0.341625228,0.5768554933,0.5453142952,-0.6536655205,-0.122785533,-0.5990118031,-0.3963947728,0.3629836915,0.4683231266,0.7202066205
-0.1586096377,-0.145532238,-0.07161213066,0.4882187558,-0.008215928183,-0.0768426794,-0.05044569364,0.137327212,-0.419577912,0.4094519685,0.2244363799,-0.3330697201,-0.09079242596,-0.7113353322,0.06870881749,0.6032835202,-1.129072184,-0.6091133298,1.02034189,0.9861073558
-0.4806713082,0.07105676435,-0.2905623931,0.2836240514,-0.4821870595,-0.9700502812,-0.4548063426,-0.5392248154,0.2782066274,0.05495543491,-0.5103222051,-1.063592674,-0.135635122,-0.7897092244,-0.5958332915,0.2146596423,-0.1455021035,-0.2420048293,0.004578497361,-1.189151092
0.1383675296,0.4660658696,-0.1442749111,-0.7263613703,0.2868435275,0.06740134729,-0.4723108667,0.6494581577,0.8591357638,0.2796250764,-0.8708074507,-0.7006290714,1.344681865,-1.305297104,0.9793264332,-1.082169897,-3.004877011,-0.6659059454,-0.3118263117,-1.159301652
0.2820966565,0.1278723969,0.30053992,0.2073624587,-0.479150498,-0.02756018936,-0.2313211919,-0.281144119,-0.5305111404,0.7626271526,-0.2789598815,-1.158646337,-0.6514040371,-1.026297565,1.279814255,1.32271124,-0.6172020401,-1.1626314,0.8556814408,0.1003776132
1.135289472,-0.1263183469,0.2249547074,-1.306301748,-0.2360647725,0.7270028046,0.04454920614,-0.3991351882,0.4943793638,-0.2961368997,-0.5172691558,0.3432138648,0.3118822387,0.3383067113,-0.2201560278,-0.3096540574,0.1930861485,0.164843628,-0.7469003312,-0.1007813616
0.3867265018,-0.1420186083,-0.5261383624,0.163633071,0.2202528898,0.4653601761,0.5670456908,-0.2742459398,-0.02060129089,0.5148904139,0.2714772781,-0.09496531775,-0.113375021,-0.0854875525,-0.3273097518,-0.3254780136,-0.38871202,-0.2799284754,-0.6133411758,-1.050575776
-0.01096359547,0.2540970825,-0.1557772514,0.1333499726,0.143383911,-0.4688577125,-0.5030362324,0.5314048438,-0.1771863138,0.5473702113,-0.4224932196,1.259789029,-0.1874575681,-1.192050663,1.317029555,0.03213027064,-1.930377641,0.4486115509,0.1222926582,1.437862845
-0.1084456657,0.0819308673,-0.1803257797,-1.284087144,1.011631861,-0.4889791693,0.09078632179,0.2506976698,1.257646391,0.1808758617,0.390143366,1.098184555,1.520872964,0.5532864633,-0.04413697295,-1.306552399,-0.9105747881,0.3078820569,0.3228471302,1.416947978
-0.05703124569,-0.4269655981,-0.006600199551,0.8790238682,-0.1648669594,-0.7405546921,0.153209156,-0.6651074896,0.06813961461,-0.1771131352,0.05295768213,0.3492272028,-0.9213691911,-0.3446554628,-0.5871175298,-0.545897521,0.08686763693,0.8025239192,-0.4354092437,-0.6931999816
0.273123486,0.6668265057,-0.9430891467,-1.073127948,-0.1878886391,-0.006417237058,-0.3655000074,-0.9628051245,0.8618983319,0.591905304,-0.7920857481,0.9671566241,0.9695315488,-1.865001396,-0.5300033278,-0.449018252,-5.065916161,0.6723051491,-0.03377088323,1.102026903
0.04217540913,0.1163033956,0.3128613247,-0.2853021544,0.1982555182,0.09032815409,0.82597154,0.1988069158,-0.1164864529,0.3534214154,1.541516902,0.3146142663,0.09577940394,1.461547621,0.6127319548,-0.08322517584,-2.788634489,0.4235981737,0.3968060421,0.831689667
-0.3194302468,-0.2394141634,-0.4291877623,0.04873667571,0.1435834024,0.09468855049,0.5841951942,0.3437257913,-0.2248916177,-0.03848240425,0.451983223,-0.4924817441,-0.5830428321,0.6209519898,0.09950814279,0.2878841472,0.1409492819,-0.748167655,0.3412122009,0.4212942954
-0.1741853773,0.3085877893,1.211590803,-0.3698997729,0.1498413036,-0.2939911034,-0.001666475975,1.522941293,-0.3844095616,1.519157307,0.1377720507,0.4010107229,-0.7105952049,-1.398767642,2.910215354,0.05422570601,-2.726217541,1.281674526,0.5229620437,0.4699258621
-0.4042541994,0.2921145864,0.2391793201,0.7531654251,0.1183957559,0.05597710918,-0.573498498,0.1891333821,0.2191581103,-0.2497898764,-0.6593970443,-0.629332614,0.02490872651,-0.8430458094,0.08792394635,-0.31232647,-1.00369597,0.1997780612,0.5041040444,-0.5972207482
0.0003634732914,-0.7045212084,0.05959193973,0.7053042709,-0.06224531111,-0.1537185312,0.8085626072,-0.3894786653,0.01166217669,-0.07533365629,1.348073983,-0.1725193297,-0.01612805534,1.677845787,0.1031944432,-0.04636625609,-3.020662803,-0.3498829015,0.9433686091,0.5799559181
-0.1159143637,0.0113274395,-0.3040374266,1.000826373,0.2262734943,-0.6704870632,-0.1960131002,0.3389921061,-0.4528383721,0.622271771,-0.9371451273,0.9436146646,-1.093337734,-1.620623211,0.2152580742,0.3985557455,-2.246686041,0.4034525764,0.8858841095,1.992376918
-0.5894000568,-0.03020324669,0.02802382134,0.4974204236,0.615072144,-0.791759698,0.1562061442,0.4233023821,-0.03744668314,-0.01104280263,0.1313026391,-0.0569789054,-0.2503477346,0.02631273664,-0.04471747633,-0.3089631911,0.3455570175,-0.3632938869,-0.6316431793,-0.8220147785
-0.1243636399,0.1142450222,0.04484159204,-0.01074898761,0.1242650349,-0.6061843673,0.1770065719,0.1048721203,0.1167279055,0.2195369835,0.1732278547,1.280833908,-0.1239879587,-0.3433981986,0.5997158327,0.2798186294,-0.5147533414,1.448369312,1.037969053,2.495007524
-0.2444353249,0.2711331491,-0.2774552501,0.5496719849,-0.1846945324,-0.3485536919,-0.05769985453,-0.6122161681,0.7036480048,0.0562883765,-0.1628731279,0.181059886,1.058304759,-0.562307363,-0.3009822615,-0.8124403292,-0.3378868738,-0.1968196453,-0.5961891031,0.100753736
0.1972868206,-0.2497293866,-0.263320951,-0.008030352087,0.4238522443,0.2813626269,0.614349796,0.4377508664,-0.003955126145,0.6219681195,1.244032931,0.2079571586,-0.6121891138,1.108446914,1.190582559,-0.2471788033,-1.016028136,0.1381205509,0.7301471,1.00369638
-0.4029088589,-0.3971778658,0.06722991745,1.161072973,0.1713134237,0.1592801904,0.07266156578,-0.04794581071,-0.3458228141,-0.07988605417,0.5521744966,-0.03857484433,-0.215378332,0.7880439791,-0.1719766563,1.027640867,-0.3892608249,0.1908875623,0.9841430563,0.7499142803
-0.3781241388,-0.366170597,-0.2936334184,0.6183135489,-0.4131659895,-0.4023503937,0.4190182244,-1.049113613,-0.7138587898,0.1463395533,0.7163645977,1.802119404,-1.031195135,0.15128699,-0.8331341926,1.207042868,0.869171349,1.792336867,0.3625536997,2.229315573
0.2017845879,-0.3125527338,-0.233464836,0.2719361958,-0.1373373898,0.2596387483,0.2502750851,-0.4811287263,-0.5203878996,0.1117776004,0.4279115263,-0.6295926841,-0.316996064,0.6281898729,0.1941513664,0.2670031427,-0.2633699668,-0.1961459622,0.5133034498,-0.3782796172
0.2289370034,0.1115605496,0.598201719,-0.9262872041,1.089753226,0.0770788844,-0.1380478491,1.279358988,0.02507577447,0.6289404026,-0.2179655494,0.4150879545,0.06621059303,-0.3600287861,1.064227111,-0.4975717335,0.0126689153,0.06548411339,-0.09417894285,0.6018618705
-0.2291707703,-0.2361385313,-0.5945103323,0.4804710729,0.1267276813,0.1319491626,0.06800435458,-0.1813672605,-0.13811033,0.08717777379,-0.2865105193,-0.07147599245,-0.3507866483,-0.5468740763,0.2954504239,0.6401040008,0.3311288254,-0.02593301932,0.08464455373,0.3084821805
0.05698788591,-0.01645665051,-0.00961482348,0.1004713226,0.3399996452,-0.1315720134,-0.577462773,0.5520349472,-0.3303822793,-0.3815701885,-0.6879382439,0.6696592651,-0.05592740893,-0.7486287698,-0.1512365801,0.2883772761,-0.7816119704,-0.219946501,0.9014131057,1.027589318
-0.2472566372,0.1493606307,-0.5054239952,0.3909969474,-0.09196406704,-0.3379609841,-0.2226071095,-0.336392116,-0.1644130183,-0.1318024612,0.06822604835,-0.0834504848,-0.8618214199,0.6219776973,-0.4715511928,0.6529910262,-0.1465855679,0.1816845378,0.6984920872,0.4102592144
0.3065621197,-0.1563333726,-0.06499774565,-0.2429349334,-0.1851272531,-0.01214281628,0.9758189478,-0.3721211858,0.644948836,-0.4787149978,0.4729821447,0.2603555782,0.566365104,0.8822908507,-0.8148293324,-0.2871035852,-1.091968015,0.5933382418,1.006306203,1.519609425
-0.06210095034,0.3441675681,0.5917823878,-0.1738464487,0.006638757724,0.7485223005,-0.3581092613,1.194593898,0.2897902879,0.2657116275,-0.6210969641,0.3929207731,0.09888312699,-1.3605889,1.237952437,-0.0301823228,-2.271431124,0.7010090539,0.584555155,0.6520948491
-0.0912058504,0.4542449733,-0.07159311107,-0.7269773372,0.3638437783,0.2649724808,-0.3754784842,0.6104434008,0.3562469124,0.09733559189,-0.2081596753,0.7868836917,0.1682532652,-0.5687617819,0.5612799562,-1.15748307,-0.4469515355,0.5213257878,-0.2333496603,0.6275890654
-0.5749851407,-0.08321426274,-0.685682917,0.4529630422,0.2742939128,-0.2516256532,-0.07738595852,0.1789078167,-0.299614837,0.3998294764,-0.09750028032,-0.07834475899,-0.221680817,-0.3237890785,1.212371172,0.08673579809,0.07908516042,-0.7101642048,-0.14991132,-0.6008321893
-0.3275648901,0.03912728114,0.512922973,0.1564239739,-0.6457596576,-0.169903573,0.1978389832,-0.2405829672,-0.1153267486,0.3427758096,-0.03045566959,-0.03407854435,0.1437163885,-1.227531988,0.3257349491,0.3597602235,-1.993974688,-0.2344682205,1.048391169,0.8565517168
-0.1330831423,-0.06936912224,0.3740475588,0.4691846347,0.3381948845,-0.4602048462,0.1646230929,0.1161395729,-0.1532314006,0.08200500246,-0.2921478287,0.8861158455,-0.3264442178,0.1446951205,0.5123004084,0.9999107194,0.1365349335,0.6011378099,0.4384575443,1.192335219
0.3038960128,-0.2446470711,0.05713423604,0.4025218422,0.02826828298,0.6380010268,-0.5688543406,0.1022791379,0.2730440574,-0.007373831239,-0.6227885881,-1.010572747,0.5000654889,-0.5549675718,0.1220434642,0.4932145801,-0.5285433258,-0.1250683289,1.547991088,0.5917160751
0.513618781,0.6565411532,-0.2388301924,-0.8230987205,-0.408869189,0.9514521124,-0.4429775064,-0.02779228633,-0.02980914498,-0.2252710747,-0.4612466102,0.4014248139,-0.5397508326,0.008674903646,-0.2001706281,-0.110353194,0.202127623,0.1662936857,-1.046080477,-0.9233220668
-0.004405388898,-0.002594476507,-0.2137671427,0.3929811688,-0.03791538883,-0.5915397265,-0.1892767572,-0.2275407806,0.04159280417,0.6404044411,-0.4341895783,0.9133649796,-0.6514782605,-1.009694206,0.6230001521,0.2476020616,-1.019155237,0.6833981885,0.3449476397,1.375914487
-0.9152884923,-0.3142289286,0.01228952076,2.109189783,0.09514786138,-0.9875678529,0.5234278762,-1.00432806,-1.699315343,0.1583712549,0.5385916781,-0.74932256,-2.629974661,-0.04397468292,-0.6897849252,1.110151819,2.115750172,-1.024825734,0.5932152638,0.01272659264
0.3898439902,-0.09866133246,0.1601135444,-0.1069038335,0.5243234799,0.3942872765,0.02485117049,0.5560707745,-0.04987005512,0.8561384397,0.3319228873,0.8514498967,0.01357598532,0.03016944935,1.915110521,0.1377931045,0.4535455838,0.7503621159,-0.1180363945,1.101652388
0.0498793375,-0.5979665982,0.3891571263,0.2327710139,0.4165193968,0.07629250314,0.237327226,0.01661030607,-0.2889333956,0.4418317394,0.4262029795,-0.2612063923,-0.8939055868,-0.2162373134,0.3738110957,0.7194588627,0.2384053764,-0.488241805,0.314017881,-0.2106309873
0.280436833,-0.004949020447,-0.5756738697,-0.9025588706,0.1487184601,0.07931487173,-0.2089260939,-0.3925671124,0.4076925119,-0.07431188925,0.263308056,0.2303531061,0.1612586044,0.3685503037,-0.3921295238,-0.664114248,-0.1206728223,0.6336050277,-0.1587431013,0.6500169699
-0.2214039986,-0.1056130432,-0.5375579409,0.2569741282,0.06473788856,0.1246120335,-0.3703663041,0.01231677513,0.2182172022,-0.3884550634,-0.8421355943,-0.534059342,0.4678315258,-0.982001686,-0.1819165948,-0.3197943043,-1.513527285,-0.3542863648,0.7531897969,0.1026191371
0.06674230309,0.06728906388,-0.1216182633,0.06537364834,-0.01481937683,0.4383982953,0.5103588711,-0.1245822887,0.02027453221,0.4942339454,0.5568614423,-0.3224207822,-0.1993432535,0.7506431702,0.2296877161,-0.1368763673,-0.7487063042,0.3070793876,0.5009226827,0.09912092784
-0.102021425,-0.8197969355,0.1544060909,0.5352882507,-0.1671809677,-0.1535468852,1.053409944,-0.3769555793,-1.188911396,-0.1969212155,0.5166096112,0.6265288342,-1.210052954,0.9508124204,0.103301856,1.659510548,-0.6253747825,0.7538694285,1.486622737,2.333981047
0.339167015,-0.3836870411,0.08045484281,-0.1813685934,0.1189886622,0.03706920177,0.4821051627,0.1194503672,0.162745687,0.516456578,0.2708800688,1.221534327,-0.2020703573,-0.8777730273,0.8037137684,0.186520536,-0.595392601,0.8330371551,1.084574131,2.354936968
-0.4369582304,-0.1389969574,-0.1225930086,0.2529348509,0.6097979989,-0.8321130361,-0.5121241568,0.2230235554,0.1327170674,-0.07453534231,-0.444759511,0.4548724114,-0.6918607716,-0.8219705383,0.5559645325,-0.08990353218,-0.8225419157,0.3892368303,0.5274808775,0.3328205594
-0.1941812465,0.4392918963,-0.09558654914,0.5360858965,-0.001683891868,0.1230730254,-0.6357551484,-0.1374798825,-0.7424488966,-0.1783345114,-0.4355004623,0.246586506,-1.052835185,-0.2436652951,-0.2923346449,0.5720741568,-0.5217116075,0.4681922046,0.6373921594,0.310033479
-0.19251853,0.3412429656,-0.2584974043,-0.2997333425,0.503569451,-0.1294868565,-0.5571867799,0.2276775928,0.1243630618,0.8139469982,-0.8110795843,1.06772474,0.1447180871,-2.504790075,1.211239245,-0.09975099812,-7.285936293,0.8554495632,0.6415851308,1.554906153
-0.1843478074,-0.4982705659,-0.05531463202,-0.1404426965,0.2503219074,-0.9296763539,0.04078660097,1.164751212,0.265668397,-0.1480312037,0.8377581953,0.257630577,-0.3417760849,0.3585334236,0.5957359883,-0.2457110276,-0.068454587,-0.6797359439,-1.134526412,-0.8015522763
-0.2628227253,-0.2660487281,4.712828426e-05,-0.06063303795,-0.01961926303,-0.08291100579,0.4913123219,0.8747716885,0.1698402882,-0.3318427581,0.7480116952,0.3517573137,0.5077104303,1.415951856,0.9463897706,-0.5183843027,-2.438309001,0.02388515886,0.4754693394,1.381343915
-0.5926720724,-0.648737055,0.4021902124,1.101123399,-0.2965430261,-0.05488364853,0.4312332628,-0.002275961433,-0.6226819018,0.5461435875,0.206037925,-0.1790116845,-0.5022996762,-1.053431814,0.1718646001,0.6845015149,-0.8085279163,0.85592581,0.4627435877,0.2347417277
0.2445982575,-0.1523328906,0.05852613758,0.01736002808,-0.1902611035,-0.02805809029,-0.0005363874035,-0.2987206544,0.2098700063,-0.5309874799,0.2310177383,-0.553361783,0.4841980406,0.3117655054,-0.4826773667,-0.6315677696,-0.2563858884,0.7848416063,-0.7390352893,-0.8287688128
0.1571918434,0.007715539198,-0.1295209957,-0.1422915952,0.01261426992,0.3971168458,-0.3682999684,0.1524293269,-0.05449551358,0.321728007,-0.3159690717,-0.2016900842,-0.5228597159,-1.254529155,0.5207856927,0.3020148397,-1.305859602,-0.6164974099,0.5085904802,-0.0980388131
0.02841283665,0.08583066795,-0.2290236238,-0.3447009241,0.2373407188,-0.2431221344,0.4797774164,0.1633771583,0.6025015743,-0.3672721859,0.5692162796,0.8431717992,0.8824629326,1.210038498,-0.4449332706,-1.220667444,-2.245488354,-0.1725124367,-0.3675141138,0.9203981096
-0.4543117724,0.08233315196,0.4253699982,0.171494495,0.3683541064,0.1881034302,0.1897737372,0.4058907074,-0.6388600032,-0.09442165989,0.6388856074,-0.9495680171,-0.8340313749,0.702429675,-0.3212577601,0.4377163797,0.1498982231,-0.4053493743,0.1860538548,-0.6919223468
-0.05723788165,0.6272906054,0.2698201107,-0.744510846,0.08049511624,0.3995478416,-0.1705712268,0.06529619294,0.7886065242,0.6260908077,-0.2117020825,0.1393307718,1.38219788,-0.5904055999,0.8148766823,-1.120568902,-0.7877030418,-0.6865804833,-0.3031182591,-0.4818546394
-0.4782996502,0.2488276603,-0.546269686,-0.1315676148,0.044274581,-0.2537674515,0.2711603752,-1.304344739,0.1899044344,-0.3515393831,0.590813422,0.5941461123,0.6968312302,1.451555272,-1.051025533,0.02924981313,-2.825173635,0.3763147329,0.9329648528,1.047728968
-0.04267118906,-0.2757450037,-0.09139573101,0.2009452109,0.1003374212,0.6568209362,0.7434607226,-0.2098166979,-0.4444478957,0.06946136305,0.8240502116,1.146825025,-0.9567427503,1.079751784,0.1251981253,0.1985760731,-0.2764107603,0.6003287035,0.8114903378,2.283505958
-0.3224334621,0.154661411,-0.1193092599,0.3628540362,0.1971479023,-0.6584424398,-0.02977496863,0.02897841791,-0.1438811745,-0.03821258654,-0.4984082284,-0.4218792401,-0.561219803,-0.3227295842,0.4229033297,0.355068041,-0.2340945393,-0.3323295575,0.4985145578,0.02841967364
-0.1522291981,-0.2505977172,-0.03887791857,0.1154829825,0.2056728927,-0.9772030502,1.051270241,0.3171548218,-0.3281674511,0.3009054472,0.4623036727,-0.5340765371,-1.214942146,0.3204800623,0.3393364824,0.5029436981,0.5425691246,-0.242693393,0.3327073932,-0.07277267318
0.067675919,0.8187046427,-0.1581431633,-0.9356123306,-0.3374103928,0.4787883841,-1.141018282,-0.5007086485,1.012475205,0.4163756659,-1.054016424,-1.063498398,0.9283895204,-1.788142278,-0.5714610721,-0.5706176719,-4.443953611,0.09948033172,0.5072270264,-0.2812810997
0.090080755,0.6973865353,-0.04360905232,0.2638558772,-0.7314316641,0.03273279928,-0.5156248898,-0.4508156408,-0.08633940559,-0.06983131745,0.156032529,0.8304842155,-0.3557323333,0.4842165853,-0.6539461984,-0.04796374266,-0.6868535942,0.6095899706,0.3861887067,1.679873047
0.01462485374,0.3500631395,0.4550876654,-1.028934697,0.04065411824,0.461348924,-1.176494677,0.6874283002,0.7107755334,0.2668740427,-0.7076240261,-0.2177618599,1.056549803,-1.115455343,1.232280069,-0.7613300568,-1.605302131,-0.4527099101,-0.09102922288,-0.4934533885
-0.1468609574,0.02262975231,-0.2339725133,0.06633931457,0.1138850326,-0.1150316341,0.1784540289,-0.6650828117,0.06613873264,0.5724696899,0.1306851994,-0.3867778684,-0.3588343865,-0.9221255216,-0.1068093883,-0.3107402532,-1.311520802,-0.4602510987,0.64419815,0.2295371042
0.1469658472,0.06755788229,0.3860624131,-0.1086884062,0.04079368164,0.2387205877,0.09109255076,0.3465406355,0.2515597092,-0.4046248853,0.1794692707,0.7530665701,0.5349910468,1.160898937,-0.3093499773,0.06500037701,-1.860580122,0.5222770984,-0.0202003697,1.17796041
-0.5125791179,-0.4445728115,0.1136237057,0.9811516465,0.05143906374,-0.9142662553,0.5914003435,-0.006473360296,-0.9201376352,0.4646622851,0.08090781729,0.9997117212,-1.606758767,-0.5522755553,0.6980114301,0.7058699033,0.4098704788,0.5852624868,-0.04905963454,0.6920133751
0.2761062903,0.5329951347,-0.2693588325,-0.3271009231,-0.3004415942,0.5161477088,-0.3533275527,-0.5805126329,0.3615658404,0.1691063053,-0.6379502372,-1.558670502,0.3311240135,-1.685899859,-0.6546145238,0.0380310405,-3.52014679,-0.9462714236,0.2672104988,-0.7563323773
0.3382523057,-0.6013412144,-0.1202603906,0.51119832,-0.262042512,0.2628218696,0.7006279357,0.1905636499,-0.6594506293,0.1665227343,0.5384708354,1.435779722,-0.8747829314,0.2141966949,-0.07748629406,0.2807335947,0.09880584904,1.05202062,0.09715878823,1.34560977
-0.5318949623,0.1471775785,0.340422322,-0.001864683224,-0.3642781402,-0.3805821232,-0.7133546445,0.629420059,0.2295660514,0.06707369323,-0.9720999681,-0.582935317,0.1798134512,-1.274840165,0.1391761601,-0.2367003815,-1.870946389,-0.3872038269,0.1157600128,-0.878987285
0.3558697147,-0.2482202351,-0.04034693295,-0.2584783261,0.007588559675,-0.1980525167,0.1823639439,-0.08812223368,0.1221860217,0.1317916409,0.007749614332,0.4933138808,0.3789767322,-0.6843402448,0.3507660154,-0.1716546092,-0.8803513121,-0.03294758956,0.3489647811,0.6831189213
-0.2224991694,0.180608159,-0.3606247264,0.2650423848,0.07148498778,0.4123612144,-0.5881264306,-0.4813741647,-0.2790210765,0.5980606922,-0.6409257054,0.3738226263,-0.4361572912,-1.530019508,-0.5118783106,0.6220324195,-3.093012202,-0.6708251221,1.3047673,1.799702777
-0.3592592367,0.3779664488,-0.125726432,0.1546554968,0.02172173581,-0.8141845479,-0.5625540695,-0.1368695886,-0.130874223,-0.182732636,-1.108523602,0.4638583033,-0.6043154536,-0.710262354,-0.2787053321,0.3664206173,-0.4321161782,0.6313173943,0.3303672007,0.9784771838
-0.6115091385,-0.277656886,-0.3172794449,1.137810281,-0.2034401822,-0.9930125764,0.01015111608,0.5907394051,-0.1533470086,0.5591025336,0.2426347006,0.5874872078,-0.8581693904,-0.2991616981,1.008799815,0.3612296019,0.2104319888,1.248990377,0.02897228644,1.402445437
0.2577536627,-0.214985098,-0.03153679947,-0.513101945,-0.3610238364,0.2100633179,0.4871013423,-0.5114536412,-0.04095379268,-0.1572002107,0.5076453285,-0.219994823,-0.2276103437,0.9885705359,-0.7461239204,0.716360927,-1.291733535,-0.9243659027,0.8781231013,0.522809057
0.4388066492,0.1462373606,0.1254407952,-0.3884198606,0.474349689,0.1750927561,-0.3371050148,0.8404810606,-0.1254758957,-0.08952574927,-0.4990870125,0.151801903,-0.3771793005,-0.6538583266,0.4521613903,-0.1307847841,-0.4833488814,0.3582888011,0.6971674546,1.38451301
0.2657018678,0.1130164124,-0.5113088528,-0.3940328674,-0.7972100468,-0.2414586252,0.1651593347,-1.171926434,0.6784519467,0.3981079524,0.8397919499,-0.4701897109,0.3417193935,0.05047729611,-0.7564650277,-1.187035878,-0.2434605874,-0.361697344,-0.5313638989,-1.129824302
-0.1421903415,0.05157784253,0.006789364549,-0.3511727278,-0.5117100092,-0.13545014,-0.722439918,-0.7089498499,0.04156134518,0.390961288,-0.4309214757,0.8712501505,-0.00027491177,-0.7349412312,-0.3005908093,0.1010633772,-1.574779748,1.076745402,0.618016693,0.8931044853
-0.438493833,-0.5871633464,-0.1562161684,0.9611049535,0.1387912799,-0.3668472147,0.6370985027,0.5088394005,-0.4000594422,0.3579027029,0.5423899219,0.2807149606,-0.2196984404,0.5259406593,0.5357047615,0.7548610474,-0.311572156,0.5309830602,1.388698928,1.524213588
0.5024027947,-0.06343671907,-0.09421646996,-0.7935150326,-0.1449156976,-0.1723811863,-0.0563342037,-0.4848854357,0.07215876254,-0.13499351,0.1608080722,0.4335448318,-0.3743832452,0.5681606647,-0.5639399357,0.1806753982,-0.5340140144,0.806737231,0.05856760264,0.5783198027
-0.3916536741,0.04563310536,-0.1980176432,0.3682054761,0.4089392855,-0.7112107636,-0.08689088688,0.2763865361,0.1645133881,0.08652164027,0.5152488943,-0.7135609235,-0.03513353907,0.626950504,-0.1326000107,0.2735046312,-0.7411008424,-1.279580444,0.561811466,-0.9059445101
0.2400980832,0.5470980996,-0.3261015352,-0.9221826375,0.1779194232,0.3684711215,-0.75712042,-0.1617170179,0.7273131956,0.3228081023,-0.2874048752,-0.1549079433,0.9018015635,-0.08277709523,-0.2138080483,-0.69658334,-0.2735175055,-0.1358127393,0.03382064025,-0.2899340084
-0.2190784221,0.2812245458,-0.3847893364,0.02273477925,0.002924230751,-0.1823944882,-0.03176590953,-0.2464197102,0.127461827,0.9440762963,-0.2216107037,-0.7237730399,0.1807281472,-1.735523255,0.5520627444,-0.3943712004,-2.915831562,-1.269982255,0.5579220798,-0.5511353582
-0.04793007682,0.04481406888,-0.3322795658,0.6773168467,-0.01314274081,0.6947304327,0.2999508325,0.03425468294,-0.4898808573,0.3420721237,-0.07598510505,-0.2370058112,-0.6085099209,-0.2452943152,0.3779429248,0.5966853808,0.5241639756,-0.3707669825,0.3533657001,-0.3040201203
-0.4951087114,0.1779041257,0.07205500276,0.3255756165,0.0546603544,0.4622775926,-0.05479784854,-0.1526607193,0.4804626777,0.005765888228,-0.2988477203,-0.1852445007,0.7726974292,-0.4604982515,-0.2871107944,-0.3164197738,-1.111327738,0.3132607549,1.284555487,0.6725417865
0.4027254559,0.2603579446,-0.1789714625,-0.6228632459,0.2926795374,0.4992625176,0.03571211968,0.4145136299,0.03763989179,-0.400850781,0.07409615968,-0.125202576,-0.2278152904,0.3656475588,-0.09395892228,-0.2485388521,0.1030325482,-0.7755987138,-0.09699600954,-0.2975828832
0.3514629098,0.07742156921,-0.05600651287,-0.5623892635,-0.04089727357,-0.1294433851,0.03077632944,-0.3030554086,0.1326591473,0.3886206558,0.1269671055,0.2728446145,0.4733064408,-0.663364911,0.2826879254,-0.6796393088,-0.3715099761,0.463657141,-0.383451653,0.1683839062
-0.2691246789,0.1239980147,0.818875093,-0.195980837,0.02427437877,-0.001559469016,-0.1951584067,0.6315875184,0.4015748408,0.8019348227,-0.4792744047,-0.6965510088,0.418882113,-2.046231295,1.00521451,-0.9211180486,-4.865813611,-1.052536529,-0.01438271896,-0.3081698695
-0.1021070469,-0.2871873925,-0.2672804714,0.2687955964,-0.1584068571,-0.165595612,-0.05363048762,-0.4108190772,0.1741815398,-0.1084759556,-0.4753214479,-0.2495857826,0.04699464099,-0.1590973771,0.2721639423,0.3302522079,0.150980765,-0.3863079204,0.100044769,0.2009156138
-0.4937681418,-0.1624701709,-0.4179301806,1.230212231,0.187234073,-0.01677498552,0.1085939496,0.7488270981,-0.4748398406,0.725308048,0.36918974,0.3143019366,-0.6523344955,-0.02950756336,0.9341362038,0.4023660878,0.3260828127,0.3958454099,0.1457051683,1.090550517
0.3408542203,-0.04727515599,-1.117173469,-0.06908400535,0.04951449276,0.1519290746,0.09698539753,-0.1012877846,0.3381346044,1.092358093,-0.719121348,-0.696408593,0.5142424117,-1.795426144,0.8611920992,-0.195332939,-3.916016332,-0.6936917828,0.6517497826,-0.4820747252
0.1585065321,0.527447896,0.9221394235,-1.21012172,-0.353596574,-0.3144847129,0.08237494413,0.07118980296,0.4629876695,0.3738522158,0.382341686,-0.3611601878,0.4715578914,0.7459995085,0.4300238858,-0.08324087931,-0.7523362377,0.07312775231,0.6090065489,0.0188214492
-0.02100634974,0.4994235149,-0.02051237495,-0.4747200982,-0.3299192931,-0.3260856906,-0.8632955485,-0.5709276676,0.429692596,0.2854795602,-0.2966095152,0.1797855829,0.4399479491,-0.5110728699,-0.3580015759,-0.49159566,-0.7605776856,-0.3544516393,-0.4382699032,-0.4716551281
-0.1505862223,-0.5284383085,-0.1137513835,0.6961697673,0.1067862083,0.1791193973,1.028368991,0.2093247519,-0.5479390489,0.346663994,0.8570435998,-0.1545061685,-0.6529921018,-0.4153889427,0.07229019286,1.008500837,-0.1369472856,0.6419455171,1.40619497,0.6990403373
-0.1520553857,-0.3699076473,-0.2308719844,0.9720368171,0.4737134754,-0.3340194707,0.4054579223,0.3422863405,-0.1119543652,0.1564595969,0.4061343538,0.1317300464,0.111417479,0.04001675833,1.028730693,-0.168001611,-0.1501446832,-0.6940802359,0.1381318405,0.3970984686
-0.6216802174,0.09435250333,0.04923862944,0.8825410224,-0.2313095518,0.06417735004,-0.558121506,-0.5160041196,-1.015586033,-0.9201516131,-0.4565072228,-0.4391723583,-1.88506038,0.5535043079,-1.584054274,0.9076208703,0.7784985048,-0.3585014884,0.2577241711,-0.2317486168
0.1838610459,-0.272151622,-0.6128553232,0.08325505785,-0.1840985956,-0.2120515579,0.5175277545,-0.6983727996,0.0396357492,0.0438280077,0.2117598615,-0.8052180227,-0.2527542905,0.1764770712,-0.4541661002,-0.01127672304,0.2286185411,0.1683851355,-0.01855869963,-1.662271291
0.06375164181,-0.05634351484,0.5445484495,0.2884505187,0.1099100993,0.3419710527,0.1253090937,0.2987610811,-0.1970987125,0.399310031,-0.1878404681,-0.6785034157,0.1180423191,-0.9133615966,0.383800308,-0.05578210701,-1.564345947,-0.1902440846,1.230209509,0.4145684075
-0.04142920025,0.09056889342,0.3835958925,-0.3303518054,-0.1478873078,-0.03513345323,-0.05018270133,0.304379892,1.188694751,0.1632534483,-0.4359999638,-0.6615724015,1.600352267,-0.6964032978,0.143631229,-0.7495770186,-1.390498413,0.04190330174,-0.007911973145,-0.5062941375
0.1500135395,0.04100524562,0.2069669655,0.1452247416,-0.01509423363,0.08052226328,-0.5194634369,-0.3625270998,-0.5578755959,0.3537426341,-0.3371555202,-0.09142097494,-0.47081413,-1.134320802,-0.3760101285,0.6635685495,-1.069734329,-0.1870499795,0.6730381645,0.9058802551
0.9220777473,0.6727012006,0.315619578,-1.51825151,0.02417509819,0.4528432438,-0.6396569828,0.15911099,1.508011387,0.3381912852,-1.153764242,-0.429166483,1.61068166,-1.784631528,0.1962824438,-1.013420899,-5.254558172,-0.6198446011,0.1132097467,0.1520565432
-0.072265286,0.3389932966,0.3008860736,-0.06439854978,0.06953425059,-0.6726916711,-0.008051243388,0.7749450176,0.09808322641,0.1031061077,-0.5983347459,0.1255584346,-0.5524053811,-0.738201391,1.196142039,-0.9965434305,-0.9762240336,0.07428226201,0.6840943019,0.9915084796
-0.3648354747,-0.08929475742,-0.2611610922,0.3710414162,0.3214086889,0.2133235745,-0.3715618776,0.242015149,0.1998564216,0.3266459938,-0.6364732092,0.7246131093,-0.06577673728,-1.097821801,0.551257247,-0.5708263205,-1.579247813,0.5975710294,0.07607587441,1.246810397
-0.03673067509,-0.6742862763,-0.619649632,0.9232604242,-0.04671644617,-0.9035854176,1.292795275,-0.8103670367,-0.404501019,0.4415693335,1.224923629,-0.01230390701,-1.307684424,0.8430096133,-0.0608663219,0.4861246874,0.3067004974,-0.449123882,0.2054877883,0.1143453683
0.1488046952,0.5172661904,0.01151510236,-0.7816191435,-0.3226761877,-0.3904216761,-0.9978674918,-0.3419522062,0.6025091541,0.06947043393,-1.224335497,-0.2491694405,1.020069588,-1.688542739,0.008163679822,-1.11051872,-4.274630245,0.4717003324,0.05576975185,-0.486670817
0.6935221434,-0.01920628087,0.3513987925,-0.3405409042,0.002432349853,-0.06461622917,-0.1149480693,0.7389007789,0.1713334962,0.7390912984,0.6906431493,0.3633042554,-0.1357146946,-0.7067337853,1.043878444,0.0133572489,-0.456492698,0.3809786985,0.4907923574,0.8315306724
-0.1574846292,0.02860277961,-0.1757456482,0.3235375864,0.3790569755,-0.2363893467,-0.3334067887,0.04382044856,0.1104773448,-0.1911972026,-1.088538942,-0.2469969682,0.006944653575,-0.861761971,0.4067655896,-0.4542875972,-1.186330918,-0.7417402881,0.01022973199,-0.09534304603
0.168489448,-0.1560821513,-0.2831134409,0.4336406702,0.4411835412,0.4866739804,-0.5087716586,0.3942714777,-0.2508470192,0.3443848595,-0.2898357834,-0.3180292912,-0.7243342916,-0.4223878514,0.5200962782,0.6986466589,0.4812567477,-0.02287874778,0.3072017575,0.2932005269
-0.2121889359,-0.6512341509,-0.3130607022,1.618486169,-0.2319730474,0.4847178988,1.032612453,0.1647233878,-1.386095082,-0.06615572425,0.7630319377,-0.0169760408,-1.834305772,1.019424706,-0.2088385622,1.181885481,0.09845123431,-0.2183735229,0.3257891538,-0.4502210341
0.1314761321,0.6197121318,-0.3673584769,-1.113594028,0.229622541,0.1742043999,-0.9363846507,-0.3443016021,0.7323890247,0.002098268429,-0.7187789286,-0.725776457,0.8458212242,-1.0644549,-0.4287865562,-0.4646508455,-1.739626284,-0.7488968051,-0.1744554927,-1.500624974
0.3708707949,-0.1014195339,0.07162318308,-0.1900141845,-0.09918213638,-0.2171840842,-0.3173252356,0.1277671203,-0.1952638985,-0.1810552863,-0.499821071,-1.476129401,-0.03799403121,-0.4952435052,0.223897802,-0.1093587333,0.2051611106,-1.334654933,-0.8263564386,-2.013906058
-0.3350337052,0.3483253281,-0.1392043528,-0.06005666656,-0.3809445786,-0.02471004959,-0.9218835998,-0.1190028135,0.1189435423,-0.5877392135,-1.142986541,0.6085908888,0.03558122119,-1.141734482,-0.9942775164,-0.0604197364,-1.499346515,0.2133636749,0.2518191953,1.685871216
0.6991425388,0.3071090891,-0.4082999685,-1.185958787,0.3608286386,0.5264885933,0.02057634493,0.3868820076,0.9473250167,-0.07769057131,-0.3458501342,-0.485667739,0.7006825158,-0.5454871657,0.3307980428,-0.7178284455,-0.7824067976,-1.364949228,0.06102013114,-0.639263154
0.2152005947,0.1344652922,0.04113673494,0.1423063368,-0.02951418167,-0.1259076407,-0.2077147791,-0.08697916285,0.78548231,-0.2093849862,0.3686830416,-0.4410686901,1.112071495,1.315591568,-0.3444531306,-0.6936352466,-2.651619185,-0.8530340595,0.8449435831,-0.04696943145
-0.4277275394,-0.1400852069,0.5050539555,0.3379797874,-0.5575950445,-0.08276223573,0.1008798158,-0.3221134393,0.02443498386,0.3784367633,-0.156039595,-0.9011197987,0.4170714133,-0.6221102545,0.4472665824,0.3755163877,-0.8338196692,-0.001103093824,0.9828583184,0.4327977791
-0.0148283909,0.2476356865,0.02988348318,0.159054214,-0.410832952,-0.1926926935,-0.3276574322,-0.2947708109,-0.06293725098,0.2745862954,0.07709005718,-0.4880021221,-0.8126944753,-0.3663128138,0.5612685801,0.450723986,-0.09549553274,0.1257116472,0.6618051743,-0.1339731345
0.6179061953,0.04451657771,-0.5314179261,0.01932630376,-0.6893865779,0.6614880881,-0.4120103384,-0.9940142714,-0.1403076621,0.4799095414,-0.7454175596,0.5614514052,-0.3988209002,-1.789420072,-0.6107382796,0.1186381646,-3.820863047,0.003409023762,0.7157567883,1.32144908
-0.6368889602,0.1658205784,0.02516700009,0.6659262482,0.08539198329,-0.1716579073,-0.7304368245,0.3258933978,0.09335638071,0.04548746275,-0.630726912,1.291298553,0.2745056605,-1.287234431,-0.01285389019,-0.5708965006,-2.762633028,1.298827705,0.2351746351,1.565721232
-0.6964595289,-0.1007849697,-0.5337338655,0.3798427136,-0.2505193809,-0.7858341572,-0.1804628372,-0.5882738324,0.0508083843,0.6737640295,-0.2437903469,-0.2878524536,-0.02944646657,-1.601320025,0.6527137473,-0.5167643379,-3.186245723,-0.8300207233,0.2531453231,-0.4696559016
0.583323712,0.6301389358,0.08584038588,-1.419428723,-0.06159605455,0.4119828614,-0.8657095591,0.1706306148,0.8763533071,0.1260972626,0.1780920267,-0.9780111752,1.034656227,0.1574765697,-0.03328543618,-1.534832045,-0.288685592,-0.1425165895,-0.4229007124,-1.447939368
0.1171264993,-0.2032486474,-0.2196605949,0.1905135942,-0.4606821145,-0.3521123109,0.3843611136,-0.2889749084,-0.06718590163,0.5165876785,0.06077576326,0.4826253833,-0.2520748545,-0.4747328461,-0.5017082815,0.01814340388,-0.3493732257,-0.1586135704,0.2201741795,-0.01835630089
-0.5446578008,0.1237393938,-0.05291685517,0.8446098111,-0.2960602619,0.4938398041,-0.2766758933,-0.6433910903,0.1492428359,0.4026806342,-0.559800948,-1.138796229,0.1708990191,-1.353229772,0.6111943663,-0.8679769629,-2.0666659,-1.183851578,-0.1500695271,-0.8866035155
-0.1116698259,0.2618279965,0.3237614618,-0.06379562396,-0.3119256442,-0.3292405686,-0.8553460612,-0.5250254313,0.9392899824,-0.03197290917,-1.202525441,-0.6262247889,1.359424483,-1.553898785,-0.2401160867,-0.867571638,-3.328769926,-0.2087080176,-0.5237776323,-1.296890355
0.2722650066,-0.3418753241,-0.6875240299,-0.3080812794,-0.2149687179,0.04485147881,0.7770822926,0.004685880108,0.1532399465,0.8907619136,0.7135293079,0.3347012477,-0.2530999166,-0.5617137935,0.9069132254,-0.2076646429,0.3326573146,0.3045454528,-0.2253211403,0.6365535748
-0.4044709391,-0.02776903994,0.1269453034,-0.2611392612,0.5206634993,-0.6647928346,-0.1273188284,1.056783834,0.09323475945,0.03242700463,0.6342489619,0.112810612,-0.07091134067,0.3098487318,1.355618909,-0.3720055196,0.009890206033,0.3105601407,0.4365923516,0.9630383115
-0.07847021153,0.04642702922,0.4579583558,-0.4449257055,-0.2207136592,-0.5529182214,-0.4115373186,-0.4584671904,0.7038018927,0.6606526173,0.120241804,-0.9844211656,0.791307142,-0.4223199152,0.6224191646,-0.3835567634,-0.5648290927,0.2736492052,-0.3571136388,-1.754585222
0.5742756915,0.1820189626,0.3669138337,-0.3139368532,-0.3525229792,0.6913588243,-0.4267125232,0.7165586795,0.2583015746,0.1612825272,-0.4204498618,-0.8524946802,0.01356826443,-1.442173087,0.6035494538,-0.1197277497,-2.893034101,-0.1500509017,0.2993986481,-0.4150610188
0.20505562,-0.2891652038,0.1677592782,-0.1809461,-0.1518766064,0.01213141773,0.2222397593,-0.4675804673,0.1201946154,0.01363945745,-0.2662179596,-0.1232336675,0.8950365091,-0.7873551553,-0.6270964939,-0.5722596265,-1.137647394,0.154706054,0.8494303302,1.076234577
0.303127598,-0.3374797477,0.0821537466,0.5154566878,0.497926746,0.3095213627,0.5982616491,0.37333213,-0.4392472344,-0.2134010797,0.8400396135,0.4248008559,-0.8785337709,1.118786377,0.216497954,0.7514714598,-0.6443954795,0.2831890896,1.190619609,1.08439472
0.04584746033,0.2572903327,0.2853949166,-0.4403431327,0.1018031157,0.09495359861,-0.03505474864,-0.07148569222,0.7540404579,0.1593247418,0.6562544499,-0.7378257383,1.607484342,0.638662756,0.3449025363,-1.001108201,-0.9117542561,-0.9063769545,0.1466642661,-0.5720565984
-0.3262407228,0.07496160298,0.1426502304,0.391558115,-0.01113191855,-0.6562859153,-0.0862903285,-0.3398050816,-0.03119164054,0.2708902881,-0.6615523474,-0.5214302808,-0.2498776257,-1.029948852,0.3153331494,0.4945817501,-0.85481542,-0.1600439689,1.239929402,0.5638535321
0.8396920139,-0.301123658,0.3712772236,-0.7266840168,-0.816851543,0.7722685269,0.4143209251,-0.5893261056,0.1438839979,-0.201034391,-0.2266670294,-0.27352508,-0.1673437804,0.3819436219,-0.5729909668,0.11084145,-0.3910300802,0.2303480784,0.348595955,0.2179844458
0.5818297145,0.549418637,0.2168205414,-0.7165303569,0.2982963782,0.4507458075,-0.6551017835,0.6572552545,0.1571524408,0.2726515447,-0.06143265771,0.2592075404,-0.2899160597,0.1491219775,1.012731075,-0.5251432598,-0.3295053387,-0.08491614014,-0.1868971415,0.1955617905
0.03521962332,0.2161477768,-0.5601319924,-0.5149754306,-0.5833650319,0.135430478,-0.1470368924,-0.8761162204,0.4452385913,0.1583169366,0.01540156049,0.3861491712,0.3133807941,-0.3674269871,-0.6110200843,-0.2649738745,-0.1895328556,0.7443263646,0.0617323665,-0.09130262829
-0.1335062264,-0.0362008089,0.07328280668,0.25816648,-0.3019288541,0.9070219492,0.414600512,0.3882697408,0.1125105668,-0.1124644795,0.3532160125,0.4895763747,-0.2467319947,0.7981739361,0.1881341336,-0.009018125461,-0.3981061661,0.1599165851,-0.1769346289,0.06842706199
0.2351169754,-0.3545674054,0.3255221012,-0.1281367612,-0.5247810673,-0.2942141706,0.3393605362,-0.4722338716,0.01097296532,-0.04703264209,0.4164971292,0.4377968634,-0.2705878155,0.1356336393,-0.5949212013,-0.2125566571,0.5171990892,0.3939270358,-0.1118471839,0.4215969471
0.2410861464,0.6074801265,0.5936717546,-1.043353744,0.2722640367,-0.1318810023,-1.042532654,0.3678040667,1.32255426,0.5214756861,-0.0539393401,0.838185365,0.9673967772,-1.009187153,1.447992452,-1.103256238,-1.610714415,0.2099626784,0.1776850536,0.5183527036
-0.220053686,0.6209764656,0.1840851719,-0.4358109459,0.1590727313,-0.257608003,-1.349201113,-0.3534047513,0.6931051671,-0.4716015823,-1.407202952,0.2482191287,0.8454756704,-1.034088438,-0.3481955667,-0.6238133544,-0.9862521687,-0.04110244479,0.07284906253,0.1435003085
0.2680869633,0.1927712047,0.2304377487,-0.3961676892,0.1661664523,0.2218281232,0.006955924475,0.06672325905,0.2775017358,-0.2411765642,0.3581270728,0.4761600345,0.5281907629,0.8901605594,-0.09155061126,-0.524592892,-0.7382513963,0.2410009209,0.2474435594,1.053963017
0.2919351731,-0.2647379595,0.07682488394,-0.9392496599,-0.3832984874,0.3666929365,0.3905204157,-1.241835111,-0.3971523873,0.3051220605,0.1534087431,-0.1929307129,-0.909482586,0.02867107588,-0.5049715116,0.2934880997,0.3480920227,0.4192896519,-0.08103334437,-0.6003313013
-0.02712542091,0.1904018812,0.5223532478,-0.2585955554,-0.816434096,0.3536823373,-0.08700246007,0.01724669534,-0.1013649745,0.7047915779,0.5511827306,0.09862234523,-0.5477146269,-0.2017698646,0.5032663688,-0.1626783711,0.1726243246,-0.1343508663,-0.2908089374,0.0583894492
0.228076035,-0.4388183005,-0.2007857001,-0.01835928055,-0.5044645313,0.3209661762,-0.08089696717,-0.652480366,-0.3519033624,-0.09050263871,-0.006295016536,0.1862130038,-0.1427726348,0.2560796075,-0.4833526327,-0.251761417,-0.01318506327,0.6192345027,-0.3833426175,-0.1373539629
-0.04870895819,0.4338104016,-0.4891237478,-0.355638643,0.573642984,-0.2224357457,0.1128680594,-0.4784559063,0.4262529262,0.02993714827,0.05877367304,0.9962763957,0.7245864161,-0.3248834874,-0.0998856347,-0.6498562353,-0.5675985325,1.251760241,0.2156474819,1.440225613
-0.008903317804,-0.5071953255,0.4429103645,0.07453164211,-0.3873339978,-0.3700069872,1.023121505,-0.4824283163,-0.2516224829,0.3059803709,0.7883952431,-0.1287145347,0.1140205145,0.2310177266,-0.2455321544,0.501093912,0.09086609451,-0.01502923016,-0.009707995104,-0.2301403111
-0.007741476033,0.168536629,0.1639440575,-0.5903023942,-0.3747824226,0.1777889386,-0.07451714855,-0.6673065005,0.4137986788,0.2364308089,-0.4875636704,1.21886245,0.688793051,-0.4671400293,-0.3425876295,-0.3113824733,-0.6380085209,0.7096791739,0.4538156447,1.313471707
0.1995579674,0.4672365444,-0.8386884711,-0.5592813284,0.8374871004,-0.1240414148,-0.2325450961,0.07458418179,0.03934741039,0.7696844941,-0.8889989275,-0.4275067814,-0.08083810006,-2.116978005,0.8867076567,0.1674499257,-5.484997975,-1.107428082,0.9920420676,0.7303962097
0.3484586254,-0.1635283169,-0.4075466595,-0.08799042066,-0.6446986991,0.3398254755,0.03165241267,-0.4081782107,0.9700795203,0.4217743508,0.3641256839,-0.6299668433,1.192537485,-0.7912369098,0.1074303476,-1.357408048,-1.608623218,0.4339828129,-0.1220649028,-0.584960026
0.2131384634,0.3326195034,-0.3831051107,-0.6328856516,-0.04233037569,0.07642671736,-0.2054412687,-0.149375469,1.180593782,0.4254354044,-0.1469066983,0.2466546496,1.284701133,-0.250942117,0.4082364428,-1.35043773,-1.822715664,0.3478708218,-0.3906086671,-0.4581024163
-0.05792102051,-0.1831902718,0.02406913822,0.4534884928,0.260825698,0.1622450615,-0.006368775826,0.6324081681,-0.2906427393,0.180647336,0.1001178961,0.6015056669,0.2967548354,-0.5909193599,-0.006115706295,0.265528204,-0.752583985,0.53772344,0.7373845305,1.135510682
0.3241504331,-0.1738066054,-0.1541971953,-0.01116311409,-0.5238709365,0.3626864037,0.371194293,0.2153201206,-0.2416712737,-0.03990589704,0.2757208664,-0.4768576099,-0.6771584446,0.3377900108,0.2760745088,0.002012047894,-0.2974932265,0.4147059497,0.8476056485,0.387020914
0.131211198,-0.5128132615,-0.7709328956,0.6316588796,-0.7873935375,0.06594219138,-0.02363508787,-0.872775469,-0.2970740318,0.7001809864,-0.2225789987,0.2227566221,-0.9720951184,-1.052298399,0.243545159,0.9112122718,-0.9126488225,0.6668512282,1.494341367,2.408464816
-0.3987979468,0.2655418258,-0.1616807967,-0.262822877,-0.1060980767,0.1617786219,0.1484498613,-0.09909869008,0.02732772526,0.01514150384,0.02772894094,-0.3962413599,-0.3232642162,-0.0642018383,-0.3209848433,0.2658999994,-0.1915823197,-0.3817228054,0.3797598892,-0.6698437491
-0.6165944961,0.1636131531,-0.3445685475,0.3548791023,0.5743852659,-0.2179598995,-0.1410356571,0.04641230528,0.247542851,0.6677352638,-0.673422493,1.567394846,0.3579592897,-1.358026273,0.1290949076,-0.6394465145,-2.644239805,1.177986045,0.1616153253,1.717510759
0.2610318202,0.2465211896,-0.2341057601,0.1341268403,-0.01648233982,0.2956162176,-0.3689219049,-0.06419170452,-0.09046068077,0.2070924519,-0.0958369914,0.2405446559,-0.007099855296,-0.3335403698,0.01240612662,-0.2269721481,-0.1238654427,0.9520853344,0.07188906948,-0.09553757498
0.3061110711,-0.2576298764,0.05590968833,-0.222030475,-0.1493242133,-0.330122368,0.6453343898,0.6222283583,-0.2682872951,0.2291519566,0.6643402867,-1.430644246,0.09089505138,0.5936645042,0.4014460722,-0.02266030088,-0.4336708795,-0.3440321415,0.3157821168,-0.6074955939
0.006083598998,0.4858053039,-0.1679752386,-0.6188806849,-0.08702755463,0.2196535302,-0.4383484955,0.2830863774,0.7213399235,-0.05857956076,-0.3220219696,0.08660540747,1.251039382,-0.7968240607,-0.5734771634,-0.1737826065,-1.055660611,0.1017271501,0.6143351661,1.1849571
-0.0742754721,-0.7927063739,-0.2489246535,0.8710214761,0.5294258133,-0.4745370489,1.460672379,0.09941397709,-0.1479995375,0.2410989947,0.9476340793,0.1640640529,0.1570231336,1.012693842,0.1912849128,-0.130225837,-1.159760489,-0.851798838,0.5282881211,0.1722275418
-0.453324957,-0.3181162788,-0.3893713446,0.8383070077,-0.03495338728,-0.2520850693,0.3626151517,0.2339286988,-0.9565415458,0.1271209054,-0.1729334009,0.3611379641,-1.340833494,-0.4189105597,-0.09681092477,1.186717116,0.2283673026,0.1079593147,0.2656737679,0.4707646688
0.2152241952,-0.2432556836,0.1677846297,0.1748624415,0.2433715189,0.3467849846,0.630499277,0.9495170182,0.02774970276,0.4027358441,0.2462222081,0.8451094808,0.0764880059,-0.6940866481,1.064934271,0.3684153775,0.106656867,1.432695519,-0.4068245823,1.083346863
0.2315740323,0.4498633856,0.05679207599,-0.5643722205,-0.2647652995,0.002126782164,-0.6902480708,-0.2454740426,0.3683788753,-0.008276358902,-0.7527607146,-0.05416162625,-0.08966118339,-0.9744440467,-0.6352536906,-0.08196829793,-0.9444037531,-0.02645629623,0.4147267026,0.2570657863
0.01227384764,0.0650392482,0.432220671,-0.4430603954,0.2181491193,0.2074241664,0.2830279031,0.04252946537,0.3943129291,-0.1113296558,-0.1157988087,-1.153769689,-0.01434426106,-0.4491002233,0.1030679507,-0.420366166,-0.6412615459,-0.2115508314,0.4837600917,-0.824662427
0.4206692,0.1238083385,0.1984587537,-0.2935036416,-0.7679520553,-0.1956338666,-0.6397228371,-0.9061291874,-0.2158664297,0.9593080516,-0.8425313998,-1.721879361,-0.6734001445,-2.10957677,0.3143799826,0.5560755008,-4.954203751,-0.7880550138,0.8439980792,-1.099970666
0.5413418883,0.03480216404,-0.1367413617,-0.5707938525,0.1387799271,0.2362455137,-0.3807125939,-0.6006825994,0.7279178915,0.4967253854,-0.02722433573,-0.8833541881,0.8775927671,-0.8289527137,0.2391604692,-0.668885808,-1.26432032,-0.5121917006,1.190538045,0.4797005822
0.07515488516,0.3315978685,-0.4860514684,-0.4732399841,-0.3799625719,-0.09559605659,-0.9518965572,-0.6863972537,0.4596407493,0.1033468771,-0.9198049372,0.2612066554,0.9129703225,-1.301834735,-0.127176317,-0.3274313579,-2.244105169,0.3350280052,0.5794661002,2.039559141
-0.2759797485,-0.6647089698,0.3408762403,0.8492907534,0.3680272573,-0.3697681764,0.3531562742,0.4565339977,-0.3630656484,-0.1143621991,0.8094534652,-0.1189798233,-0.4630882763,0.8918097244,0.9371135052,0.002112272334,-0.9069730914,0.7160132589,0.1331889296,0.2522719216
1.082882997,0.2265306116,-0.1391677112,-1.524639167,-0.05827085465,0.6488245186,-0.2887252268,-0.6097888976,0.7540139865,-0.4259817854,-0.3006185552,-0.6621025574,0.7521110097,0.3301645333,-0.9846661207,-0.9208615591,-0.8726693329,-0.5926146875,0.09661091238,-0.4646512923
0.2912666323,0.1239611414,0.2955905742,-0.6677738522,0.03738408564,0.2911486057,-0.3582429255,0.381903199,0.5430605883,0.35752039,-0.4711019873,0.9513946374,0.8609878176,-1.331227399,0.4404854059,-0.6946965614,-2.781310763,1.299919219,0.3413161657,1.044520589
-0.2070239221,-0.122747487,0.1052950855,-0.1290036766,0.1417091045,-0.1400133077,0.1862732732,-0.1362833009,0.05059105361,0.5227281188,0.3233838845,0.2398278155,0.3148514494,-0.111306576,0.6892555248,0.4683295502,-0.261252222,0.06664396326,0.3769512944,0.3250963517
0.3495915309,0.02208892687,0.6361650923,-0.7881910073,0.04864925399,-0.03998276264,-0.5759596089,0.5272923205,0.2441693861,0.4943029439,-0.7083516747,-0.2881615936,0.4029417768,-1.338895497,0.4521090339,-0.8714401407,-2.091929944,0.06179366547,0.1166233434,-0.2017647739
0.1222967218,-0.2255316595,0.1482560072,0.1144846054,-0.3891519803,-0.9552006756,0.6540958478,0.07805047169,-0.1636207329,0.06944905834,0.08306625592,0.04786598935,-0.4212728377,-0.1000566122,0.2913392538,-0.35722845,0.2058227356,-0.4363070765,-0.5309200069,-0.2033918675
-0.3381070011,0.5503367979,0.0984238087,0.3911867779,-0.09817582893,-0.185664006,-1.383169377,-0.2462503229,-0.2384979096,0.1568883944,-0.7215613866,0.3659510798,-0.4975399973,-1.629402136,-0.1051882621,0.2949911516,-2.783141952,0.1007072515,0.3906658767,0.1794585883
0.01431879362,-0.6177725721,0.1426204358,0.1318331202,0.4158851329,-0.1775022742,1.083729744,-0.1118796996,-0.4636017273,0.3389002288,0.8602221277,0.2738319289,-0.05983287003,1.425580141,0.3707733277,0.938823096,-2.738621348,0.5681454229,1.475746929,1.223214632
0.09776736439,0.3213484582,-0.06922549,-0.5675931612,0.1653717408,-0.2990887076,-0.2865377983,0.0174803817,0.40993216,0.5077626388,-0.3598512736,-0.1578499932,0.3701066065,-0.3365157245,1.121697156,-0.7242499249,-1.002434027,-0.8267651237,0.03645968321,-0.1232260445
-0.2386694469,-0.3808852901,-0.0596033213,0.8628631339,-0.3680535018,-0.1692877289,0.05416026824,-0.3608189685,-1.128277215,0.7532493609,0.2764512525,-0.1681942729,-1.768644263,-0.8754143624,0.7335483974,1.135140182,-0.5057321517,-0.4511826739,1.114923075,0.8009074148
0.4555048166,-0.1623100395,0.08624283873,0.1021516664,0.01464861036,0.6120548466,0.3673771515,0.2275984626,0.2405368763,-0.001557255498,-0.06735718462,-1.016583387,0.4325048416,0.5697351689,0.6730785949,-0.02094819187,-0.8707196471,-0.6878900288,0.5960388485,-0.9005995235
0.8338777726,0.2822422306,0.04421458358,-0.8653672812,-0.2676442498,0.5647537125,-0.9120508507,-0.2548710949,0.3382869533,0.3075793855,-1.485577533,0.07690587751,0.1230280643,-2.316416125,-0.630664454,-0.9823437443,-6.205519526,-0.2051993377,0.2256181198,-0.3460101401
0.7344453394,-0.02366451726,0.0282708143,0.1213246694,-0.5895888136,0.01611313632,-0.04306477767,-0.3182766055,-0.3510566281,0.4798453064,0.3483849946,0.9449752508,-0.9649112318,0.4724374084,0.1242110992,0.8221127209,0.1924995237,1.764622913,0.6766272722,1.649367843
-0.2727566547,-0.3875313683,0.4742410522,0.8429777114,-0.3872596423,-0.2841482822,0.3990829294,-0.4910577136,-0.6024556593,0.4309423406,0.908709706,-0.09483691924,-0.7057754756,0.4521726946,-0.2162352996,0.8531743637,0.2650854741,0.1432749854,-0.1144127497,0.09411452689
-0.1625224412,0.1520494651,0.1457627627,-0.2787539578,0.1334972576,-0.5809850736,-0.7528543028,0.5456781046,0.6323835728,0.2733182652,-0.800888484,-0.1852734752,1.219867313,-1.451103693,0.5422830177,-1.056187107,-3.615374842,-0.0515115334,0.1612648016,0.04439237774
-0.3073156493,0.1432267806,0.0436763193,0.01403194738,-0.07551631015,0.2912413411,-0.4468895667,0.4433423447,0.5661427019,0.1281781963,-0.9756958853,1.612451354,0.793419022,-1.029733175,0.6991911085,-0.6306646044,-1.657829953,1.267133654,0.8660651684,2.490341825
0.2062795204,0.08573168273,-0.2505495716,-0.2767991374,0.07915807927,0.4889954452,-0.2457183183,0.5697283534,0.455374027,0.02499647106,-0.1773666216,0.23086254,0.7766199584,-0.4393428093,0.5043747523,-0.3894018141,-0.6110294208,-0.06315645606,-0.08565898924,0.4479484257
-0.2883935572,1.267181558,0.4402743258,-0.6206844571,-0.5307218726,-0.10832256,-1.413786106,-0.5442789756,0.4574505757,-0.2018664253,-1.547039659,-0.9472495418,0.6530831734,-1.472175658,-0.5588240412,-0.9048552855,-3.145926591,-0.5712841853,0.6501520838,-0.1859950441
0.05347020908,0.1146662932,-0.189444521,-0.2104576011,0.6221871756,0.0308014704,0.2421476101,-0.1562373909,0.3178069423,-0.1546712097,0.3122070571,-0.4657564192,0.02806360904,0.3458657602,0.1025546891,-0.2987489469,-0.2348526766,-0.808761846,-0.5135692375,-0.4817687553
-0.2918861263,-0.1867695243,0.5335591173,0.2438686365,0.736621345,0.1963336312,0.1145558814,0.6945423028,0.02771690427,0.9157977365,-0.4250076778,0.1108249265,0.2774032635,-1.977960084,1.155279501,-0.5637422074,-5.172544307,-0.4487343267,0.8621578859,1.115327116
-0.07604949688,0.00215331889,0.357883004,0.008019406379,0.9620724002,0.1078224574,-0.2732844003,1.79468911,0.2594078823,-0.2505314349,0.007274878001,-0.6145923227,0.2800358841,0.296584049,0.5252044223,0.3822004227,-0.124631818,-0.6190053703,0.3657375035,-0.5298255089
-0.1723632053,-0.7040084712,-0.2638830918,0.8699047905,0.1651290627,0.3978112763,0.7310519412,0.1471807658,-0.5682930686,-0.08779813426,0.6764570976,1.180297559,-0.850063641,0.3917689849,0.1196654151,0.4802280686,0.02122261769,0.7491686186,0.3755120041,0.8696442421
0.4770559402,-0.05525603357,0.2564779414,-0.4894504926,-0.2211910388,0.4250011087,0.297441535,-0.06686166417,-0.06699175753,-0.3112468592,0.4018970272,-0.5119858589,0.3779290559,0.8094726718,-0.2930296379,-0.9006256369,-1.421904222,0.02808173016,0.1875888159,0.06942876937
-0.0936976226,-0.3485905004,0.3583672347,0.006225550787,-0.2007971294,-0.08810971002,0.3837330847,-0.7137868219,0.6159525859,0.7506500177,1.014320589,-0.2268349275,0.9050362215,0.1788856948,-0.1070101937,-0.3395437538,-0.9903875326,0.5552552368,0.603348621,0.456580382
-0.3044816061,-0.1367005066,0.2876097574,0.5782702938,0.4106028167,0.3688497808,0.3262235028,0.2940776441,-0.4749258364,0.1825604331,0.468560205,0.8885982512,-0.791485734,1.213179071,0.2331396613,0.9733712507,-0.6341190869,0.7294435581,1.300069612,2.381585756
-0.6283586374,-0.4021401988,-0.3393341557,1.020644631,-0.3144787651,-0.08025528844,0.8904566599,-1.104214684,-0.2886311791,0.3557684968,1.216590714,-0.3685192459,0.1931796476,1.153013713,0.4231204039,0.7584453063,-1.383500024,0.2876981152,0.9336422734,0.533305006
0.2087399465,-0.003089362158,-0.2802373763,-0.2724960119,0.01837504063,0.2327783777,0.1236953171,0.02837382319,0.1779006129,-0.4005391654,-0.2459058728,1.467525047,0.2212848568,0.8503109269,-0.2750906948,-0.4495353303,-0.6956458906,1.227777348,0.01863555957,1.889159916
-0.1329299628,-0.2402099697,-0.3243330735,0.3433571229,0.2505803972,-0.3552942181,0.4256655382,-0.2280324825,0.1441435276,0.5870533363,0.3679427967,0.479950463,0.1586224229,0.1629608849,0.1065813738,0.09704056716,0.8831757912,-0.04125248584,-0.5847421565,0.304821492
0.2330707038,-0.1259743399,0.0625933812,-0.2002694449,0.6815563142,0.4014177193,0.04306896092,0.5219827319,0.03499198964,-0.2717123391,-0.05376255905,-0.4267582851,0.2047543263,0.5543606896,0.2975384859,0.1645774109,-1.051120705,-0.6963331794,0.2761206507,0.8387775565
-0.01804579967,-0.1979203865,0.7268350341,0.9293282254,0.1728709481,0.09924628027,0.2505077048,0.2101012774,-0.8060370882,0.5333179633,0.1956516413,0.4240006882,-1.240481281,-0.05893911672,0.9958628481,1.507363265,0.6697994682,0.5776011825,0.2150181914,0.3047736032
-0.0003803549692,0.2739442763,0.2851164042,-0.2756042968,-0.4797290415,0.328000863,0.1509452418,-0.562532655,0.3662719704,0.0831687403,0.03683180596,-0.1925057565,0.3853469302,0.2203107936,-0.06266935865,-0.2996510822,0.199766305,0.08233739005,-0.4042740535,-1.04522215
0.005804310855,0.2986339523,0.1288157613,-0.6920766969,0.3263671099,0.05111095281,-0.2166943363,0.3152515395,-0.3999690156,-0.7970723339,-0.4344379997,0.4375015766,-0.8262536056,0.7117484979,-0.446558302,0.1566424368,-0.3723737062,0.4400348116,0.1402724666,0.9865190381
-0.3089334995,-0.02774590412,-0.4220053557,0.1916172015,-0.3716362506,-0.2948622023,-0.2371391715,-0.6916377912,-0.03420357074,1.043854925,-0.5840997847,-1.321593977,0.1042409522,-1.350845064,0.2204910932,-0.2088022066,-2.056926485,-0.9813224267,0.3804343159,-1.324475405
-0.2819282946,0.185071711,-0.3604009992,-0.467177444,0.2584439822,0.005185547508,0.2136359496,-0.06025329238,0.6727802976,0.4113768948,0.9247566443,0.7934149664,0.6064634101,0.9988684972,0.9954441153,-0.9349785124,-1.311295663,-0.2578770137,0.4840568518,1.27622372
0.373662564,-0.1495050843,-0.1266669095,-0.3706034664,0.3607005666,0.181548025,0.9639100117,0.8984468908,-0.01779795189,-0.4461555052,1.220025987,0.282002737,0.2442754761,1.997718675,0.1614648714,-0.05602183962,-5.038813631,0.4504406868,0.7643726964,0.9769164516
-0.264758999,-0.1807060141,0.3285570752,0.1177008384,-0.1656756604,-0.2614974294,0.7072570135,-0.02435853631,0.03018545212,0.2451234505,0.2152340112,0.2049556473,0.1196086098,0.08910300429,-0.7674137388,0.03096019403,-0.353334653,0.2149352672,0.4633775511,1.13210553
0.3452342531,-0.05312343642,0.2948661971,-0.1874931913,-0.3429674225,-0.3118591286,0.09195321092,0.2737512472,-0.2356567376,-0.1781726918,0.0245372689,0.4131622086,-0.3400765193,0.1656408282,0.6654606092,0.8399805944,0.07102256425,-0.1604719665,0.3791052244,1.305683193
0.4595152024,0.1529458413,0.5147274273,-0.5325970274,-0.1697451278,0.02171498898,-0.4601011669,0.4547156828,0.1742890458,0.1085950685,-0.09094969182,0.1491181714,-0.4528317992,-0.07430285899,1.045370678,-0.3353982242,0.3224280904,-0.01144268843,-0.5502873834,-0.328336052
0.027161471,0.1942274423,0.4634169476,-0.10530156,-0.3461144209,0.4790093214,-0.3434580905,-0.4733495052,-0.08251381735,0.2951131505,-0.3300525197,1.234724275,-0.09235035035,-1.266164317,-0.2235938959,-0.1758534385,-1.449801496,0.7092463816,0.4641881289,1.524756935
0.0004304261982,-0.2736895728,0.211031539,-0.05376071779,0.1043041397,-0.1860255055,0.4941775206,0.5565830862,0.03695996273,-0.1327966148,0.978811503,1.08709375,-0.7436147433,1.550854373,0.3331066842,-0.02893523674,-2.787119148,0.7543258507,0.1845361979,1.114472295
-0.223612987,-0.5402457258,0.4593827984,0.3308700668,0.005687762595,0.1102879766,0.7790871277,-0.07347901119,-0.529858786,-0.08375843716,0.3483621222,-0.8439708633,-0.8258784652,0.3369125321,0.1890525422,0.4882629026,0.2520136517,0.2212799005,0.09538024962,-0.8641272115
-0.04742412627,0.5796795211,0.15048284,-0.4277041265,-0.340747481,0.2153569027,-0.6212879363,-0.335623498,-0.2858468779,0.2065814155,-0.3468401153,0.4105088109,0.03856975218,-1.153369297,-0.2395251832,0.6258038027,-1.588566629,0.5883315899,1.528057264,2.156817436
0.4034180344,0.3141771515,0.4092696196,-0.536633223,0.02504860939,0.2324279203,-0.6527444168,0.132080079,0.2377509207,0.0649066572,-0.6737785201,-1.067740336,-0.01289275981,-1.10729415,-0.2716616282,0.0722389038,-1.640792001,-0.7453048851,0.8801573083,-0.2210919902
0.4925282083,-0.09838614683,-0.2237405946,-0.2164629383,-0.08397973315,0.4547277723,-0.1143007355,-0.6537726306,0.1458063002,0.03990636615,0.2552610075,-0.4745345281,-0.04393685829,-0.1947051513,-0.07342471628,-0.5143010022,-0.5276356976,-0.2237129326,-0.1398436168,-0.009151263815
0.09262690776,-0.5188693488,-0.08183421303,0.8539323845,-0.2894528475,-0.07031819386,1.13759309,-0.05044949876,-0.2298886414,-0.9266566342,0.6797606869,-0.7330813012,-0.552314623,2.164373382,-0.6054809456,0.4458833898,-5.166305627,-1.240069599,1.116338563,0.4054935724
0.875413275,-0.5890206203,-0.03980012452,-0.01782696974,-0.7115051078,0.6610955921,0.7734296408,-0.7697903404,0.2156999577,-0.1812967085,0.3625363058,0.01546437065,-0.4067609426,0.3912171353,-0.905335679,-0.4044341873,-0.1586527645,-0.1176476756,-0.4955645165,-0.8339029204
-0.2009364934,0.3054751468,0.4223896066,0.2587705158,0.1370149347,-0.3742164154,-0.6850935663,0.6368011305,0.05223045743,-0.5993878585,-0.5495923743,0.6938304979,0.05357492355,-0.4098118918,-0.2676745578,0.001248275864,-0.653959505,0.6276841099,0.6932936891,1.615926143
-0.001870933659,0.1399296678,-0.08534605493,0.1125695177,0.4253006779,0.6643117059,-0.3289476674,0.08400664539,0.08711337048,0.01909941337,-0.5199745354,0.8962374439,0.4198866836,-1.11214873,0.4209110396,-0.3857923871,-1.229916383,0.8171218624,0.2897977988,0.7445825255
0.1342194355,0.1923095545,-0.02510350907,-0.3668104731,-0.08900046797,-0.1007306728,0.2239658469,-0.8000934961,0.2110027298,-0.2944073891,-0.3807971842,-0.08829697332,-0.1384430486,-0.5084174414,-1.590716577,-0.7054659509,-0.4452929281,1.041338308,0.02255554813,-0.8437223812
0.5062998839,-0.09355312549,-0.6434633466,0.06988422595,0.2503791091,0.3140065475,0.1121939105,0.001530281461,-0.2591297039,1.026842743,0.2640565832,1.291562658,0.3941669199,-1.183432064,0.4888237144,0.4493367651,-2.161204308,1.047714718,0.9051205236,2.26478992
0.3386159476,-0.0008944760725,-0.05502196982,-0.07018292959,-0.7353338223,0.4928709865,-0.3736706854,-1.077905466,-0.2827478276,0.325750185,-1.190968323,-1.022977549,-0.710402737,-1.628236406,-0.4120648947,-0.3024688838,-2.497619251,0.08525317404,1.033641992,0.2222099954
0.03091865929,0.1324944626,0.6638617062,-0.6885452922,0.3785227234,0.1485617937,0.6540539565,1.03837284,0.3031208362,0.878165014,-0.2281010085,-0.04483615187,-0.155345298,-0.9149809797,1.1502123,-0.7213813077,-1.102280936,-0.2766841667,0.5286070907,0.8869387653
0.1130294422,-0.224952734,-0.4858258628,-0.1469098381,0.4488965599,0.02456446997,0.2146079111,0.5653691643,-0.274857123,0.5408806542,0.5938369274,0.378153645,-0.4530276741,-0.03510152139,0.6026422813,0.5308496949,-0.05869276817,-0.05533182315,0.1910816544,0.9748206952
-0.08896837708,-0.2132235415,-0.03403569236,0.421911894,-0.1777559509,0.09218276223,0.3228473792,-0.401760658,-0.4193029079,-0.165787055,0.5776918523,0.003373244277,-1.091211524,-0.03831740269,-0.8983241577,0.6272706969,0.3690935982,0.6001750124,0.1533003634,0.4487991869
-0.2986926372,0.01745365036,-0.164687773,0.06804791996,0.04566365345,-0.2379577989,0.111626675,-0.1037125798,0.3990939978,0.5875806203,0.2411309629,0.02950680756,0.310271057,-0.2358666175,-0.3417884817,-0.6836393192,0.2150173217,0.5282488934,-0.779808092,-0.3020102948
-0.2240726906,-0.1520375965,0.4496954837,0.08232259795,0.07464364553,-0.3127502364,0.3592755693,-0.01675783022,-0.5021375636,0.6877011856,-0.1363727283,-0.5337323239,-0.6706389968,-0.8508218843,0.3417147888,0.9336505905,-0.2104731918,-0.1854023264,1.101213765,0.2334375276
0.3039465706,-0.005666407803,0.3699381592,-0.433764664,0.1196481825,0.1924386873,-0.4665163072,0.2147403794,0.2481941393,0.5850248975,-0.4740090901,-0.0864695992,-0.1251136116,-1.307490601,0.5515125988,-0.1578887543,-1.856356853,-0.3916006693,0.7857007688,0.2841948695
-0.3252671517,-0.4002379718,0.3954578225,1.182588963,0.6215256654,0.4509555814,0.174378618,0.7397794055,-0.5430281844,0.3078575327,0.1097236677,0.005111009581,-0.9839646909,-0.2280679383,1.304883487,0.218488016,0.9569180473,-1.10748975,-1.244943161,-1.462113789
0.4524869886,0.6026990263,-0.1784151895,-1.352319259,-0.08574348431,0.8062486368,-0.8630009436,-0.6076605789,0.1411952428,-0.253999787,-0.3915225925,-0.500042104,-0.09527498658,0.2053372886,0.09629410119,-0.2685792577,-0.1251336251,-0.1957402125,-1.015207097,-1.328000956
0.4347864172,-0.1890453543,0.0105092569,-0.1433530183,-0.1159681866,0.4591860029,0.5197826254,-0.2383315929,-0.3049749956,0.4886935267,0.7544088071,1.241590108,-0.6908444144,0.1065613002,0.386853712,1.003052098,-0.6612173185,0.1316886653,1.000994184,1.86540783
0.02689229379,0.2202970705,-0.09572249136,0.02449064527,0.7472013322,0.8316175989,-0.2340007697,0.450910285,-0.09175674995,0.1900538864,-0.4993920135,0.4096523086,-0.5104037194,-0.5224490902,0.448652171,-0.7148680175,-0.08370327027,-0.4472210072,0.1344490961,0.2242547632
-0.2157832344,-0.01627098722,0.2449674847,0.6225307985,0.05040826281,-0.7168316894,-0.4856230543,-0.07266108163,-0.4277824861,0.6774894503,0.6497740997,-0.4754188626,-0.9266260235,-0.4751534659,0.4690729197,0.5260109756,0.829443161,0.1507926351,-0.9253872379,-1.204540876
0.272855576,-0.606545943,0.07463302958,0.004623465272,-0.1846384677,0.1135293606,0.6390026342,-0.1938540215,-0.4595882671,-0.4722615253,0.825647522,-0.9595385906,-1.181223881,1.695180881,-0.6094181732,0.4887279863,-2.729586168,-0.5573886626,1.074336513,0.1649506919
0.3374414989,0.2157793779,0.07911503612,-0.8463836917,-0.5707177483,0.1355482912,0.1205651787,-1.354809317,0.7928294699,-0.48306131,0.4640225463,0.05091701531,1.088344443,1.361593882,-0.7720204238,-0.9103183366,-3.126191112,-0.1049009672,-0.151578136,-0.05476278444
0.3448042562,-0.1537243919,-0.554780982,0.2690408925,-0.3169707069,0.6364069255,0.3127379159,-0.6269209602,-0.9581869576,0.8170730918,0.07727748247,0.8292038738,-2.138423541,-0.7490173681,0.6688017464,0.5805228673,0.4113077098,0.6141085195,0.05580270382,1.070236877
-0.154946444,-0.3995449532,0.09777350949,1.376431181,-0.4952196163,0.7105672277,1.257875635,-0.3895324093,-1.039202714,0.3053461148,0.256624919,0.5887829233,-1.836757638,-0.370249362,-0.155499866,1.14878857,0.955190271,1.293466321,0.05976684955,0.7011293918
-0.7010403907,-0.7577439422,0.01580949452,0.9710774842,0.2959584512,-0.1522347122,1.602086733,0.5982284464,-0.1484049032,-0.03806631111,1.525222148,0.8690947777,0.04405501649,1.797574314,0.3254922032,-0.449894802,-3.900418068,0.06402278961,0.1948988883,0.7266139949
-0.0390975968,-0.2129548063,0.6752976643,0.8210390955,-0.03519757505,0.4193783755,0.6472432236,0.3000732459,-0.7416859879,0.5068538309,0.5616828768,-0.6998053096,-0.7844047304,0.435749462,0.3237458251,1.235017532,0.0770044405,-0.2976978481,1.129307941,0.3445350919
0.3790291337,-0.8055599105,-0.4956504979,0.8646750923,-0.3691728052,0.1803471655,0.9672135878,-1.106147913,-0.4726586874,0.6400635708,0.4243136986,-0.8479852653,-0.1773573452,0.04052430232,-0.4248832827,0.4268634778,-0.1060739246,-0.5105404842,0.5197739889,-0.835244249
-0.3461379497,-0.2539871631,-0.1380447182,0.9875235153,-0.2432071854,-1.292675541,0.229495699,-0.3951722632,-0.4418685516,-0.3141971798,0.4061623145,-1.056163588,-1.78054334,1.29581148,-0.4771038414,0.1370365677,-1.462182051,-0.7929331193,1.122754699,-0.236735388
-0.1117941077,-0.1811425318,0.06816374247,-0.3512620292,0.4887682113,0.6878721135,0.08774707535,0.7008923411,0.4341248514,0.02596975195,-0.4728332871,0.434580712,0.1854624172,-0.9048891327,0.893217122,-0.5021202027,-1.074909427,0.8865606607,0.3015155535,0.6794243032
-0.01561467759,0.1512918445,0.5421773492,-0.1678280023,0.2701667969,-0.4927690566,-0.1913489972,1.428810385,0.5881564381,0.73044597,-0.3896969605,0.777866846,0.6735240597,-0.821331307,2.266073978,-0.7304406478,-0.7651537187,0.4167782951,0.1705415922,1.27429853
0.1296545975,0.2292773522,0.002480906217,-0.6528273037,0.3837869503,-0.2225391999,-1.09674507,-0.07110091127,0.1465255664,-0.08097710295,-0.659650541,0.6610757452,0.3037695383,-0.4494657831,-0.3770853086,-0.05369280424,-0.2505471061,-0.5613874347,0.3966831159,0.7781887221
0.006915720926,0.1073321916,0.3897425897,-0.1837186558,-0.2148345659,-0.2128029236,0.4470037984,0.5937376488,0.3387642328,-0.4045886176,1.037929818,-0.6671234494,-0.2488084606,1.79806549,-0.1708861202,-0.8001501468,-4.099769126,-1.10322388,0.2602933318,-1.125792269
0.1881277042,-0.6433538093,-0.08563139839,0.08764959675,0.2286810514,-0.251298069,0.8561410769,0.1615290368,-0.02446119969,-0.09652942475,0.74500657,0.5410666078,0.1712190876,0.9910957494,-0.3581474875,-0.02813290974,-1.323630996,0.5844106218,0.7417829859,0.3957379679
0.2047282821,0.2827145705,0.1047121888,-1.054942444,-0.1490533269,0.08859380827,-1.114631034,-0.3219182852,1.039223484,0.3380959907,-0.7211082169,0.03910070639,1.336531819,-1.993067795,0.07344248032,-0.2945654283,-5.405544713,-0.1518240184,0.5498431148,0.6075973219
0.2839325026,0.530833823,-0.1457370444,-0.6516941503,0.1738943006,0.2602388345,-0.6061275772,0.2718101177,0.4368271456,-0.2182105174,-0.8723597366,0.8154363222,0.3273982386,-0.7785664897,0.2574499847,0.05126395228,-1.302015119,1.531929679,0.586912836,1.752639727
-0.1534140128,-0.1956408094,-0.4052524501,-0.3510076633,0.07485986932,-0.477653096,-0.09868023735,-0.7069134871,0.1610366401,0.1204983603,-0.7145405138,-0.1988248415,0.1142404542,-1.067088524,-0.07505454216,0.05649740338,-0.9209431514,-0.9498879573,0.4422364987,0.4456387522
0.3486404664,-0.01564776052,0.5019417782,-0.02118409421,0.1602479367,-0.08105863714,-0.407183393,0.07206849592,-0.1858583102,0.5327596425,-0.5141632312,-0.1973321188,0.1873266257,-1.63374002,1.060061161,0.7027841061,-3.085885947,-0.2410686472,1.314941644,0.9204698216
-0.5343836831,0.2375799464,-0.03604898304,0.718473681,-0.4826166826,-0.1258930365,-0.5442391737,-0.2844227702,-0.3897888746,-0.1735383635,-1.222166986,0.2494952576,-0.65309529,-1.199807575,0.3193950413,0.6709341475,-1.008962392,-0.1293112565,0.4840209444,0.7706311629
0.3355555364,0.1909576927,0.3305442123,-0.6954484517,0.6322441567,0.7422009319,-0.1800532028,0.7729402481,0.2983185228,0.0951141012,-0.8560495596,0.04349843464,-0.03239179579,-0.656592901,0.8787657484,-0.06221199638,-0.8929891071,-0.3802740256,0.1124803815,0.437676749
-0.08629990931,0.4863725044,0.6619865515,-0.5665964081,0.2847984859,-0.007228804107,-0.4402820949,0.06083290078,-0.3140328196,-0.07684213533,-0.8262003208,-0.38721323,-0.9613666894,-0.9040675022,-0.2602053851,0.4921215723,-0.1110826495,-0.0406688279,0.9176027295,0.162218865
-0.06500704252,-0.04702729627,-0.1039195815,0.2502830831,0.1979362335,0.3055926168,-0.2479956727,0.8356087268,0.1540042054,-0.7208042918,-0.2240143672,0.8564725961,-0.226181427,0.2686072121,0.2629278127,-0.3908004047,0.5031545116,1.361746481,-0.4572559797,0.06999689721
0.4209704194,0.1750011296,0.4160320699,-0.9089648369,-0.1762666199,0.6744421295,-0.4361078755,0.2188992383,0.998555354,-0.3100556405,-0.1392994935,0.2528702547,0.5040783994,0.06031047973,-0.1837681467,-0.5136074184,0.03034202011,0.6361587116,0.04284940831,0.4263685469
-0.01881774021,0.1245867866,-0.470749673,-0.2149968999,0.3023351126,-0.6748699729,-1.514473226,-0.09926191173,-0.1429180332,0.4377078134,-1.081917088,-0.5614198752,-0.4841228487,-1.443000238,-0.06815550253,-0.1964629714,-2.076554231,-0.08577491113,0.8189849488,0.5760278678
-0.4275686296,-0.1042052068,-0.09749160991,0.368153334,0.04332077077,-0.0578361652,-0.1337125441,0.4554487975,-0.7333591077,0.04006817754,-0.3552820565,0.1868413999,-0.7666373616,-1.109400205,1.013175307,0.4961339256,-1.456140688,-0.5214577561,0.9313705976,1.542690306
-0.1941886,0.2513531119,0.2482454975,-0.03692018841,0.07808407046,0.1562775768,-0.4613950587,0.2997672929,0.445426332,-0.1666235441,-0.9600088628,-0.6310288764,0.2507140176,-0.7508329184,-0.05516161447,0.5560736872,-0.9146622284,-0.7437696229,0.9161440193,0.06093311128
-0.2665473602,-0.5179114567,-0.3639964921,0.8754472172,-0.02743543027,-0.02671691034,0.6805846136,-0.1209995461,-0.7113016865,0.6783987597,0.4515003442,0.2432883261,-0.9618885596,-0.9823418949,1.181968466,1.239129184,-0.5501941277,-0.03247426759,1.809266601,2.260592494
0.481433615,0.3337611722,0.3955832924,-0.3864966274,-0.2207675282,0.2862156933,-0.2118869911,0.866242393,0.1930543256,-0.4939540962,-0.04810054755,-0.8110566923,-0.4353396319,0.4633942656,0.1296188424,0.1963888088,0.169823789,-0.2524911154,-0.7776410253,-1.653851089
0.4341477067,0.595119342,0.5685284177,-1.082747959,0.1312312663,0.8621097584,-1.283728061,0.4390599106,0.9383033186,0.1518955819,-0.4041371068,-0.926223852,0.1493428396,-0.4322563585,0.4449901371,-1.092909242,0.03747974012,-0.5695553844,-0.3801876537,-1.241829037
-0.009654839977,-0.614464799,0.02418732369,0.5238476741,0.7378134251,0.0516217087,1.107550114,-0.2713902248,-0.3455682627,0.237559997,1.482244585,0.01192350318,-0.08839365191,1.11327139,0.1686948753,0.02703933521,-1.095651541,-0.3612089482,0.4302367513,0.6034458762
-0.2213742201,0.3330647756,0.3865021463,-0.05306817347,-0.1331610872,-0.6502578234,-0.4369260268,0.5151826275,-0.02134434471,0.03624911071,-0.5198470627,-0.2036867099,0.03433364085,-0.9513916245,0.187880696,0.1350011219,-0.6277446293,-0.05843527782,0.5571936757,0.6177904833
-0.3136397024,0.0587372907,-0.2460365424,-0.1806769008,-0.3413652283,-0.1088412851,-0.117950963,-0.4663862555,0.03393276279,0.4471546406,-0.2288905653,-0.211342772,0.6194304452,-0.8080830685,0.07417063323,-0.7336453666,-1.349779112,0.6561735926,0.2335343398,-0.1025398767
-0.1329762196,-0.1878798921,-0.737991186,0.336114533,-0.1287515791,0.2540004914,-0.6315410969,-0.1241331513,-0.2157044635,0.5887670029,-0.2558794771,-0.2985574911,-0.4129683509,-0.6513337863,0.9077521519,0.6841134763,-0.544636286,0.5740285169,0.5442919151,0.2695725531
0.21648191,1.031078759,-0.1465641948,-0.7575712956,0.1691942366,0.1008768447,-1.752289545,-0.203686737,-0.1162429974,-0.01140454896,-1.449131113,0.6380655145,-0.6221088251,-2.336447632,-0.6274915803,0.105091639,-6.167909623,0.7012310919,0.9684481969,1.904364444
0.2506152504,-0.02723781278,-0.4919864782,-0.8583181239,0.2238025603,0.05484518276,0.03182427384,-0.5368701937,0.6981708164,0.4858265775,0.02477547894,-0.2998028916,1.330588836,-0.1079691851,-0.1902281583,-1.080117454,-0.08644374981,-1.005669452,-0.6829087493,-1.315984393
-0.04767224668,0.02283842603,-0.2155982576,0.3306709345,0.08095955326,0.1958740599,-0.1677118564,-0.2617859424,-0.3112753491,-0.01722217055,0.1060207781,0.8315588688,-0.4248649631,-0.496532927,-0.6103978295,-0.6263230667,0.1954026721,0.7060062913,-0.4753893483,0.7811423495
0.0370327724,0.07328744189,0.1194440711,0.3753435632,-0.05934415236,0.611743023,-0.2276579737,-0.3435806972,-0.3380444104,-0.9639356303,0.2566588444,-0.8043660006,-1.260059766,0.8121983818,-1.253215721,0.6154574897,-0.230261517,-0.7329304435,0.3640448131,0.1130878601
-0.1507791896,-0.2015398329,-0.184572881,0.5434757476,-0.2745951272,0.2118774414,0.5330730225,-0.7037164266,-0.4437777221,0.2859558238,0.684281067,-0.220108747,-0.7515753783,0.3547560897,-0.1830325493,0.104074096,0.5821821021,0.1995266364,-0.4188773023,-0.6393742866
0.04455909366,0.3927327971,0.2211494488,0.6435335736,-0.1924594394,0.1817656977,-0.1045624023,-0.08457996627,-0.1688053809,0.8502460677,0.3216014321,-0.8228103277,-0.1498374858,-0.3260458035,0.8113893424,-0.1995747232,0.06248807918,-1.090954457,0.1288159136,-0.4791492439
-0.1845491747,-0.01639452388,0.0845828201,-0.04277179106,0.6269947416,0.09005241355,0.3785999139,1.261621184,0.6223064977,0.242405466,0.7622614366,-0.2929196232,0.6498378775,0.4254461958,1.67694168,-0.6690657989,-1.549349622,0.08746774953,0.7688404464,0.283359132
-0.1158268604,0.05436152048,-0.3189010609,0.6921752063,0.3211394431,0.3620818151,0.2005294414,-0.4291596466,-0.3766569179,0.181615544,0.6519593481,-0.3709813564,-0.1771689848,0.2087167343,0.06409289819,0.9194312641,-0.3568514185,-0.1542993025,0.8785883243,0.4623609761
-0.1509713301,-0.2094953349,-0.02704285129,-0.1739659859,0.3393684557,-0.4653528035,-0.3061446985,0.2413845832,-0.09668553569,-0.3218058839,-0.784042513,0.8163009358,-0.1616181122,-0.8625589497,-0.3347006946,-0.6949671551,-1.882033741,0.3330681581,0.07537758525,0.8218243053
-0.3891110265,0.07006702409,-0.1815060483,0.730624585,-0.2865781041,0.04839604698,0.1369150059,-0.28276077,-0.2931162168,-0.2076015297,0.04617521659,-0.2378528957,-0.7264224664,0.2919740611,-0.5741967766,0.3360573887,-0.5161636158,-0.02538711902,0.3961346993,-0.5640251544
0.4500727726,0.03997052609,-0.5001183346,-0.2087635903,-0.02424990629,-0.1815862763,-0.1096298823,-0.5040956311,0.1399401993,0.5434297712,-0.2406964846,-1.716642419,0.4186040056,-1.429934067,0.00652078858,-0.7826295125,-2.368904511,-1.600309364,0.5441564309,-0.5157357934
-0.2070371678,0.6417575706,0.7040952992,-0.5598208462,0.2798215424,-0.200080937,-0.4197681039,1.03772694,0.6351249428,0.6299900872,0.1461577499,-0.006662928611,0.3893756225,-0.9859135694,1.469717816,-0.6958909079,-0.3953396755,0.2294365725,-0.4891829298,-0.6480305931
0.01207312607,0.01811572409,-0.05523374846,-0.260826301,0.1236757809,0.3251458319,-0.3079879677,0.3451783598,0.3782435881,-0.081181897,-0.2538842847,-0.5634791959,0.5207682794,-0.5250371485,0.3134752113,-0.4805227338,-0.6296600755,-0.07546166991,0.03263940733,-0.5084914102
0.01901126461,-0.3199903712,-0.4461584703,0.3094498558,0.2860060587,0.2258591125,0.5203343623,-0.2557769252,-0.4128664981,-0.09898980612,0.8226973737,0.9914778375,-0.06344664595,0.9664587635,-0.3618420932,0.6923918497,-1.06486479,0.169652634,1.517508197,2.643361018
0.3851674783,0.1610086649,-0.3110418586,-0.7564491052,-0.4976458398,0.222823368,0.3951991099,-0.9313348299,0.5662043765,0.5899008718,0.7896703095,-0.165855923,0.6910189176,0.8046472947,-0.3174030468,-0.1474564388,-1.025305264,-0.2986364275,-0.1457512666,-0.5465601853
0.2102809493,-0.212669483,-0.02020074035,0.120645519,-0.398297099,0.3881230743,0.1677826832,-0.6598192122,0.0258865221,-0.1248523672,-0.2546536273,-0.4058045606,-0.3864904584,0.301370632,-0.2110204589,0.7751936448,-0.05813755529,0.02566468585,0.1599549441,-0.8380256043
0.2802341173,-0.3841598633,0.598950687,0.7314237788,-0.6226532866,0.1193581284,1.005673353,-0.6531057716,-0.3272297393,-0.2202762215,0.5790203788,-0.7768874207,-0.3433417375,0.9940500167,-0.8950516185,0.5088610132,-0.5622106973,-0.8897193231,0.9416764649,0.3313060752
-0.5938541201,0.1265543308,0.5840761072,0.428422376,-0.2099836129,-0.4285542994,0.274854126,0.1252046188,-0.2453783423,0.4744944723,0.08548844726,-1.250732827,-0.5333342329,-0.3238437872,0.8356212078,1.222344859,0.4405973692,-0.3332557683,0.1958221098,-1.359629395
0.1816925043,0.6195410143,-0.2911251536,-0.5902849204,0.2114728334,-0.09644125844,-0.815383846,0.182850177,0.05223097154,-0.5229958711,-0.9457577228,-0.4311622917,-0.1765348076,0.07698356639,-0.2340569753,-0.8970756413,0.3298166453,-1.031284373,-1.118242456,-1.051415002
0.6207690953,0.2517462823,0.1575379244,-0.8993223559,-0.3414271289,1.004292426,0.009108900847,-0.5844251088,0.6924281983,-0.160837631,-0.06029429651,-0.165862271,-0.1763337189,-0.165857595,-1.193188469,-0.2514776701,-0.3253415967,0.1096068207,-0.1829062619,0.189909066
0.2771818534,0.2170203202,0.1761826893,-0.360980617,0.1881092241,-0.06288932266,-0.316749815,-0.09985027454,0.2432136193,-0.2877041045,-0.597537764,0.4180944744,0.5238565838,-0.45692112,-1.010907811,-0.1119815623,-1.223460827,-0.1775803797,0.9262094704,0.9253965747
0.1136511366,0.3110085447,0.3816782635,-0.1323791613,-0.1358256882,-0.0156104676,-0.2879645602,-0.7489823281,-0.03662168197,0.1235895606,0.2186694881,-0.2718702824,0.1080278029,0.1046771045,-0.334588216,0.09427524681,-0.3792501669,-0.2931227937,0.676200677,0.4639061887
-0.1728483224,-0.1883095077,0.07090894312,0.3943162055,-0.2458998791,-0.1010716468,-0.060643388,0.1792362106,-0.7135698057,0.3178957856,0.1149200671,-0.3596933538,-1.384388166,-0.2825107765,0.1491018505,0.5676083016,0.5921775823,0.3190113318,-0.3582257562,-0.6477326287
0.1151895239,-0.1845555843,0.1766894202,-0.3391847043,-0.4347945643,0.149398476,0.2350729983,-0.6213126789,1.237755229,0.1593335992,-0.3523881519,-0.2465224242,1.774347795,-0.4232363671,-0.5464540268,-0.71487438,-1.717778399,-0.09582197937,0.5502669793,0.07924813342
-0.1055249209,1.370361678,-0.8042988215,-0.5957626403,-0.2779271629,-0.1610033287,-1.433981145,-0.9272050608,0.5038997974,0.8743847659,-0.669104072,-0.1591636531,0.9559675746,-1.401198909,-0.1445398725,-0.5226540569,-2.895048281,0.4099392523,0.725668665,0.1552520995
-0.1479114934,0.4142951065,-0.164818618,-0.3710805243,-0.4419667702,-0.4765556366,0.4591426828,-0.9083128118,0.2279454304,-0.3529895808,0.2866024615,-0.8172764382,-0.3117520248,0.6710260576,-0.9458143573,0.04989273171,-0.6395644689,0.06009915634,0.3395467287,-0.2373348201
0.1555996429,-0.09486090291,-0.4884284932,-0.1496583507,-0.3734266469,-0.1697278255,-0.0606423091,-0.5492651324,-0.4128090083,-0.3661349084,-0.009606324578,0.09180677668,-0.5904355737,0.5810555112,-1.115516727,1.073798258,-0.417418098,1.209255146,1.11031729,0.5026815224
-0.0370523598,0.3453495154,0.3686827278,-0.09142322126,-0.1393404493,0.3024851509,-0.6283606632,-0.224749784,-0.2260949374,0.598286658,-0.8460799362,0.2725728216,-0.05884366577,-1.572277236,0.4200211869,0.3041083893,-3.000145294,0.5980067029,0.8739795353,1.194620824
-0.2936152369,0.3424990792,0.1713482906,-0.1829978487,-0.2679177322,-0.3069901977,-0.1572943611,0.643945697,-0.09215642369,0.6370641765,0.2748402252,0.3406907872,-0.7866553378,-0.4084565475,1.882687256,0.3827897503,0.4555461243,0.240611862,0.2368475644,-0.08908010937
-0.1810518812,0.00295018678,0.1432762648,0.06500711814,0.3029238051,0.2723301168,0.3704920536,-0.1394912212,-0.1151031077,-0.3403267611,0.07334584515,0.7306536565,0.2663892716,0.4058513817,-0.5104866047,-0.1905134211,-0.06275590869,0.3079832772,0.4406052643,1.162752107
0.5688432313,0.2847754491,-0.07748718743,-0.4054223488,-0.4701075369,0.3483297126,-0.3903500834,-0.1885732,0.5464851903,-0.2162340555,-0.1699780655,0.5539529968,0.4724971998,-0.07691385358,-0.1406827908,-0.3740399554,0.1067641998,0.6417190195,-0.6833224511,-0.5736765496
0.5957447663,-0.06000993215,-0.09771322374,-0.0717128715,-0.1462076442,0.2612222344,0.1374745219,0.4205635099,-0.3354727957,0.240310277,-0.03136796931,0.8382872059,-0.9316565758,-0.08258628556,0.829675266,0.3186579765,-0.01038913466,0.963636816,0.2356794034,1.317881182
0.144304522,-0.228727691,-0.6295690954,0.1001395775,-0.2756896541,0.8998144649,0.6569656396,-0.1314932238,-0.01113816052,0.3725925127,0.5924266519,-0.9244869016,-0.2807994475,0.3290763638,0.1439986296,-0.242651636,0.7789369113,-1.031450507,-1.014553782,-2.229297405
0.03512217796,0.1288055148,-0.07120056708,-0.4811595145,-0.5223366688,0.1732103726,-0.00824076101,-1.186625446,-0.841324982,-0.02725112409,-0.08024244533,-0.7449433388,-1.118644139,-0.08377980175,-0.9062611875,0.2060790148,0.9855543432,0.6337809108,-1.000589745,-1.553310223
0.07546559472,0.2394286964,0.3955542163,-1.078217022,0.7947042372,0.358998417,0.1524770178,1.09805905,1.447133937,-0.06704563385,0.2292994847,0.3210370249,1.183788055,0.384533226,1.55715056,-1.234845484,-0.7768055756,-0.1949559185,-0.5491170914,-0.6779723517
-0.04786810639,-0.5164341219,0.474263339,0.3163098813,0.04970828166,-0.1237850397,0.758042058,0.5719714595,-0.01417236223,-0.4772074476,0.3975264147,-0.6734385772,-0.3152442316,0.5870674821,0.2770029727,-0.1090929475,-0.8127797913,-0.5028365099,0.03737177409,-0.5649695327
-0.3119092981,0.2090481726,-0.2597859666,0.4000827845,0.02756700165,-0.4655619164,-0.1526764983,-0.4739788567,0.06358162168,0.3445663863,-0.4496306601,0.01523623544,0.3866161796,-1.282505296,0.1416883899,-0.2692165167,-2.409600769,0.03811547457,-0.07348192702,-0.08184354136
0.4227426561,0.489879817,0.3719622039,-0.9014102605,-0.4560475236,0.05486187591,-0.8933652057,0.3975749005,1.01911047,-0.5386337574,-0.559723212,-0.2249176238,1.377700757,-0.6201005953,-0.3655104214,-0.7393439086,-0.5747105336,0.1490554577,-0.4585318846,-0.2628059603
-0.08868546213,0.06134103379,-0.400994115,0.3877735781,-0.5588336883,0.2057656722,-0.1044775021,-0.6562428999,-0.5313644509,-0.2083071515,-0.7414018928,0.3023998594,-0.1322620268,-0.3653422015,-0.6445288803,0.927866038,-0.3092780186,0.4501711701,1.353908097,1.757932815
-0.05217594153,0.03543005331,0.2201592001,0.08934110079,0.3015213846,-0.07153531042,0.04214044994,0.1818123798,0.06023351819,0.004167898677,-0.03970717307,0.3805236542,0.02768522201,-0.3834452535,-0.1072527508,-0.4017048628,-0.6118912677,-0.2102443201,0.1645927417,0.7843232329
-0.2813844311,0.6285896737,0.4084603517,-0.01891384691,0.0793417735,-0.5266819086,-0.3561427064,-0.184133159,0.2158373596,0.2442540945,-0.755778684,1.39155747,-0.1346828517,-0.9015906791,0.38535902,-0.9114104335,-0.8599477752,1.646883314,0.2571673663,1.798073351
0.3234845726,-0.05081259447,-0.274389283,-0.00213248919,0.3194485664,0.2992806459,0.7543372883,0.09832328967,0.1561034571,-0.7965497839,0.4358208315,1.027863461,0.2523293297,1.931233119,-0.8701681057,-0.6922558334,-4.674820481,0.7357070195,0.5029204337,1.919937701
-0.440861072,0.04968237441,-0.7526220666,-0.3396582827,-0.7574773424,-0.1687270424,-0.02276071659,-0.9813070698,0.3026555463,0.4569542208,0.1751345284,-0.6837317226,0.808487414,-0.001275061442,0.06394496231,-0.5582062123,-0.6841117259,0.05627948302,0.1193829494,-0.4520174023
-0.2214129332,0.313626678,0.1172073885,-0.4428091488,-0.318758204,-0.3926258014,-0.7389801405,-0.0170823424,0.2727806597,-0.04009882416,-0.7881427661,-0.4182526229,0.4424654703,-0.441690187,-0.1524395152,0.01161060226,0.1450198963,-0.2126431662,0.1439965193,0.2156777523
-0.5218695479,-0.1128683452,-0.1080561138,1.003441807,-0.0308354282,-0.4714048954,-0.175230581,-0.240323903,-1.253359667,0.1776731071,0.4003830758,-0.7021532734,-1.483078157,0.1537154327,-0.3898945012,1.312842512,1.258894366,-0.5257174571,0.3190979459,-0.3157378444
-0.7667447378,0.418963716,-0.5533217925,0.05349290268,0.8921626709,-0.8145298305,0.3014441976,-0.3825972249,0.08779418424,0.9280870443,0.5261623914,0.02127390303,-1.01323535,-0.2204778969,0.6169176248,-0.1825679129,0.8352155561,0.0960113063,-0.1879088622,0.09138821739
0.1807111923,-0.09427709358,0.2965123237,0.01366504374,-0.1811943608,-0.2811965216,0.3640607241,0.5033479294,-0.07570453881,0.3968934551,0.8164778573,0.232440168,-0.1598736642,0.7687033935,1.04610667,0.1709979109,-1.029279569,0.9656093213,0.9733080127,0.9252202139
0.1394989183,0.6473763512,-0.1591682652,-0.7577180193,-0.249848086,0.1864974304,-0.4945523361,-0.02809168254,0.3717292827,0.2229444175,-1.042307005,-0.304074868,0.6652931444,-1.431355518,0.3599611997,-1.08729082,-2.822686754,-1.187177481,-0.03551450173,-0.06814176453
0.8016432495,-0.347465149,-0.2099717851,-0.3518121832,0.1859327703,0.1650649427,-0.1330156694,-0.1076360701,-0.07955533134,0.1840038165,0.2299016229,-0.8376060545,0.1789394211,-0.2911905118,0.3710417041,-0.03119283435,0.07261611309,-1.567910258,-0.2769831343,-0.2797047003
-0.05771305716,-0.2984596757,0.2292821503,1.016515777,-0.2874474481,0.4677490992,1.038466501,-0.07468782072,-0.6829521761,-0.2102900982,0.6194598313,-0.6474882737,-1.395346901,1.100270233,-0.8132459456,0.2357252392,0.1149201399,-0.8623170714,-0.05186896696,-0.874323648
0.0002889505092,0.1292594979,0.2944708808,-0.5095700624,-0.05285105938,-0.4752458735,-0.4275814104,-0.1643908122,1.085409429,0.8395127185,0.04385648921,0.2024126181,0.9973934763,-1.130054875,0.583041789,-0.6670315634,-2.636573162,0.3272037963,0.2106356182,0.3500894809
0.542638742,-0.09869241962,0.1350824371,0.1604751127,0.06770443829,0.5968951396,0.0521235806,0.2768647342,0.585160404,0.9152581229,-0.5482769317,-0.4087102953,1.076871786,-2.051282349,0.6293537862,-1.088320208,-5.39646938,-0.1304970247,0.06412905996,-0.5732773418
0.07911963079,0.4036006801,-0.5603324808,-0.5675936509,0.3426818642,0.2260730357,-0.180558495,-0.09026708048,0.8008379091,-0.1370327936,-0.4479867246,0.497249984,0.6500632017,-1.104555611,-0.8765630618,-0.6726679518,-1.93490123,0.9739800073,-0.1373423358,0.3113432002
0.1872249173,-0.2900052905,-0.2195983522,0.511234695,0.1620118056,-0.01428864292,0.4676525021,0.06052580186,-0.523163862,0.02073269061,0.2828815038,1.236465475,-0.4625152157,0.4845942686,0.639572464,0.8557397678,0.03824364927,0.6415165802,0.2803682955,1.383209507
0.1665024611,-0.6833548924,0.1191326001,0.07417531742,0.2026901692,0.2080675009,1.264245372,0.8318117473,-0.8152162918,0.5606483288,0.8866690191,0.3598935064,-1.195861556,-0.09220178796,0.7302640815,0.6321025584,0.7539688284,-0.001014464387,0.01685004697,0.8817340634
-0.1083385412,-0.3088396519,0.1453076195,0.1951221691,-0.2931362768,0.1311060629,0.470017014,-0.05021227675,-0.04735927451,-0.3750714437,0.5690132658,0.6774321632,-0.3255561143,1.368423814,-0.2536045221,0.06137132389,-1.180039779,-0.1442062853,0.5373355831,0.7749052659
0.219422351,-0.1743212408,0.1331374671,0.2161257307,0.2444044905,-0.02389536517,0.8107913763,0.7829039809,0.1374294804,-0.03795492097,0.6990945499,0.7071152671,0.1275734185,0.9055546844,0.05036139083,-0.1252443836,-0.4102338693,-0.2131442537,0.2458791802,0.8622574803
0.5145842743,0.06281287337,-0.3935306199,-0.2068487879,-0.4353412886,0.1251202322,0.09829501111,-0.3248700138,0.2317586707,0.5251413448,-0.6696138548,-0.07280575989,0.9924097343,-1.66302872,0.3256595881,-0.4892650032,-3.190786373,0.2669014481,0.6867745995,0.1671724005
-0.113244344,0.0298549678,-0.05851334271,-0.6055537735,0.2159161962,0.005301534841,0.2532750504,0.2475277214,0.31862868,-0.2530366321,0.7093369465,0.2315933589,0.1900092878,0.5678656492,0.1647111705,-0.4978732631,-0.4855718938,-0.3751391075,-0.09974162241,0.5806389083
-0.0223101888,-0.1640778137,0.1370522667,-0.4403607012,-0.241397659,0.2363158808,-0.1174801522,-0.1175970234,0.5396427492,-0.1617969926,-0.333003703,-0.4545641228,1.065635589,-0.2241059616,-0.3281945189,-0.3901479016,-0.4260581582,-0.287082299,0.1888379427,0.08228763782
-0.1433554962,-0.106077142,-0.4687704015,0.7521965894,0.6951957051,-0.4815039056,-0.3303529643,0.7133646601,-0.4028113346,0.4163690318,-0.3599125089,-0.5754558634,-0.4211946786,-0.866306959,0.8381266671,0.7663994267,-0.2637459277,-0.5954548326,0.9909048282,0.4998516924
-0.7571653125,0.3202002531,-0.1304085619,0.3294970033,0.02866614585,-0.5371056956,-0.6049773117,0.03030462527,-0.4608718253,0.2389882102,-0.9404761884,1.126257577,-0.9946569816,-0.9445125767,0.03705949413,0.5446539527,-0.5160412051,0.7763935831,1.236660251,1.955063754
-0.2303961213,0.1957254061,0.39260992,-0.1329421691,0.3750388484,-0.2194515171,-0.5419449887,0.640221879,0.1627974263,0.3368444699,-0.7276628364,0.2718723867,0.5772615062,-1.763767905,0.7325432583,0.4085002578,-3.704958621,-0.4409710186,1.336977298,1.552762856
-0.01491655406,-0.3138705621,-0.3466776652,0.7989667393,-0.6540253468,0.1810802356,-0.06737730602,-0.768307761,-0.429598692,-0.7278110516,0.4179459813,-0.5620308888,-0.008602903311,1.255327139,-0.8103450245,0.7771304494,-1.633521701,-0.07899528931,1.460038456,0.6602189212
-0.3077343956,-0.2091555334,-0.4491865927,0.5523188917,-0.2361396538,-0.2726934803,0.4878478119,-0.6357872521,-0.3496155409,0.4779384904,0.3072649359,-0.6028402193,-0.5887941121,-0.1879625345,-0.0523282016,0.1843173947,0.1707625522,-0.2599774227,-0.5041006122,-0.8996990129
-0.07622716547,0.5689920241,0.4203336915,-0.02439768929,-0.3218453899,0.434673333,-1.409604506,0.4293743733,0.1300195722,-0.2065175369,-1.486101329,-0.4937618134,0.2061558117,-1.676441848,-0.09508455544,0.04870743592,-3.219273202,0.0687003285,1.153109722,1.163732953
0.1093172624,0.06574549835,0.1327045036,-0.7052597098,0.0126929462,0.02368969089,0.02736847864,0.2744272211,-0.01659236169,0.3060553921,-0.5092627397,0.8996208613,-0.1996903381,-0.6980898917,0.6999054646,0.79530155,-0.8841383216,0.8328799997,0.5338478923,1.359683757
0.0449213864,-0.6082626658,0.02797489962,-0.1058956687,0.485789673,-0.1384980682,0.2065701626,0.4510977754,-0.05502203014,-0.1344051876,0.4303534798,-0.07024245306,-0.2085450113,0.1516982912,0.8794523486,-0.09043970553,-0.12447001,1.119619416,-0.001142959952,0.1751503642
-0.1244276763,-0.2219330183,0.7218745226,-0.03374580086,0.5187125838,-0.5470809427,0.0838380687,1.021148094,0.0984879906,0.7818405213,-0.1636991295,0.2399677477,-0.04756866109,-1.318170251,1.430070667,-0.6773027438,-2.252498882,0.06877037529,0.2525412703,0.8712267797
0.3241421071,0.1505197032,-0.006688079286,-0.3758222062,0.3745651213,0.1616879005,-0.2157970651,0.3570029077,0.03633348368,-0.3474109029,0.006454299462,0.9040180207,-0.4457187427,0.7402014683,0.4995266166,-0.03272334815,-1.126366165,-0.8569292542,1.411338337,2.44317771
-0.2608587698,-0.4486995417,0.572636302,0.8429173002,0.1549944819,0.2606967151,0.838567703,0.4272848954,-0.8681893309,0.3060529666,0.6319231374,-0.780879712,-0.926588179,-0.379681433,0.9244429063,0.9158145698,-0.07130199294,-0.0582252672,1.16493143,0.09606804307
-0.3161031675,-0.05132280156,0.6599295764,0.9036809259,0.2212294493,-0.6011026513,0.1079265169,0.5044086135,-0.4865077747,0.5373383999,-0.1247078106,0.9662096137,-1.149704859,-0.1979030987,0.8214817212,0.5016346778,0.6839001211,0.8169287804,-0.1677163921,1.057455822
-0.03665685876,0.2020430415,0.189228177,0.03354701072,0.4287650339,0.04020945421,0.01471526541,0.4791309269,0.5600399926,-0.2455739857,0.6019961832,-0.03032657079,-0.121708578,1.16990976,0.8433596606,-1.033794532,-1.646860715,-0.2291580487,0.2285221401,-0.3867795975
0.3226477746,0.4315793126,-0.1510761601,-0.5092962803,-0.1446282141,0.1555418682,-0.161418334,-0.08215182965,0.7399816332,0.04742056846,0.6980639233,-1.249813585,1.104476459,1.119729174,0.07319967447,-0.9763444626,-2.67524824,-0.6137154348,-0.1039481796,-2.034554441
-0.3937081353,0.06836126949,-0.6592520276,0.5791809779,-0.1373958607,-0.3885122165,0.4306237437,-0.8892415866,-0.2400361097,0.5032325672,0.1826800617,0.4748302107,-0.6239030587,0.1045938282,-0.5204468793,0.596893018,0.3037042046,-0.2047430049,0.1401022181,0.8274696368
-0.492495857,-0.5059406267,-0.02443070983,1.199149001,-0.3930182242,0.01308028122,0.4098684147,-0.3548951505,-1.372432366,0.117042671,-0.3408111048,-0.5852272096,-1.507519063,-0.2890116364,-0.3066532534,0.9516796922,0.6740562597,0.121771078,0.1571236215,0.1086579803
0.2971740381,0.2921313771,0.1184894068,-0.3496371469,-0.1616949411,0.4122584017,-0.4254108445,-0.09572060544,0.2259383429,-0.03948530946,0.2119638616,-0.9066302855,0.02218648,0.1843433552,-0.7124721809,-0.3658786024,-0.4726156276,-0.8660954803,0.9430821362,-0.2635215542
-0.3464680732,-0.2713798009,0.2114611436,0.6416363072,-0.2646264028,-0.3618757059,0.2605009315,0.05852163892,-0.6071334586,0.4865637982,0.3531126431,-0.1388892018,-0.5491834593,0.3538672189,0.3785751064,0.9667142049,0.1367425906,-0.06478422003,0.7743745113,0.2507074176
-0.2173120005,0.006300664008,0.2765563923,-0.2026525052,0.2837791026,-0.1542760728,0.07308663312,0.3419278214,0.157369782,0.2381870807,0.16863567,-0.4943616288,0.2227013421,0.0814077674,1.049575767,-0.1491558862,-0.3240748381,-0.5766229092,0.1844846801,-0.4022118569
-0.4443871511,0.0851480793,-0.141710936,0.1422762559,0.1728570336,-0.5047079237,-0.2304396591,-0.4757967683,0.274692579,-0.08036296123,-0.1352035152,-0.9806722088,-0.2911486272,-0.3116743192,-0.4396137396,-0.1064929105,-0.0504350437,-0.7017375663,-0.7055031125,-1.691339634
0.2638229748,-0.07825266485,0.5861455531,-0.4069570783,0.2603000548,0.3741735751,-0.3969336201,0.8200927151,0.5300443767,0.310257672,-0.2187746271,0.08322505518,0.2499164099,-0.9427740611,1.132738876,-0.6627036654,-1.489119287,0.2947725389,0.5466539527,0.7765544377
-0.252608938,-0.04316334982,0.5347380887,0.5444088505,-0.2034931109,0.2277512891,-0.09919512976,0.2229496913,-0.6656511077,0.1527588684,-0.3544523377,-0.4690471894,-0.8493708808,-0.6754855016,0.4526961868,0.8941872376,0.5185823913,-0.7480024887,0.4598218296,0.01589229795
0.4450415798,-0.06133129509,-0.334842285,-0.5569093566,-0.5277899612,0.8693920101,0.5880567367,-0.2384154725,-0.5192091825,0.0505960433,0.5512010016,-0.560675462,-0.4714718632,0.764053387,-0.06416986313,0.3278390084,-0.1885349225,-0.3437376642,0.6414757462,0.1617494708
0.01139301432,0.1667903986,0.2551797911,-0.3199743073,-0.03677444651,-0.0173073094,-0.3242492761,0.844408689,0.733299857,-0.3668684482,-0.2859435586,0.2755843039,1.085516277,0.02476949874,0.2289229281,-0.4055128505,-1.014320687,0.377601393,1.348120085,1.512160613
-0.3731931884,0.1551170793,-0.4237700886,-0.06703675142,-0.1171000378,-0.7309624156,-0.3151067028,-0.5417640275,0.7489834964,0.4082322545,-0.09474529414,-0.2076947639,0.4978680345,-0.144438581,-0.07837990353,-0.8968168586,-0.3123964012,-0.4571331012,-0.2651227854,-0.1222901707
0.4810326466,0.439914087,-0.1948137719,-0.7469463297,0.3602793476,0.3415450596,-0.1769182289,-0.1549472674,0.7286995945,-0.08038407276,0.04872577253,0.3867257472,0.4372438294,-0.3430332294,0.4405399479,-0.3128931346,-0.06564694616,0.546285502,-0.4240841983,0.4537944203
-0.1208826432,-0.373838593,0.783162075,0.3805284242,0.06777202126,-0.2193922873,0.6881668566,1.552345804,-0.4490087634,0.8256619713,0.6386311879,-0.03528833372,-0.5463799109,-0.03339328986,2.530636679,-0.08896657147,0.5549207223,0.2575548337,-0.01857480736,-0.2262802243
0.2260188396,0.2292920686,0.06547465329,-0.618505113,0.1111816454,-0.001536528694,0.005636764751,0.01300306482,0.7143001779,0.1264468582,0.3382110303,-0.2599385952,0.882584325,0.3161952329,-0.0345826537,-0.2959394843,-0.4839755151,-0.1844924858,-0.06208016758,-0.9148815645
-0.3183139417,0.6655728986,-0.2451237006,-0.1098920625,-0.5056458557,-0.3880380924,-0.9224820104,-0.4969164854,-0.01311421197,0.2587510539,-0.9592043072,0.9622863223,0.4009004439,-2.102171691,-0.04537230427,-0.1017816937,-5.298048043,0.2843411999,0.3276813115,1.448657995
-0.7878856004,0.267091977,0.1410095358,0.5878298407,-0.3162041113,-0.03368543916,-0.258704254,0.3529331156,-0.8887839856,0.4631598107,-0.1784158701,-0.2911046437,-1.204998799,-0.9546231915,0.820796153,1.099100137,-0.7936582828,-0.4999574247,0.9894335319,0.8156806066
-0.3449162351,-0.02832845593,-0.5036474727,0.3381884451,-0.02451595503,-0.09168328801,0.1442215678,-0.674478654,0.2943091324,0.5776999626,0.09313997455,-0.5241902847,0.2950171782,-0.2979921983,-0.05839456106,-0.4759841196,-0.4658315932,-0.6541984004,1.062606076,0.9020336786
0.2064171197,-0.05300463732,0.1063031759,0.2614999523,-0.3485000555,-0.441622429,0.1651572427,-0.1959070877,-0.3523631604,0.3400920227,-0.2082042413,-0.725399072,-0.808287441,-0.2932488938,0.4046485165,0.582082298,0.7184910565,-0.3663567816,-0.347722297,-0.1427107927
-0.009951929417,0.5376694073,0.07121659219,-0.120124434,0.3873119712,0.08945238276,-0.665462752,0.2710035277,0.1325810258,0.06103265981,0.07012038021,-0.2303337144,0.1350792742,-0.04479613314,0.2294695139,0.08534862003,-0.6249760635,-0.1226153851,0.1509867343,0.2590028306
-0.3337935284,0.009307255892,-0.2023985592,0.5903349244,-0.1099852774,0.2770864491,0.2598673192,0.05740570068,-0.3544893136,-0.3704584473,0.643718381,-0.4681361805,-1.108921132,1.717383688,-0.7558876986,0.04433684531,-2.836047964,-0.190368953,0.7172073738,-0.3375631309
-0.4038944799,-0.1717929646,-0.6876384305,0.4219147553,-0.06959268998,-0.5304248129,0.7281886773,-0.5397689286,-0.4476580207,0.2606394132,0.1399141017,-0.2701895583,-0.3205158752,0.2207660694,-0.06530353778,0.5840009508,0.6319484334,-0.2861648324,0.1874469627,-0.1965971686
-0.3008311625,-0.1245949969,-0.5695011068,-0.1090624222,0.1590382752,-0.6489423322,0.6477813956,-0.3562382734,0.3644823137,0.5973634983,0.4253272781,-0.1106337594,-0.09212006477,-0.3615735454,-0.05636218776,-1.394250927,-0.1810733393,-0.457178832,-0.4586167019,-1.406850243
-0.09209594979,-0.3480250174,-0.507247439,0.3356018917,0.1821704569,-0.3062966745,0.1426343862,-0.417739921,-0.3143807341,0.4269126267,0.2158140961,-0.6156532139,-0.7579069759,-0.590544701,0.2329210623,-0.0581220775,-0.2075628293,-0.2798882703,-0.4190374911,-0.758571927
-0.9713393246,-0.29320371,-0.2143037122,2.037680812,0.003542075075,-0.5130012008,0.5037056545,-0.240739786,-1.327747813,-0.1642496314,0.300427772,0.03668456118,-1.080609671,0.7902958184,-0.5189405528,0.3880536308,-0.3502872567,-0.01282852367,0.5061984776,0.3412027496
-0.01144386233,0.3967941375,0.1730259891,-0.5218729342,0.05216309188,0.007286021694,-0.4942778377,-0.2859960065,0.4266265666,0.06107001608,-0.5330240145,0.5245193479,0.103781622,-1.133213485,-0.5674418689,0.3198664546,-2.078835661,0.1739360594,1.181715069,1.676583553
-0.5319296939,0.6302197699,0.06191342678,0.4130926386,0.1734185824,-0.1600278534,-0.7174070386,0.9011923682,-0.509245866,-0.06883907811,-0.5693663668,-0.4303807578,-0.8043470309,-1.102623251,0.9889880336,0.4584984839,-0.6498938751,0.2645918106,0.8331626681,0.671105748
0.1329714839,0.5630720945,0.2731652563,-0.6602611231,0.5250097235,-0.5872766401,-1.000506192,0.2909886751,0.2189542246,0.01398016992,-0.9584751048,0.1109468054,-0.1849777699,-0.9813728488,-0.3491852809,0.1317752164,-1.282960519,-0.0298809075,0.4686126065,0.2470704746
0.3149826698,-0.2955168433,0.1384702264,-0.47487616,0.01384259966,0.1804392542,0.1168250051,0.4089747835,0.4119638887,0.1824451828,0.101658262,0.6327391688,0.5048667073,0.3342815073,0.3172156591,-1.184753682,-0.9095942249,0.2542790123,-0.1445673875,0.6998164281
0.621879562,0.7054406185,-0.05293831676,-0.6850279491,-0.3680163865,0.2729328994,-0.5126185124,-0.813696578,-0.6291167286,0.458906773,-0.6554841179,-0.8655517268,-0.861358252,-1.260129142,0.2840248099,0.2569779581,-1.30772569,-0.2923432076,1.196592955,0.1431497225
0.03636739715,0.2572256047,-0.8662187327,-0.004535453884,0.4848625256,-0.4947759783,-0.5016303827,0.05816213986,-0.4706780003,0.6567934776,-0.5794410514,-0.420483864,-1.021359283,-1.010970686,0.6193232065,1.047214319,-0.6030862301,-0.2801829243,0.7301524998,0.0630721006
0.1957329579,-0.2078720154,0.009867415986,0.04371691859,-0.2978121259,0.8514360079,0.3065497845,-0.3339991237,-0.1333654975,0.2051238377,0.4519671567,0.5514397578,0.05920304524,0.1379777222,0.244237433,-0.03223539216,0.4491167597,0.1560093319,-1.157723046,-0.4768230482
-0.1621955186,-0.3284810449,0.5617756487,0.4394084524,-0.09049570554,0.08848686355,0.4767624392,0.3277496672,-0.3023783789,-0.04673396895,0.9410130931,0.4187465885,-0.3492268479,1.182955173,0.0771511878,-0.1947686275,-0.9151410875,0.2879275708,0.4876511599,0.7417460008
0.009854954146,-0.1598630147,0.262393079,0.5412940114,-0.1151771505,0.4330226042,0.2529096,0.171003133,0.2010054185,0.09365148395,-0.2466131803,-0.6198855413,0.002244093638,0.3733008136,0.3870391399,-0.5856662572,-0.7393398801,-0.9463061701,-0.05159666298,-0.5672468509
-0.6253150578,-0.4009830551,0.3137319244,0.7676666416,0.01021814688,-0.5811582843,0.7378723255,0.5239304219,-0.6279975803,-0.1112286282,0.7126501914,0.89474467,-1.36446716,1.231323913,0.9748294797,1.000907515,-1.67047821,0.3422562081,1.320968869,2.441792244
-0.4514920218,0.20701807,-0.0551726124,-0.03438788238,0.050186653,-0.2295932244,-0.2591479726,0.1417801618,0.3224900292,0.4724657865,-0.4944955871,-0.170457323,0.3937194082,-1.631726185,0.737163024,0.3050697727,-3.707636686,-0.02828652811,1.310089059,1.226024116
0.259186278,-0.1798052489,0.7242741395,0.1614297759,0.2124586232,0.4322829511,0.5676191139,0.5010548461,-0.05008041952,0.3606949995,1.125864667,-1.200545332,0.2575343707,1.232361779,1.005471989,-0.3218982186,-2.034314767,-1.345011958,0.5872105897,-1.145101195
0.4755365508,-0.3396851708,-0.05618978184,0.3735377236,0.1860689801,0.6618059944,0.02655475023,-0.2057158682,0.3328300778,0.3311582063,-0.2470100177,0.3521427211,0.5473615024,-0.2803576202,-0.5427046535,-0.5676965925,-0.4403326586,0.06245390769,-0.2614751883,0.1351320182
-0.5943419709,-0.03347350186,-0.03895280762,0.544578807,-0.09210868945,-0.2918839924,0.04144266254,-0.6514410929,-0.6384945709,0.03380819202,-0.2350603116,-0.9212891786,-1.000419852,-0.317586696,-0.3189051885,1.416312662,0.7384501268,-0.3681988205,0.598546186,-0.7287370634
0.4072187475,0.7075661472,0.1921791035,-1.378092502,0.1114673542,-0.04039864384,-1.11089697,0.5742794369,0.2837624174,0.1174257615,-0.6939868977,-0.3019100662,-0.01692325732,-1.517901961,0.183182945,0.3307774497,-2.989990769,-0.4156178601,1.099771598,1.018185509
-0.08307498745,-0.3367745108,0.4640055099,-0.06548601018,0.1655190503,0.1658442091,1.064118871,0.7594448732,-0.2479317486,-0.05759679824,0.4125901484,0.3572452132,-0.5687745612,0.8234216464,0.6068986131,0.2996435294,-1.035139759,0.7273822953,0.02901081205,0.05725076954
-0.4546835767,-0.3918795614,0.469748176,0.1022269944,0.1083532453,-0.4767904666,1.043215507,0.3354219734,0.1350960136,0.5298511276,0.460398955,-0.4244393434,0.1711944782,0.2063058033,1.24404252,-0.1346046056,-0.3480403376,-0.8001717601,0.5373514787,0.4381034689
0.5856537148,0.0052989752,-0.2045861762,-0.3479973788,-0.5732877715,0.6889138288,0.1161260254,-0.2802496855,0.3483532084,0.4764351371,-0.003818433045,-1.562162262,-0.01128748386,-0.1459409642,0.4776613292,-0.4732138992,0.7504006516,-0.9680028129,-1.029382624,-2.622169832
0.165204603,-0.3572600784,-0.213361619,-0.04036663589,-0.1221740935,0.0448476361,0.3360147395,0.3548704296,-0.0613799405,0.1376936761,0.09909026482,-0.4657000633,0.144126108,-0.4441421298,0.11891187,0.2666121347,0.06118350978,-0.03831177217,-0.7918870825,-1.506350362
-0.02769046862,0.2088617171,-0.4285766404,0.07504492425,-0.00746712098,0.7878211393,-0.3444738812,-0.319598642,0.7430513255,-0.3254539434,-0.200485456,-0.006393801637,0.825007663,0.07611078433,-0.7259085051,-0.4517777425,-0.5516042799,0.2564797928,0.04598953338,0.1887546606
0.3922243949,-0.04918491604,0.5971892749,-0.007720842699,0.3775468426,0.7828906041,-0.07086070295,0.7816947729,-0.1649508118,0.3649836797,0.3243654241,0.1009558812,-0.787987362,0.1058141659,1.234674657,0.284692096,0.3314426749,-0.5113406641,-0.1729191195,0.2311364622
-0.8443748987,0.0968291759,0.0722189014,0.7175704022,0.2191457087,0.2456386192,-0.0709158366,0.3108117062,-0.0641658073,0.2033822908,-0.1890763206,1.529827637,-0.05314676149,0.01541182123,0.6690613774,0.3943626241,0.3822925166,0.03835204238,0.1231744489,1.837584746
0.2927349751,0.04361222639,0.1560644462,-0.8787743937,-0.1986213395,-0.2325905185,0.8448398781,-0.1511183754,0.9623507721,-0.7873554367,1.272253047,-1.03651041,1.222561085,2.851290644,-1.21070831,-1.023469,-9.415535328,-0.4440107375,0.255641953,-0.5712288612
-0.3889435869,-0.4043022619,-0.4432251763,0.6714941636,0.2336103325,-0.292821964,0.8293517815,-0.1895102809,-0.1756270259,-0.0460945831,-0.3816613246,0.4132999294,-0.07412017794,-0.2885046426,0.4559074942,0.1083094397,-0.1289157134,0.2235559738,0.3871524394,0.2992584809
0.6839466555,-0.3717041892,0.2208003683,-0.05511678583,0.2179054331,-0.260745916,0.2453225523,0.7253800594,0.6112318352,-0.3326612631,-0.01847514178,0.09989943217,0.9820357946,0.4029979625,0.174384882,-0.6884316213,-1.081186494,0.2463930249,-0.1061451072,0.2243946834
0.1868999655,-0.1901877642,0.1108185816,-0.1989397366,-0.2819055272,0.4849186588,0.01487470239,0.5251731569,-0.03776410572,0.09488034043,0.09221012181,-0.7736807642,-0.224979549,-0.6660811868,0.4185023017,0.01228223543,-0.2186312522,-0.6640314602,0.0873120001,-0.806634983
0.5374315519,-0.2384817685,0.3076164008,0.3699578778,0.2168377521,-0.04944578382,0.006253746395,0.02273394317,-0.460636524,0.3041716966,0.4070125107,0.7313750764,-0.8861446807,0.113387242,0.4969936941,0.4907102343,0.6041404155,0.4562282441,-0.1273747457,0.590401928
0.1679919326,0.1356098351,-0.1369098468,-0.02105034233,0.2319370079,0.3547275835,-0.1175072611,-0.281353957,-0.3677807388,0.2049064148,0.1867414645,0.3833811993,-0.9065579238,-0.0367512217,0.1043075489,0.5493162687,0.9510174553,0.8774672895,-0.4323654712,-0.2656846302
-0.3267517964,-0.2490035317,-0.4292305596,0.6317864199,0.2032588246,-0.5021640904,0.8262832279,0.4251389607,-0.05566575772,0.6575006957,-0.03013752822,0.1348377134,-0.1672388285,0.04393649088,1.221533086,0.397540728,0.3271360772,-0.815884719,-0.2472750624,0.7247470361
0.1856531442,0.4427998788,-0.3026185528,-0.5157909529,-0.3449207441,-0.002588932116,-0.05316075463,0.02410261613,0.04157946924,-0.6294089938,-0.3099295459,-0.433878446,0.1976646063,0.3828844199,-0.5304668053,-0.02770884752,-0.7682611753,-0.2612196425,1.060763113,0.4062306302
-0.02215481004,-0.476205679,-0.3066812369,0.6153756102,0.3104368471,0.2400051608,0.7564087846,0.02923497473,-0.2069340806,0.03220874019,1.237007507,-0.2339591318,-0.1762508998,1.889687409,-0.1048589527,0.8125179897,-4.209278424,-0.5977198387,1.429708823,1.253402548
-0.4022390325,-0.0661820613,0.7343879141,0.7165785465,0.3203680751,-0.4412691974,-0.1728105759,0.797792943,-0.4610917241,0.7620441705,0.04144599577,0.48308063,-0.9251734325,-0.8967667929,1.594293709,0.6660945081,-0.8438015891,0.7276231374,1.340062289,1.795327997
-0.1048734118,0.06890479073,0.4175450291,-0.3003449142,-0.2706538964,-0.6199767079,-0.2453069319,0.5395930154,-0.2150808267,0.7361174256,-0.5538440901,0.1620138785,-1.196353181,-1.982713656,1.355267673,0.344595623,-4.377250981,0.01376936897,0.9180684788,1.087967602
0.1424587921,0.2465112063,-0.3463569497,-0.743035296,0.0150683252,-0.104274889,0.1122011062,0.1646421863,1.075346543,0.3504328255,0.4104278836,1.034158839,1.106149281,0.09881064962,0.8509519526,-0.8601771306,-0.2795356367,-0.3654731837,-0.08556189759,1.273448461
-0.3665553261,0.5985710012,0.4237011626,-0.1428008827,0.08981233735,-0.140251116,-0.6758906893,0.4659844604,1.200071447,0.4432613732,-0.4744980016,1.552400523,0.9924276208,-1.284726156,0.7740685862,-1.613736705,-2.414859586,1.558762363,-0.8345212822,0.510782489
0.1855932826,-0.279006407,-0.07754684367,1.195693738,0.1757324136,0.2204615185,0.3595447282,0.3032443555,-0.4120784392,0.5869428157,0.514774337,0.5869079471,-1.047385667,0.5706702277,1.211615275,0.1978908401,0.1381021193,0.1607161808,-0.106942386,0.6439166585
0.2164133947,0.1858314925,-0.0980296429,0.2471411808,0.1083268389,-0.9087251489,-0.3476485258,0.335704266,-0.11060144,0.1776654972,0.1228242032,0.01311391256,-1.587965679,-0.2888144119,0.3430615909,0.1990678161,0.2543813972,-0.2519837135,-0.2141454058,-0.1110707666
0.4739901811,-0.1811059143,-0.0546762406,-0.4436907974,-0.2075240137,0.3612638385,-0.3064085431,-0.05264553623,0.592551858,0.02228994732,-0.6105429205,-1.603650711,1.109558469,-0.9756956924,0.2473735151,-0.23071274,-1.843522551,-1.747876153,0.9154867521,-1.466076469
-0.2906525589,-0.5725789287,0.1425805868,0.264193086,-0.7595574307,-0.04634955717,1.090551341,-1.029920117,-0.2799475193,-0.3405673826,0.7567072917,-0.0334303548,-0.1031989384,1.380260766,-1.194308903,0.3898463571,-1.624549999,0.3885146988,0.7867558915,0.386484913
-0.6368760474,0.2647714489,1.020097916,0.3335198676,0.4708491853,-0.5775375497,-0.04156498722,0.5059240347,-0.4612330666,0.9434850887,0.2925802635,1.13543291,-0.5724543481,-1.20097956,1.458438489,0.2683578227,-1.650807366,0.9055913128,1.040191986,1.847943161
-0.1971652207,0.4893288071,-0.4686810939,0.1330908656,0.2778222199,-0.2933867824,-0.549089962,0.2062473075,-0.2501592278,0.2465393397,-1.130091727,0.0292337848,-1.146639441,-1.832805097,-0.01943578705,0.3592316289,-3.179122845,0.5463327322,0.9857718405,1.127956388
0.4255999043,0.07401639949,0.1001791812,-0.3964448572,-0.2592479214,-0.1087281355,-0.3202649811,-0.09784719143,0.6106748973,0.6302524907,0.0886946534,-0.5027576082,0.5702942239,-0.203553218,0.4150570794,-0.5749062501,-0.2814641091,-0.891255903,0.4692128988,-0.6558688926
-0.418498107,0.2391387639,-0.05737967942,-0.190665398,0.4762785965,-0.2531561942,-0.5512252009,-0.178572475,0.06985269852,0.3675086389,-0.3321057161,0.02331182782,-0.0956236317,-1.186074073,0.2991564334,-0.3131636389,-1.221289888,-0.957388263,0.8487157894,0.8811941553
-0.05066426085,0.06452073933,-0.1521801751,-0.2272514778,-0.08068177647,0.009728066577,-0.2653730805,-0.7155626687,-0.0241813231,0.3412810091,-0.4049602841,-0.689845873,0.4998448021,-0.429801435,-0.3232711565,-0.1424671599,-0.1575214018,-1.160283412,-0.03927678039,-1.272703654
0.3392174962,0.4098526926,-0.2544532637,-0.1439167773,0.1247880759,0.4697728211,-0.3335200173,-0.003605880213,0.7727785653,0.4986997905,-0.03236834302,0.7638472201,0.5687811864,-0.7164515674,0.8823701698,-1.12497792,-1.088911102,0.3498886485,-0.4350635556,0.5719699366
0.2816631474,0.9030889136,-0.2388945677,-0.6647313708,-0.6122649463,0.01897595426,-0.8691642225,-0.9792095966,-0.1481576093,-0.116189753,-1.175207111,-0.2229912295,-0.09948819097,-1.239183052,-1.297795111,1.266438797,-2.107772165,0.004214827022,1.412645635,1.628244932
0.2166532786,-0.5834119254,0.8970380197,0.7422621545,0.3119684136,0.3080367333,0.9894218468,1.214980292,0.03654728336,0.8439006661,0.4181374193,0.3770676028,0.4911171034,-0.659757132,2.330314251,0.3471370934,-0.1929712444,-1.027389622,0.1716929923,0.3406179919
-0.06858838159,0.3383065631,0.8062560934,-0.4528603438,0.4197809594,-0.899968317,-0.08641288787,0.8232255884,-0.09056739758,1.04462853,-0.3179897911,1.403768528,-0.8498655717,-1.698652698,1.782341311,0.5896911247,-3.108655612,0.771342134,0.4108643581,2.217813185
0.3352736787,-0.4634903602,0.7565963592,0.6925658172,-0.08261785904,-0.09260645575,0.6842075164,0.708227764,-0.2863199723,0.267164511,0.2989358645,-0.8542166539,0.1018327967,-0.4688998421,0.9608788379,0.2719659024,-0.3596104045,-0.25422939,1.008855008,-0.08186181529
-0.4123487234,0.3923200659,-0.265396264,-0.2358575884,-0.281443477,-0.7038111012,-0.1355080553,-0.3178305464,0.135236694,-0.2851674584,0.1588380765,-0.594888066,-0.443333802,0.2816050821,-0.830675358,0.03936887712,0.02688916393,-0.8290842783,0.466274123,0.3562997478
-0.4051595927,0.1602199871,0.4959636585,0.4120305733,-0.01267485474,-0.8439387204,-0.5110862946,-0.3433062286,-0.06865946167,0.807665797,-0.4870339188,-0.2747410658,-1.41035927,-1.797728644,1.123715247,0.1447334535,-2.994087151,-0.4365591599,0.564584677,0.15999765
0.03463967872,0.3946958554,-0.1642151518,-0.4830034482,-0.08530168662,-0.31315051,-0.1763989373,-0.1819276046,-0.3062355711,0.2143036122,-0.8728707364,0.3272571872,-0.4804809457,-1.012537977,0.6039596309,0.2478223449,-0.7240952861,0.3563282455,1.018452013,1.107326753
0.2429564511,-0.1327831996,0.3034587544,-0.2564299003,-0.0634782522,0.7655988016,0.2870052306,0.1677237925,0.3835255724,0.6843682316,-0.2747574165,1.265796095,-0.05971669627,-1.047602526,1.069082345,0.005800158115,-1.344271444,1.1425226,1.660283678,2.593532608
-0.1651213821,0.4399453613,-0.4197976998,0.1431597919,0.3613220416,-0.1355163533,-0.952710648,0.3449156524,-0.2400442407,-0.09922815762,0.2543735844,1.469243158,-0.5041539361,0.9960787267,0.4787903873,0.2076254546,-1.396205082,0.2260252804,1.003416703,2.849744463
0.1494926302,-0.6453190028,-0.1655869266,0.8604249935,-0.1690922924,0.003713890718,0.5083138873,-0.4126894119,-0.5686333259,-0.4789648494,0.2303587973,-0.4738460672,-0.6555123628,0.4727046476,-0.007476683563,0.3198074129,0.3435436957,-0.1525435606,0.6464540327,-0.1065218992
-0.05521241643,0.4401663935,0.5496489801,-0.2144091796,0.07162344334,-0.2430529127,-0.509558906,0.6273189763,0.8440569178,0.141782936,-0.8823091963,0.7473368273,1.281715889,-0.9072764412,0.9677037778,-1.13919129,-1.601492262,0.4663903594,-0.4756166696,0.1776496962
-0.06791063132,0.1302438358,0.09948462949,0.01217548153,0.7444498176,-0.4715349522,0.5635987105,1.204380821,0.2660374876,0.3107725862,0.6537659351,-0.6130222021,-0.3870000867,0.7009710057,0.7767292108,-0.2369070575,-0.5684766876,-0.3126182164,0.01742351862,-0.4811860361
-0.4252321541,-0.186871311,-0.1218385352,0.006129971101,0.4756107492,-0.3603380125,0.4543311665,0.5558847956,-0.171084748,-0.1845661242,0.6478924992,0.658715329,-0.04323132103,1.622617153,0.1960523061,-0.5827038334,-3.206050958,0.4128140289,0.387871401,1.299211997
0.765862344,0.1413938117,-0.3454100205,-1.397473333,-0.2126156824,0.447021358,-0.01978361528,-0.1759978641,0.8803864713,0.4845406491,0.1653120721,1.134202351,1.316407567,-0.1860189832,0.9402780068,-0.255355659,-1.089979209,0.5304899965,0.5578451007,2.123357688
-0.2258004181,0.1276843268,0.3493384585,0.1180095747,0.3555969151,0.2611371177,-0.3446712048,-0.1673516754,0.5657723314,-0.05327681921,-0.5693292025,1.232979033,1.0209187,-0.5060034543,-0.2841348132,-0.6260561849,-1.050410408,0.8861513448,0.4770276591,1.035789036
-0.3265797924,0.03290994019,0.2456417028,0.5148019696,-0.02943498777,-0.4837795898,-0.5535614321,0.1910261542,-0.8595195944,-0.1270639705,-0.4538696468,-0.268005503,-1.149925166,-0.08651277161,-0.1525520946,1.007195817,0.326878797,0.2340014579,0.6092310803,0.2695897133
-0.4776845632,0.2316951986,0.1629726756,0.5216380411,-1.065470832,-0.5456520852,-0.6863302575,-0.4919695728,-0.09987159476,0.0325836845,-1.344452754,-0.7439221683,-0.0009078362731,-1.63464187,-0.5966307083,0.4189528323,-3.202882348,-0.03165480168,0.9484464315,-0.3130774641
-0.234298801,0.6246687868,-0.5856849175,-0.2979393237,-0.3861356043,-0.2717062926,-1.166459063,-0.7244258754,-0.147792862,0.04207642649,-0.9666981495,-0.5505793905,0.2246728953,-1.04274903,-0.2429416102,-0.08444037609,-1.219852611,-0.9971134426,1.191858118,0.5160327208
-0.7476208522,-0.008324571343,0.08131660952,0.8844760871,-0.5835327663,-0.7976763244,-0.03180866032,-0.2258587943,-0.7266859101,0.02831644576,0.07469397488,-0.3221223559,-1.430111591,0.30091702,-0.2597859991,0.7716949889,-0.03926758068,-0.4654712561,0.5940608182,0.01412336557
-0.3686000219,0.1483165662,-0.3241384143,0.7392428024,0.005403575348,-0.3471984467,-0.2096191646,-0.8426185706,-0.9186134072,0.1401000937,-0.02785723764,-0.8092640434,-1.230813016,-0.2647427525,-0.6451963916,1.083958952,0.8168856449,-0.680965768,-0.3673051482,-1.024293883
-0.03483647098,0.2398092778,-0.3793240388,-0.1336966136,-0.1975218502,0.1953235091,0.2124038739,-0.8977721935,0.8187780946,0.4195156723,0.3830319913,-0.7226063931,0.9936762585,-0.2016523667,-0.2872520573,-0.8312843778,-0.3685701139,-0.2847879285,-0.2570011958,-0.8699778486
0.7471743357,0.06854918763,0.541809098,-0.4556708798,0.1876602694,0.5233724044,-0.6689934473,0.157803524,0.3105399208,-0.08010274888,-0.4607457217,0.5422230507,0.6223406337,-0.6653013104,0.1119093765,-0.5451853679,-0.7546740565,-0.7456848099,0.4445948613,0.9736397873
-0.3086322227,0.2135392918,-0.1546383423,0.04503190479,-0.1227895471,0.07786189878,-0.8495461625,-0.4317643035,0.1481983376,0.1084930165,-0.3004465568,0.4084287956,0.9145568736,-0.2783010345,-0.2421504635,-0.3227391358,-0.3767943252,0.00208560931,-0.3327713916,-0.259446181
0.07169706611,0.09446555997,0.1542960804,-0.1594337162,-0.0005553706276,0.267397793,0.2828107476,0.02088851664,0.468823553,-0.5139846337,0.2401403677,-0.1341199348,0.9218448216,1.287056159,-0.4726052626,-0.5692434674,-2.388002119,0.7488769987,0.6050741714,0.6824351378
0.09506792767,-0.5055984149,0.1125033411,-0.516239222,0.4918930671,0.7630162743,0.7014911451,-0.350374818,0.6684436375,-0.05103552052,-0.05957732481,0.7324357566,0.7118369381,0.02839055165,-0.362902477,-0.1815463179,-0.6236301801,-0.3565304341,0.01627762616,0.07216790711
0.5021881149,-0.6304403734,0.02499222297,0.5739001834,-0.4385237705,0.3850116108,1.010977512,-0.275822412,-0.4950122978,-0.7532303822,0.4259281128,-0.3157689019,-0.6037602453,0.6952873914,-0.6765619063,0.1044448324,-0.9765052657,-0.2270703559,0.7414737285,0.2564128178
-0.08684769766,0.2182098023,0.7465457061,-0.2631033571,-0.2277667287,0.1504443074,-0.05332563696,-0.1335390548,0.006879330505,1.307248367,-0.5773530581,1.181980713,0.3035721403,-2.233027072,0.8288060744,-0.4696547053,-6.149211108,1.196820524,1.053500732,2.406020318
0.1559439639,0.1484373645,-0.1919218846,0.6022536582,0.1673102122,0.3085629427,-0.1633995491,0.3451399247,-0.3667336847,-0.2284889893,0.5221798966,0.005457280052,-0.546253868,1.60450344,-0.1848094913,-0.1443343856,-3.471694205,-0.2892198108,0.8182869581,0.2945421783
-0.5812495583,0.08036636518,0.4742131283,0.5595810244,-0.4010189888,-0.928142998,0.1003619639,-0.2959083022,-0.8613730666,0.08725664342,0.2427110575,-1.08131003,-1.888258295,0.219171818,-0.2970020026,0.6989177439,0.4947819598,-0.193919262,-0.1300552493,-0.9331700493
0.02779752498,0.3310279294,-0.1202781977,-0.418998345,-0.04782652669,0.2905438873,-0.7407649106,0.2639076694,0.7311088007,-0.1012314338,-0.5567260324,0.112181839,0.8674828946,-0.5474022159,-0.366938733,-1.31957197,-0.7158702092,0.7031921844,-0.6554790921,-1.051584103
-0.02152281946,0.2925438775,-0.1892922617,-0.4667406084,0.3852055106,0.1138657009,-0.5019255193,0.6043005739,-0.4092805272,0.9180519208,-0.3058170279,0.02899756157,-0.7521953143,-1.391006349,1.249896132,0.6761096499,-1.18111666,-1.240272091,0.6924701104,0.8034956187
0.5562533146,-0.2078626448,-0.2781106882,-0.4666763434,0.29634353,0.5812777712,0.7384205607,-0.03330762761,-0.3840882992,0.8550222522,1.080133543,-0.3137620862,-0.7405175365,0.6187197632,0.8749366899,0.6671240475,-0.3087235772,-0.7555250299,0.5378169894,-0.3260885156
-0.3870718037,0.2440620378,0.1460233207,-0.02981873083,0.1603670749,-0.3834672211,-0.413222412,0.3432912723,0.4169627512,0.1240236817,-0.7574824767,-0.6320452833,0.1714027571,-1.13668399,0.3461887134,-0.0827953751,-1.459386372,-0.1973980101,0.7456553951,0.1227090469
-0.3397914714,-0.06320635037,0.1139190076,0.6075802355,0.06807120961,0.4278599073,-0.4553227746,0.4656893034,0.0242500039,-0.422258301,0.2715508834,0.3632043568,-0.7535066188,0.5315948184,0.6612503682,0.1350128439,0.04718620734,0.5444751942,0.09080101985,0.3548758683
-0.126499341,0.2789363608,-0.247166853,0.1821496641,-0.4812930337,0.02435155754,-0.02946275054,-0.9951684378,0.340536403,-0.1226731628,0.6257955949,-0.0641044953,-0.1463326794,0.8167072413,-0.4055953258,-0.6391250873,-1.072387294,-0.5424427673,0.3908148015,0.2274057467
0.4431403219,0.02393522701,-0.1520045602,-0.5486796726,-0.07715344777,0.6671305414,0.09881019075,0.107749342,0.04548965128,-0.01298149999,0.4297893716,0.2354329637,-0.08536386429,0.9161308692,-0.09491893236,0.243796142,-1.160725519,0.6638690658,0.5595408744,1.346312132
0.1805985297,0.2763172202,0.06482536331,0.3116589154,0.2508069645,0.2213698392,-0.5163003977,0.3040498165,0.3357599258,-0.6878841674,-0.559298861,0.9744212193,0.7522487578,-0.1291348746,-0.09423799029,0.1419151597,0.2474269519,-0.01294317773,0.03657820726,1.271453767
0.5410549246,0.012544889,0.1295362378,0.09971249001,-0.4563865427,1.400479477,0.1730716799,-0.1404181119,-0.1670555222,0.1524938414,0.5778751865,-0.1808655054,-1.937268837,0.4063752297,0.07493373185,-0.3087378585,0.4601582126,0.726685196,-0.2914543356,-1.192152356
-0.1498623826,0.2899705363,-0.09450785655,-0.1121147401,0.0227888687,-0.387335905,-0.7403890832,-0.183786656,0.2323168924,0.1668170236,-0.1566470129,0.3708543691,0.8222690462,-0.152524284,-0.07658117775,-0.3751633852,0.3302773832,0.6716536319,0.1873593067,0.237570617
0.7627629235,0.4113313776,-0.4997466759,-1.604812142,0.07095257654,0.1510254263,-0.5955878745,-0.9144502016,1.421369004,0.5155347263,-0.25695799,0.1543633733,1.981984309,-1.147239873,-0.280177608,-1.232048157,-2.346323132,-0.307395063,-0.03404869221,0.1262309884
0.2508525343,0.3873387298,0.3214249516,-0.2601962393,0.1834885337,-0.1732448818,-0.7477737658,0.7511001304,0.5540771288,-0.3734568433,-0.722238481,1.583493326,0.8068121428,-0.7353196655,4.161706229e-05,-0.8967556168,-0.9356315122,1.509171169,0.1245105764,1.782023838
0.7601788408,0.1443567223,-0.4374050797,-0.396200066,0.05836471282,0.05730373431,-0.6442466731,-0.2120856634,0.4543301824,-0.380698516,-0.1898373251,-0.3298777529,0.08857144182,0.3652111509,-0.6848137269,-0.6302054726,-0.5114849191,0.3372537163,-0.04722585602,0.3071275499
-0.2008028198,0.2598849727,-0.1358918298,-0.239506424,0.3063307734,0.2986438379,-0.6827516312,0.1902193687,-0.01568078026,0.2590753371,-1.402166069,0.230730998,-0.02011134673,-2.432641764,0.7526006206,0.2305818855,-6.967999956,-0.1587007225,1.086569141,1.424921319
-0.1490594594,-0.6350956357,0.1328487191,0.1648041072,-0.103601892,-0.2944808158,1.453363167,-0.1326517253,-0.1557180633,-0.01407716186,0.9021118412,-0.9130224,-0.4252669649,0.9846201807,0.6160678786,0.4310991204,-1.357582335,-0.1711988008,0.9932057448,-0.8132620523
0.3317276179,-0.3483425089,-0.07616099889,0.4279215316,-0.364563052,0.09917540377,1.09181476,-0.07508477212,0.02859449364,0.8511592879,0.792079017,-0.2829370474,-0.1960963639,-0.06094275222,1.114276979,-0.09227206102,0.2759899027,-0.4372606086,-0.08168370421,-0.9801575195
-0.3377570361,-0.04060827851,0.3485602225,0.7304916335,-0.8265139585,-0.5796742817,-0.1845621757,-0.4030364747,-0.4626332027,0.04675328634,0.526056036,-1.012457756,-1.159029085,0.7813341449,-0.5524856894,0.3290301942,-0.02313884019,-0.6837853986,0.6217020875,-0.425929836
0.50416944,-0.3531173308,0.350050038,-0.3376505523,-0.3863350751,0.383198798,0.5010665316,0.04128700867,0.3034821835,-0.01029881315,1.063186823,-1.050225981,0.9106626766,0.6922378761,0.1360472518,-0.1237273874,-1.205164482,0.5818098998,0.5225670862,-0.6526872581
-0.588360936,0.04012400654,-0.3705009198,0.8085787563,0.1977216129,-0.5701130115,-0.4191024739,-0.03607412811,-0.2434059455,0.1158645639,-0.6619995318,0.7223767485,-1.306022782,-1.302381602,-0.1136714513,0.6471683923,-0.9385586366,0.6544395813,0.8769402244,1.389439128
-0.07138036954,0.1036105378,-0.04217588113,-0.2581486158,-0.4296780036,-0.06901800755,0.2894329841,-0.6879926603,-0.3256717559,-0.2099968638,-0.06449120371,0.3773701146,-0.01694628301,0.2617276202,-0.6022725777,0.6375905766,-0.3259040941,0.6593777618,1.011492919,1.625546932
0.1071636771,-0.2742307452,0.07290347051,0.2769335576,0.09594925827,-0.04031053011,0.573790077,0.2733474049,-0.3643912104,-0.3129788773,0.6171646824,-0.1560739266,-0.389219311,1.421677457,-0.02968358463,0.1086506102,-1.758299002,-0.1054401095,1.241315418,0.9414994874
0.7210340406,0.2987269888,0.1191041431,-1.024438234,0.7055351224,0.7508900305,-0.07291362714,0.5658168713,0.2981189031,-0.2193890114,0.005567511884,0.7207383864,-0.07630558854,0.2766379988,-0.0802352967,-0.337068742,0.09771862093,0.3966562929,-0.2116582264,0.7582649908
-0.2240779221,-0.118417719,-0.03340535404,0.389055069,0.722829503,-0.04201700131,-0.6383781666,0.6337843374,-0.2404803637,-0.1542959394,-0.3379252011,0.263798344,-0.5373766631,-0.02725767504,0.5624441879,-0.195787395,0.2080638658,1.037800127,-0.1818070744,0.14561497
-0.1952838073,-0.5766365129,-0.3240367976,0.4738115308,-0.2643899259,0.3825836842,-0.08077438055,-0.3252258773,-0.3267926252,0.07067329539,-0.6190817071,0.3119227112,-0.4962954134,-0.471361115,-0.8601777581,0.2689284634,0.2288399031,-0.4268997306,0.7848017435,1.444381832
-0.09412738705,0.5847453404,0.5232688583,-0.375713342,-0.1278543498,-0.3406053115,-1.130971239,0.1321793926,-0.03750407283,-0.1619192635,-1.209908759,-0.01976500104,-0.1299838819,-1.447768544,-0.1023789728,0.1541832825,-2.315224763,-0.3139133808,0.4511258049,0.8691799041
-0.1521128238,0.2172440152,-0.9483968462,-0.05415496253,0.4519504774,-0.5041231532,-0.03657006425,-0.01066229068,-0.2450045177,1.068712378,0.1835421709,-0.2875972756,-0.6722434385,-1.328915754,0.2926991228,0.3921433567,-1.792800629,-0.3765204122,1.090286978,1.021461995
0.2401118963,0.174428673,0.4523532569,-0.5784288909,-0.9727094269,0.05031003091,-0.1012089272,-0.4667803922,0.8403087662,-0.07488923169,-0.1240783098,-1.460827726,1.27568431,0.2321887947,-0.6262568321,-1.14412795,-0.3204128587,-1.483711193,-0.6006699657,-1.918613479
-0.1496573194,0.3822127483,-0.3075964387,0.05237998389,-0.2262443095,-0.3212578456,-0.2800434306,-0.1754097613,0.3088147447,0.1711591875,-0.01888152864,-0.7185303146,0.2853404151,-0.7276167924,-0.3188724934,0.2418476416,-1.258257918,0.2607395603,0.6391734096,-0.2772694937
0.4949501808,0.07729569751,-0.09107449845,-0.9086587521,-0.6597665239,0.3945669202,-0.2107217888,-0.6023835666,0.843466446,0.2789899597,-0.180508944,-1.901156554,1.121685187,-0.3522294941,-0.533081877,-1.259576924,-0.5810553315,-0.8723725319,0.2338895402,-1.753688221
0.08630666242,-0.3695938018,0.5097573535,0.2325231271,0.2656203313,0.1837855717,0.4411925565,0.5269011603,-0.1142484365,-0.0671917611,0.6301280409,-0.7811843556,-0.2659891981,0.8078166829,0.4480054721,0.1524981888,-0.4658701367,0.1123725374,0.3611247763,-0.305081165
-0.4970984233,0.5981108455,-0.8174032551,0.0841306299,-0.01346582216,-0.2737418341,-0.6405869222,-0.4304740493,0.05612085199,1.399938245,-0.0613495586,-0.8437626617,0.4861975165,-1.682724952,0.7694739376,-0.3941313614,-3.424296342,-1.359122902,0.5029427601,-0.3133871454
-0.0452723537,-0.2588493235,-0.4270476761,0.1951579811,-0.03466511195,-0.2134753107,-0.4672729752,-0.1379366206,-0.5106778285,0.5712629245,-0.6086961404,-0.5374473687,-0.8909256164,-1.262662087,0.2762566323,0.4877736059,-1.642584858,0.05486156583,1.035381103,0.630052739
-0.09459583014,-0.266237697,0.09185014791,0.1455117369,0.1962257639,0.1697094735,0.09697334694,0.8599222111,0.235433267,0.1510185747,0.5949574689,-0.3573704857,-0.4669934874,0.3993560959,0.8578174475,-0.7391464849,0.2670428393,-0.8585820439,-0.8378459398,-0.8434352379
0.2753581334,0.6583205847,0.1601540022,-0.5891461686,0.1385863818,0.3072316857,-0.8818579945,-0.1151130879,0.3909517077,-0.3733499682,-0.9523039843,-0.2813711497,0.6373349144,-0.5395319862,-0.737596399,-0.319327635,-0.6885266988,-1.012798758,0.2330499378,-0.07194900839
0.6634250871,-0.256923459,-0.3753200671,-0.8952437105,0.5563787003,-0.2522090091,0.3855628169,-0.09640597923,1.116847818,-0.115051282,0.1339884498,-0.2906749477,1.060086191,1.003543517,-0.487850324,-0.6620315649,-2.170581085,-0.314656804,0.8026261015,0.8719998367
-0.08478341146,-0.5423989696,0.03292993709,0.07233708661,0.060080125,-0.08984973184,0.5225862854,0.159759209,-0.3590797593,-1.067991704,0.8442006156,-0.7094851007,-0.5111115429,2.279551847,-0.403034286,0.4399916963,-5.999365569,0.165115023,1.011931963,0.270046831
0.7753246511,-0.7702285981,0.2520208929,0.08768048956,0.8663662176,0.3502397865,1.32749944,0.5701491725,0.6886423734,0.2104758999,1.294052156,1.236072142,1.008555337,1.953863618,0.5277556938,-0.958163375,-4.584060204,0.4697907656,0.1274958771,1.76516545
0.3893492951,-0.2846453776,-0.007769921305,-0.2996751076,0.4811925227,0.452423961,0.3836347206,0.5023032685,-0.01533250481,0.4645183842,0.4820567563,0.6625424736,-0.2142765334,-0.08659379574,0.7361658094,0.1959028261,-0.057761521,0.03877065826,-0.4470587265,0.04092694039
0.6062532947,0.06694896182,-0.3181400113,-1.094140241,0.02842575387,0.49914858,-0.09216526335,0.2764624491,0.4750744096,0.515935206,0.3525763842,-0.8617070744,0.2387349941,-0.7377605752,0.2471885973,-1.245782365,-0.8537969245,-0.8230190526,0.1617860935,-0.5040388041
-0.06819194127,0.4654715114,0.1881450841,-0.0392330514,0.2995218065,-0.4242831246,-0.4994923637,0.3731313174,-0.822117326,0.2484757578,-0.8321824434,0.5909414946,-1.060455269,-1.673098341,0.4110958033,0.9342933333,-2.675088144,0.2330297804,1.426079967,1.895547603
-0.1281775648,0.01705735564,-0.2237545497,-0.08140238161,0.4767722229,-0.3382917423,0.01162658904,-0.8480230908,-0.02725105463,0.3166854834,-0.1421817351,-0.4415019078,-0.08622602131,-0.9320533629,0.211466887,0.581591676,-1.170615637,-1.184914031,0.5006693958,0.7999515788
0.1040027242,0.2925781678,-0.1186196498,-0.1389676807,0.8170364128,7.568306433e-05,-0.471544552,0.3461481561,-0.2694705948,0.2373631126,0.423511688,0.3458155567,-0.4994400855,0.01526071918,0.1604015277,0.4014134023,-0.2426051836,0.52973958,0.5459086417,0.8405914432
-0.3504974036,0.1225299651,-0.1901072145,-0.1270048439,-0.4739178321,-0.02481792533,-0.2587312918,-0.1453020945,0.03495521014,-0.1053973319,-0.7592752061,0.3555916167,0.5875314895,-0.5766767243,-0.03497301362,0.2688288375,0.003068313343,0.300783879,-0.4722033206,0.01365543461
0.2583210438,0.2079656617,0.1018126984,-0.5785083918,0.5535998211,0.2478569879,-0.06164704978,0.3966230603,1.053709029,0.7082359386,0.6090480572,0.06504082002,1.132790566,0.3007209,1.417130443,-0.9349812817,-0.5648590384,-0.5772672947,0.05820627437,0.04183632851
-0.0966377452,-0.2597973142,0.2836700773,1.037285587,-0.443514556,0.2995976022,0.04718126112,0.3379987003,-0.6019600572,0.6094857547,-0.524121773,-0.1130616917,-0.4543742703,-1.047072736,0.5885039492,0.7996671226,-1.211001429,0.7406045407,0.7731552824,0.601769197
0.2513601325,0.02716859467,-0.4566913929,-0.2706317984,-0.4414130908,0.1376543765,-0.06067145951,-0.8603727298,-0.3696622379,0.5590132997,0.2674573453,-0.7074885689,-0.4781743551,-0.1885672569,0.02066493775,0.6152524892,-0.1286941746,-0.5233266571,0.7782842509,-0.1379589019
-0.1390211064,-0.09869625403,0.3052382574,0.3392764036,-0.1544249266,0.1934876781,0.2741210103,-0.3960878388,-0.7183673265,0.1577774152,0.2703895535,-0.4559111168,-0.750029687,-0.2455766753,0.1139645312,0.008419453741,0.3253699473,-0.113620663,0.0195625753,-0.08980378345
0.06381001167,0.2927192617,-0.1850646037,-0.1864530046,0.5279800321,-0.2073849897,0.04224839697,0.5797819817,-0.2090647608,0.08870271781,0.3023192395,0.8567200152,0.3264643003,0.3021719835,0.5502009053,0.4917360748,-0.3367616956,0.8600562992,0.3197350964,1.092912936
0.2766699094,-0.2820258468,-0.1251554105,0.1067641185,-0.1331866195,-0.2340174739,0.1962626719,-0.03786780049,0.1055729413,0.1489583991,0.7881485213,0.05600099251,0.2268091885,0.8417189928,0.1517897115,-1.063129118,-0.9946384356,0.3884457082,-0.1128564993,-0.859005082
0.4433063538,-0.04013159729,0.08398164426,-0.309363326,0.2249103624,0.4153161929,-0.2694440944,0.5427684063,0.3571863155,0.2235319109,-0.0909301731,1.708492932,0.7237302461,-0.869414753,0.7180405276,-0.3247868447,-1.098973564,1.197290722,0.206489615,1.996888954
-0.2106069655,-0.2466140617,0.178855069,0.4509951925,-0.2490360261,0.1226393261,0.0599337227,0.4346478868,-0.04846224225,0.3899138984,0.3296727239,-1.612490377,-0.4414339064,0.3701854886,0.2571979183,-0.02988124634,-0.07749749647,-1.160747132,-0.006751853078,-1.003759761
0.5014361131,0.4753029959,-0.1757826774,-1.168083212,0.07743122354,0.07689084571,0.1688822718,0.1269560003,0.694915723,0.262079736,0.0623411899,0.4825933695,1.100522518,-0.2087892833,0.02560911605,0.1507220484,-0.6792572951,0.3383905153,-0.1940607272,-0.05481021813
0.2461517106,-0.152413336,-0.5465435849,-0.2770844931,-0.005789867939,0.7924421619,0.3958385655,0.1455171612,-0.08621884664,0.1127698895,0.6647840766,0.1219449589,-0.9769825334,0.8156652876,-0.2117058496,-0.06350683915,-0.5562284991,-0.008004537912,0.6000071377,0.8470943556
-0.9343295272,0.1048099512,-0.4016402119,0.6346453949,0.09985158554,-0.674736953,0.1664035151,0.1487821625,-0.3506523508,0.7179796033,-0.1013792643,-0.07305854138,-0.7534675268,-0.7087281237,1.347534922,1.039492352,0.00419099729,-1.079522078,0.8625095728,0.3948153858
-0.1675881089,-0.05001342294,-0.0151492688,0.5670691216,-0.37955219,-0.03846511615,0.0005844421385,-0.3671003446,-0.3631911799,-0.4067306191,-0.3211141248,-0.2192469655,-1.018142986,0.05118773524,-1.310939806,0.8483994932,0.7671323707,0.2514774863,0.0004978760777,-0.4858643549
0.06906635194,0.7965427838,0.2677762791,-1.567247689,-0.8491888429,-0.498493629,-1.263466924,-0.4191739087,0.8853307923,0.03618471663,-1.238106714,-0.6578438928,1.25820928,-1.752295189,-0.3966248896,-1.354538167,-4.59133369,-0.153327482,0.1453145569,-0.513653517
0.5252961146,0.05591078162,0.3873121525,-0.5134653407,-0.3517678275,0.1640086522,-0.1113208408,0.8693897172,0.6351218309,0.2100551613,0.001536053358,-0.07003968459,1.308449754,-0.3083129313,0.311563746,-0.8794108466,-1.455849749,-0.309814975,0.7614363445,0.987129279
-0.3249200339,-0.1637722318,0.1007268167,0.1394930309,0.8617477642,-0.6605674001,0.6610594276,0.2550905467,0.2914733839,-0.07654743109,0.02381640598,0.3199076801,-0.08102347137,0.1155179941,0.1387612614,-0.6484966877,0.1483306529,-0.003432750539,-0.6603915886,-0.6374343559
-0.04830914426,0.01275014939,-0.1501472951,-0.03205233432,0.1975674776,-0.1249775912,-0.2897306255,-0.2273260026,0.5130789495,0.3654733419,0.04453470344,-1.049907574,1.170744231,0.2636813327,0.2827816472,-1.159388855,-0.3658564517,-0.1397478664,-0.5571227139,-1.086378025
-0.121755243,0.2400838821,0.03704385671,-0.3103293078,0.1799169762,-0.0951325375,-0.4136494588,0.3080988419,0.3018067653,0.0773282412,-0.5048976072,-0.1552577891,1.109103104,-0.8131081334,0.7465593547,-0.5255148543,-0.9679391625,0.3127523544,-0.03736615236,-0.1432532357
-0.5115199628,0.166773239,0.5307097007,0.8762952471,-0.2825446218,0.5368414083,-0.7079335658,-0.3260516962,-0.5293145858,0.0409777881,-0.01376097447,-0.3687793615,-0.9364785538,-0.7387672741,-0.2015152868,0.2681521345,0.1327525201,-0.2889013419,-0.1267761997,-0.6850530675
-0.241900414,-0.2077859386,-0.1112786401,0.6432509725,0.4625407591,0.1405665924,-0.08095483024,0.5463067206,-0.4579235284,-0.1250026735,-0.9173404673,-0.8623304019,-1.048106245,-1.129427763,-0.267715176,0.4126344431,-0.7356662399,-2.121119629,0.5711889546,-0.2127956803
-0.01928487121,0.2638741433,0.05071421061,0.4192985878,-0.2033877226,0.6224272298,-0.3344217768,0.05844885784,-0.3928360148,0.6297752139,-0.5934443982,-0.9401308617,-0.5429571649,-1.901844801,0.8415923459,0.4395137946,-4.0234481,-0.517597057,1.141133538,0.2448305284
-0.5011712072,0.09099672883,-0.5102484153,-0.04724971579,0.1460310812,-0.04564021996,-0.7389713225,-0.5382765016,0.5693999581,0.02491948216,-0.4910841417,-0.3790725539,0.5584564922,-0.7213074151,-0.6755541295,-0.2516861485,-0.3678416466,-0.9994401488,0.5571242141,-0.2093939482
0.3277548684,-0.3967436442,1.004834944,0.2306082387,0.2645923358,0.1596707808,0.2503837707,0.4194018969,-0.2729603147,0.6549762542,0.02418714919,0.8106572877,-0.4446855811,0.282833688,0.4755655266,-0.0158672259,0.1798192991,0.3697212827,0.2180577437,0.9410060637
0.07028558011,0.5375125973,-0.1096776699,-0.2681619205,0.2773865921,-0.3934436711,-0.1208061393,-0.2758153696,0.3647102335,-0.703412389,0.07104920975,0.1887615122,0.2512765113,0.541426221,-0.9351413666,-0.7213838954,-0.6556993229,0.02849489016,-0.3156010199,-0.1672604361
0.2981310462,0.4619977441,-0.09421192395,-0.6512340824,-0.6796502473,-0.04399386177,-0.3545191401,-0.4674089578,0.196617411,-0.1157768919,-0.6948607667,0.3674980434,0.1359132522,-0.5940981733,-0.5996152117,-0.2839524755,-0.5361981913,-0.1448625062,-0.3758766253,0.1041966223
0.03218706573,-0.001832247755,-0.2280780107,-0.1866955111,0.2363689929,0.2139906281,0.4313046534,0.2101683803,-0.1050910671,0.02997084775,0.04831240934,0.2476202161,0.3569058031,-0.01661775058,0.2854819802,0.4010379341,0.1178072812,-0.068138017,-0.6758484365,0.7017240294
0.611551622,-0.1577358712,-0.356401292,-0.1786786742,0.05618555591,0.1450766953,0.1498559938,-0.3520801566,0.3286809114,0.001660236577,0.702784672,0.09633197177,0.3748398413,0.9852768918,-0.4490281565,-0.5924496513,-1.087497747,0.3169081083,-0.3128873642,-0.2489307266
0.001041455403,-0.1044797536,-0.6901787992,0.5757865546,-0.3005460757,0.173199273,0.01065565136,-0.9214904477,0.1196474921,0.1570401282,0.2941224575,-0.6586069382,-0.565281481,-0.1306260875,-0.4684304414,-0.8460721236,-0.02199794086,-0.9774998748,-0.7056054677,-1.229799393
-0.230006545,-0.04055617306,0.0005506168364,0.313214335,-0.2822164934,0.2446757502,-0.3278468634,-0.166117289,0.08504105738,-0.1360543537,-0.3138692544,-0.7776930872,0.4120190738,-0.488363013,-0.5112358469,0.3375649531,-0.03857279408,-0.5623602598,-0.2497334925,-0.2413431675
0.6180880609,0.01319788033,0.01609435494,0.1598578934,0.7944356637,0.5746271929,0.05202383091,0.5013133213,0.4876923989,0.09580967169,0.07199291307,-0.5897615633,0.346345707,-0.176516432,0.7014175022,-0.9746231593,-0.580137504,-0.5556471212,0.6729770921,-0.3363643542
-0.1264488519,-1.03907822,-0.036653905,0.5104774053,0.1811654503,0.5132855939,1.673576007,0.06429432899,-0.6588758275,0.08976195015,0.7031324883,0.1472666364,-1.036590965,0.6518428152,0.4011653564,1.565754036,0.8040403951,0.1237321543,0.3618097634,0.8538926141
0.4115310222,-0.07258309872,-0.5184673591,-0.8584365042,-0.1177885207,0.5798238298,-0.01995475354,-0.9738085354,0.3591596132,0.09398816337,-0.0660307988,-0.223458441,0.2057820056,-0.8438256985,-0.7297722242,-0.7429402601,-1.256368327,0.1574338989,0.1207683225,-0.2843770376
0.1210275002,-0.3156531846,-0.3838065499,0.6190476215,0.2042216085,-0.2621976272,0.9389448245,-0.579390183,-0.08774055814,-0.08232827455,0.7716956135,-0.2239974671,-0.1617758983,1.478786296,-0.5229878144,0.04653969578,-2.690842982,-0.5429945555,1.099572239,1.209088522
-0.4703567431,0.06582805359,-0.4896980571,-0.1201161213,0.05883461627,-0.4035824094,-0.05464171688,-0.2002143833,0.0778814493,0.465081842,-0.6982940365,-0.7701295177,0.0936696193,-1.414113872,0.03579489998,-0.4386593194,-2.108844685,-1.036924774,0.3325143411,-0.6599922469
-0.2793514096,0.09213510806,-0.5495997138,-0.3730397401,0.1223207666,-0.3553709963,-0.7465306625,-0.6626032396,0.7792255335,0.1055295755,-0.2550650583,-0.4513113996,1.149386912,-1.057810599,-0.6627894103,-1.181470256,-1.743351363,-1.066019279,0.4385264516,0.1223403702
0.4080805036,0.07312321073,-0.5871345551,0.3123310843,0.09412359943,-0.3519907219,-0.0812755518,-0.630488601,-0.1753198822,-0.4214700937,-0.08877732503,0.2186097581,-0.0932860761,-0.2133255804,-0.7748525204,0.457041044,0.1555013133,0.0757097453,0.2889061273,-0.5527151805
-0.6539359521,-0.6225702081,-0.2136385929,1.061036109,-0.5276555029,-0.5276523602,0.3145487318,-0.8367849676,-0.5289164093,-0.1511986963,-0.06326958569,0.813991192,-1.00135433,-0.5002779339,-0.9485043187,0.6847960349,0.07872757592,1.24754003,0.1197286495,1.200030406
0.3432494704,0.5077035592,-0.1504669258,-0.3412844951,-0.2978182928,-0.5468879075,-0.202683557,-0.4998278254,0.1959924873,-0.1480504879,-0.1468872336,-0.1718402122,0.1160630326,-0.8007994607,0.1861481057,0.08455946746,-0.9134421133,-0.1829223143,0.6210117287,0.6513529639
0.6657517596,-0.06101529859,-0.153540158,-0.4134331367,0.4159292709,0.3986895705,-0.078146384,0.29338829,0.6441080208,0.1389168733,0.8370683812,0.2654640408,1.206864913,1.043971979,0.5524406974,-0.414040879,-2.400402616,0.07209976166,0.5673304168,0.5717670515
0.09898994224,0.4204311263,0.4042225882,-0.5908676995,0.0508238831,0.3589038192,-0.7828074633,0.1767744012,0.9948141165,0.6904062269,-0.2852524917,0.4964757423,0.4298249024,-1.292831287,0.655118667,-0.5655866711,-2.781006963,-0.1133308764,0.8050259653,1.411875679
-0.7833953227,-0.2454519936,0.4787806876,0.03978232494,0.6911477189,-0.1345473332,0.1446335335,1.322129074,0.2079089039,0.6620549702,-0.04298121443,-0.2712451636,-0.1872732622,-1.210795885,1.388539211,0.06866784724,-1.58223971,-0.14267563,0.4351146184,0.299848692
0.7021811304,0.1253241026,0.2267384026,-0.8329014091,-0.4878701229,0.9456986671,0.02824777548,-0.269657033,0.6188954789,-0.194150309,0.2869512055,1.506602861,-0.1920834885,0.2336108083,0.08849193523,-0.7128991954,0.05831543778,1.738174305,-0.4320526279,1.04025056
-0.1019328588,0.2577544047,0.03918341594,-0.587765413,0.2640318895,-0.2422946538,-0.6533389524,0.3376612586,0.7573503085,0.08664880525,-0.003392668711,0.2992018563,0.9914646306,-0.060346778,-0.1111190953,-1.409400761,-0.8058425692,0.1856962451,-0.007692815097,1.146658929
-0.2425366875,-0.04474018456,0.112744296,0.0486154495,-0.2287180443,-0.3247174165,-0.4306734685,0.2724780995,-0.2691195065,-0.2381981426,-0.4053844925,-0.9042112162,-0.936757471,-0.03533227055,-0.1253464601,0.6345315992,0.4449509901,-1.000244557,0.06227518526,-0.7130879804
0.3329427272,-0.009295577312,0.1168921404,-0.005784810201,-0.3956341537,-0.6365634445,-0.2221069256,-0.5104797811,0.1060693336,0.01481157238,-0.02394495319,-0.2128429716,0.3103903204,-0.4200514147,-0.4413485136,0.1120733077,-0.3774231056,-0.2074316263,0.4137498287,-0.151798663
0.08405397594,0.1439189743,-0.9095888033,-0.4514556286,-0.1284524416,-0.07973056573,0.547999443,-0.08903967175,1.081398755,0.9847852004,0.5073052679,-0.8896048499,1.212318059,0.05105457617,0.843266912,-0.9094868499,-0.8629156161,0.404867569,0.4526198511,-0.5799106173
-0.7009430246,-0.1427315013,0.1390157692,0.2623588714,0.4583440889,-0.9231812759,-0.1770516821,0.6657825295,0.2578797313,-0.2041013442,-0.3434433722,-0.4629075425,-0.09527602693,-0.5027433751,0.5742959778,-0.1151448235,-0.3560302833,-0.257334971,0.212036229,-0.9417152887
-0.3374541212,0.3970923004,-0.04112669815,-0.5043785373,0.1066128842,-0.378067095,0.006092281952,-0.01305087472,0.4176692479,0.0380421521,-0.5408754958,0.3473427904,0.1908518757,-0.7162330927,-0.5191264286,-0.1423561144,-0.5741802753,0.1583490904,0.4366117395,0.5416212498
0.1279303235,-0.02423416687,-0.2444570422,-0.252445742,-0.5228224835,0.4691370174,0.02543056669,-0.7363414065,0.007879295157,0.1040161185,0.2189201347,-0.8753841505,-0.4409308424,-0.6384634785,-0.8327197649,-0.3982448352,-0.6293783167,-0.3053012427,-0.006125342861,-0.774109462
-0.1194229624,-0.4099664515,-0.1772646584,1.022782658,-0.1442059202,-0.2063552388,0.26557228,-0.542685155,0.1717231137,1.031086698,-0.4039815257,-0.0712815516,0.5238935396,-1.454159704,0.4196795433,-0.3358744862,-3.23853744,-0.2698491139,0.442598125,1.308867394
-0.6344339966,0.0600117718,0.4579481632,0.00971779615,0.1127888734,0.08905244017,-0.1471009516,0.3079071571,-0.31503959,0.3217816796,-0.08813897578,0.05874086765,-0.6524989109,-0.2208056912,0.6198125252,0.2412455309,0.1419208895,0.2671033846,0.342499467,-0.1690644814
0.09580338381,1.014687375,0.0345115438,-0.5349493397,-0.8241407264,-0.2687971165,-0.7198134294,-0.6346244859,0.5195519473,0.1834534534,-0.5628658899,-0.812853817,0.6116325602,-1.560541535,-0.5327727369,-0.5149162111,-3.12435427,-0.2079441326,-0.3140086637,-1.183764874
0.3074172527,0.002104436669,-0.7579235426,0.1826698602,0.188915625,0.3762885942,0.2255049666,-0.1641015665,0.5204712229,0.1128164209,-0.0101952881,-0.281301521,1.054721006,-0.149654913,0.5569511855,-0.7015393003,-0.4137501643,-0.2003811165,0.1951781608,-1.042532485
-0.03450003802,0.1567519347,0.2616168001,0.8828115338,0.6902609093,0.1673173404,0.4958113005,1.08518957,-0.7183127507,0.5217080161,0.9056065698,-0.1670027855,-1.100534377,0.08602639681,1.303011652,0.8758340459,0.2039727602,-0.8980537003,0.9724151221,0.1021811087
-0.161038783,0.3951254885,0.3313139732,-0.4075176347,0.06916311702,-0.1417121345,-0.2084210514,-0.2395370458,-0.301259598,0.3364139792,0.4306433425,0.07551588243,-0.2827640486,-0.2841341468,-0.1996757899,0.7214060765,0.1304574497,-0.6676347364,0.4651738643,0.6409240512
-0.04748237793,0.1053204801,0.3750369999,0.1291103927,0.009697489387,-0.4552527122,-0.2985508848,0.09290231476,-0.5266445549,0.3835465992,-0.1703546643,0.7244084343,-0.1780119905,-0.9928496999,0.2185613191,1.001120613,-1.587134209,-0.2296084374,1.38489288,1.666441992
-0.5168570333,0.2000015169,0.2184436758,0.5140170571,-0.357569968,-0.3021360311,-0.7381151012,0.03827260048,0.3726133766,-0.7727346363,-0.9754653041,1.336457957,0.8658296956,-0.593176777,-0.5371819207,-0.4292623471,-0.5329331489,0.9293317317,0.1641388865,1.376048663
0.048174938,0.1350771026,0.2733390856,0.2611721095,-0.06982835991,-0.5960425054,-0.2149098382,-0.1561146839,-0.2505098457,0.2417304534,0.1975046159,1.103007802,-0.5037822854,-0.04702651582,-0.131978264,-0.1749953272,0.1599249458,1.44299553,-0.3077647373,0.6282070478
0.2960449764,0.2521989653,-0.1307755565,-0.626314157,0.008645063901,0.6392095128,-0.4399941089,-0.09648431563,0.2317067708,0.5163122365,-0.3864195123,-0.05860994888,0.4736975248,-1.289448011,0.66107587,0.1742741374,-2.024642963,-0.08239935513,1.101219708,1.225592839
0.01218954559,-0.4158025394,-0.2006666169,-0.2911770946,0.02167136006,0.5270019846,0.7699788885,0.3446240571,0.166850799,-0.256205139,0.8992812842,-0.1579622424,-0.3897043008,1.362305464,-0.1030730002,0.06888314953,-1.712851209,-0.2829608292,0.806526943,1.19009858
-0.3283712057,-0.3854763746,-0.510648974,0.4871848406,0.1805916865,-0.1787645476,0.01374454598,-0.8139694022,-0.4236821327,0.3110254299,0.5608326329,0.2823852925,-0.7226248102,0.2201872809,-0.5251976825,0.2857658056,0.4523287087,0.1208857713,0.2271895105,0.08580200664
0.1744629538,-0.08167743189,0.4345763103,-0.4679574189,0.3797780817,0.4876415572,0.0140789486,0.7672552996,0.1236651674,0.4954345546,-0.6149107774,0.6431330453,-0.6894890909,-1.04303928,0.6045280245,-0.01353062751,-1.059819463,-0.05110038553,0.5634091155,1.362516075
-0.2708047451,0.5034790432,-0.2029164937,-0.02133602875,-1.067605129,-0.2976130353,-0.9698996538,-1.08638613,-0.3115532206,0.004085701212,-1.013503706,-1.091629565,-0.5140802771,-1.420849237,-0.8519027806,0.2234591327,-1.554184963,0.08318651534,1.09684215,-0.3539039976
0.53343345,0.05849942541,0.5011548379,-0.9102174092,0.4684257657,0.01695291972,-0.1792508776,1.300884781,0.8649671456,0.11786138,0.1184721203,-0.8950083623,0.9766302216,0.8906032404,1.076481519,-1.051061178,-1.235930669,-1.46197127,-0.3778070267,-0.8731611493
-0.1692657456,0.04284779513,1.250541236,0.8188105784,0.1242972758,-0.6711520352,0.3900904795,1.236756663,-0.4151267533,1.286350418,0.1864651436,0.9443690207,-1.177995085,-1.481399004,2.672513316,1.142146745,-1.30061363,0.8676982206,1.554785457,1.71541687
0.1855520346,0.4529204157,0.06025634689,-0.7712970757,-0.5477456582,0.5064548705,-0.2292294915,-0.03905101996,0.499804206,0.04898380096,-0.878186454,-0.5582050392,0.4161396121,-0.7270537298,-0.460486393,-0.9192583941,-0.4712286127,0.2276995293,-0.4059348205,-0.7045542636
-0.2476326656,0.1440238702,0.9203238986,-0.1123474436,-0.3644947788,-0.5781881423,-0.6747468559,0.1143902774,0.08049927016,0.6391229946,-0.8985559853,0.9565459016,0.2740243288,-1.582558572,0.1530573316,0.1300999953,-3.632524511,0.6064337857,1.056007317,1.497102426
-0.04324044802,0.2166741011,-0.2251422596,-0.1231477591,0.5616911119,-0.3163586869,-0.7443761014,-0.3329823348,0.2530813437,-0.5622961737,-0.3221613063,0.1499620766,0.3256304256,0.721133617,-0.4864302034,-0.6092146939,-0.5404638861,-0.2160061916,0.1201422538,0.8725373828
0.03579485202,-0.1916401949,0.236711723,0.2996607466,0.2245601622,-0.5203006915,-0.247273084,0.7787218951,0.3384153877,-0.4985106675,0.0649288442,0.5064817341,-0.02415529389,0.9221094546,0.2712314978,-1.003248397,-0.9824257213,0.4422115155,-0.03951124474,0.02370666186
0.2466268211,0.2153043862,0.3466336865,-0.2580767032,-0.2514172695,0.6946143317,-0.504581988,-0.1532910987,0.3811690138,0.2924507084,-0.3115330843,-2.29398959,-0.2370895852,-0.9298537022,-0.08415304188,-0.3274241441,-0.3786522831,-1.222969486,1.136537128,-1.301792952
-0.2265178761,0.2554860575,0.3394332179,0.2666889275,0.1491563414,-0.2984743945,-0.3261455072,0.06508863062,0.2029200346,0.3919802984,0.1086665498,0.4903805489,-0.1393949143,-0.500551771,0.8563181123,-0.02348498933,0.1753057254,-0.3417312272,0.1655988361,0.9148951098
-0.2551892042,-0.1801121794,-0.2444235278,0.7374196477,0.6281988673,-0.7394130697,0.3713356304,0.2032688387,-0.5657641886,-0.7399466024,0.5209312941,-0.3460853877,-0.8490960832,1.36928504,-0.32388925,0.759605911,-2.001906956,0.009668026286,1.255301593,0.8306137476
-0.3031634795,-0.5934913384,0.3398298799,0.9168990677,0.502521846,-0.3188446389,0.7004487845,0.8821569792,-0.2889856891,-0.1809298265,1.29104963,-0.1069793601,-0.2382042178,1.429013408,0.6144353531,-0.1009690576,-2.728957956,-1.407105161,0.8775736513,0.6547681583
0.5413759923,0.4006438332,-0.7476137717,-0.5457494481,0.3462811762,0.5011744682,-0.4237981721,-0.7263279525,0.1435634077,0.510065428,-0.6103955261,-0.4434179283,-0.6195064481,-1.376688007,0.1715368676,-0.328490263,-1.80728768,-0.7866988448,0.2332721676,-0.1090760855
0.2024822358,0.2788491904,0.1043569313,-0.5447323834,-0.6355777887,0.1353496592,-0.3049593475,-0.3579619106,0.4317053592,-0.5650099502,-0.6758039646,0.04130624015,0.85553879,-0.4581830523,-0.8915204353,-0.5914674873,-0.5538810846,0.1096635601,0.5501816959,0.01800809298
-0.04595512102,0.6663913645,0.3641493995,-0.4973927794,-0.1320820872,0.1272548214,-0.6279876172,-0.1833159953,0.7744276902,0.190003433,-0.3511644353,0.5139829007,0.7255150636,-1.275507726,0.3842920427,-0.7543141011,-2.048691429,-0.08682131311,0.632198815,0.7912937032
0.1450105478,-0.1226301195,0.0196312046,-0.2563790274,-0.03367853993,0.2392614882,-0.1242564637,-0.3732511588,0.07179384631,0.0380695992,0.04820056468,-1.022973371,0.4583869835,-0.1832893461,0.4879607821,0.1283303248,-0.6122392397,-1.112644307,0.1855789969,-1.433916042
0.8499253227,-0.1126906786,0.5509703673,-0.932310069,-0.1637205368,0.5966020235,0.3126915852,0.7052176046,1.090425857,0.4877239913,0.2343717042,0.4018591695,1.239988214,0.3589460477,0.6406769341,-1.097095178,-1.14818401,-0.2550364255,-0.03382612197,1.311738704
-0.08143203014,0.1816322405,0.6785499936,0.007130510608,0.1161090409,-0.161964006,-0.5165557188,0.8163139291,0.3014286061,0.1211175563,-0.5374676075,0.3902916773,-0.01322572166,-0.9668678009,0.4277924106,-0.7525626027,-0.8847009202,0.3143837489,0.4377833549,1.338022985
-0.07071813671,0.06957764749,0.0205751279,-0.1139887789,-0.3889737032,-0.1688721693,-0.8698964643,-0.2849987633,0.7729371538,-0.2323946031,-1.161651501,1.127419671,0.8679770814,-2.10600981,-0.3591784012,-0.8228186817,-5.914062474,1.042168081,0.6848609264,2.266738092
0.6703573739,0.1079514032,-0.6762672421,-0.361241458,0.08772620354,0.2272519021,-0.3985151795,-0.5168257085,0.1875624995,-0.2895659553,-0.9505464595,0.8541082107,-0.3744894756,-0.7223362278,-0.1416363711,-0.1499457416,-0.4807174754,0.3421597907,0.2462747077,1.072977288
-0.1288477228,-0.3832672675,-0.4160315195,1.03820445,-0.606505133,-0.02428756702,0.2625152519,-0.5697279677,-0.2462970858,-0.2669138004,-0.1405223332,-0.4487797575,-1.040406687,-0.08891367896,-0.5155041845,0.02004829648,0.4631362681,0.5160579148,-0.3007676225,-0.9383624909
-0.884152068,0.04231276262,0.3047507878,0.9388230059,-0.1393199284,-0.5575490798,-0.1224593349,0.2906443067,-0.3036215578,-0.1688660999,0.4001957358,-1.216793759,-1.325271166,1.044387179,0.1585154595,0.4359648735,0.09084930604,-0.6906101388,0.1283666614,-0.9936838557
0.1361334322,-0.02058007008,0.1938591447,-0.02788302515,-0.5086523859,-0.2720571205,0.1927557852,-0.1921896316,-0.1341191368,-0.3010780583,0.06807434952,-0.352270805,0.3081222045,0.2410716436,-0.4386078406,0.1682353677,0.08599069897,0.6005231537,0.04054910091,-0.5695025554
0.04856051174,0.1384559192,-0.0755795034,-0.4606134094,-0.3304274425,-0.04657675164,0.1339569567,-0.1724844687,0.3394565762,0.2104354179,-0.3027466213,-0.714981621,-0.3235019212,-1.548301567,-0.2776327533,-0.2486009006,-3.164853715,-0.5805737658,0.7628505919,-0.3428742117
-0.2546267147,0.136433459,-0.3143542556,0.577096474,0.3390800571,-0.8991637782,0.1635665046,0.2863426678,-1.043215347,0.07151841747,0.5173415035,-0.8741858455,-2.121841834,0.9357123119,0.6003764299,1.194119392,-0.1134936529,-1.21544747,0.9163948584,-0.1843889142
-0.1133949148,-0.4620945384,-0.01362983224,-0.047665576,0.04187252363,-0.1037862603,1.565593598,0.08413520102,0.7403338685,-0.015254989,1.033349701,-0.2219147407,0.9519864024,1.225689518,-0.1970557529,-0.8143733727,-2.564349185,-0.4413527971,0.1965913834,-0.08218868758
0.2121323234,-0.03673338621,-0.4836915693,-0.556467604,0.2066694932,-0.1069414267,-0.2961587216,-0.3431960403,-0.1114119745,-0.2213722596,-0.1920521563,0.2335048065,-0.6537891612,0.2425546082,0.396352644,0.1492744602,-0.139988857,-0.1415789888,0.1361349869,1.093884461
-0.1561272941,-0.1117926214,0.3195548189,-0.137196912,0.6459189282,-0.1704849888,-0.6714847911,0.7066416237,0.5979311516,-0.4147607711,-0.7260068705,0.3530649594,1.250910666,-0.4642168897,-0.1916710871,-0.1515186578,-0.3816177004,0.2932216375,0.1414822902,0.5761206559
-0.3078754501,-0.2675728802,-0.4136356273,0.05240400665,-0.2487509838,-0.3897107477,0.5364011981,-0.1166659283,-0.2419525551,0.4465410732,0.717000955,0.2771969203,-0.4829182188,0.3154658575,0.08253713314,0.5591579132,-0.1197368303,0.4651651745,0.5274081608,1.33644797
0.5661934039,-0.1730447882,-0.209588537,0.1482195622,0.1123505703,0.5002442293,0.4510609108,-0.4705017896,-0.453977375,0.6870067512,-0.03132655655,0.1935989508,-1.195080136,-1.071249899,0.524875889,0.6306697594,-0.5764573466,0.6599214321,1.270285,1.678833912
0.06912161135,-0.005949366941,0.3296419795,0.1354901263,-0.5447361964,-0.4674272884,-0.1923633611,-0.3407315967,-0.19255421,0.03918109231,-0.4776819861,-0.4239113189,-0.6643350721,-0.3501081989,-0.3769625888,0.775102644,0.2101590411,-0.2142283151,0.2040946109,-0.3552671861
-0.05535105038,0.296743852,0.397521257,0.04813016584,-0.5773611309,-0.4044425568,-0.008055623489,-0.6225990851,0.2398195548,0.1546850676,0.5615347601,-0.03662633276,-0.3214650206,0.6957019877,-0.3278025873,-0.1251342837,-0.5492213303,0.1365915399,-0.1786243927,-0.1631477611
0.1216712814,0.1800148456,-0.1117374989,-0.4905962479,0.4101196402,0.4049586138,-0.4293418862,0.2304140699,0.9684566879,0.06128243279,0.3437482417,0.5558070734,0.4914583872,0.4929562182,0.5124403013,-0.7498879692,-0.667404112,0.3920464566,-0.2899120545,-0.1146724073
0.3120419071,-0.2627221057,0.2991993167,-0.03434048079,-0.351371414,0.7051801569,-0.1719803536,-0.069758007,0.4251235249,-0.1724561247,0.02182102981,-0.3376859293,0.5974788512,0.07127792726,0.04076043906,-0.7986455944,-0.4316561969,-0.08682448381,-0.02220235893,-0.7208007257
0.2415650354,-0.210408489,0.2568130474,-0.4556823271,0.2038025716,0.4869548157,0.1501450583,0.247350176,-0.06674219204,0.2100081812,0.5146839371,0.6579201913,-0.4325937383,0.02537317555,0.6575327719,-0.1349816987,-0.1557482256,0.6170028839,0.4182731979,1.58582008
0.09648021526,0.3572574217,-0.1104932284,-0.5604318489,0.5763627894,0.2087389377,-0.2248278462,0.2317882439,0.01875793944,0.2295597345,-0.3079801956,1.085438605,0.23819716,-0.6597112763,0.7103273569,-0.7829069642,-0.4272988437,0.2282013299,-0.5766108176,0.927203211
-0.7426455213,-0.1477391378,-0.5925275521,1.350176812,-0.3783644483,-1.020084595,0.3028881982,-1.697839368,-0.6689422419,0.1697712246,-0.3362261373,-0.6383848139,-1.810703879,-0.6903211491,-1.768331147,0.263499066,-0.07748784749,-0.345982918,-0.2138425179,-1.019807797
-0.03441073984,0.2477541993,-0.47822206,0.335292246,0.1726546553,0.4844286461,-0.4417238191,-0.3810331368,-0.2287919741,0.5928007501,-0.8403594893,0.4484045892,-0.3616652121,-1.529569452,-0.07035951945,0.2358361179,-2.792779244,0.6346131948,1.249448513,1.536099721
-0.04431768787,-0.2941018222,-0.0463156084,0.3388065712,-0.1408802156,0.08080551518,-0.003409109286,-0.3096684054,-0.3110861037,0.08050551667,0.9044159969,-0.523184889,-0.3518786862,1.068814012,-0.207795854,0.5418255751,-1.287110281,-0.787167151,0.4858641841,-0.6275672009
-0.1194341404,0.6235800892,-0.04937821706,-0.06758322005,0.4118464506,0.03186439117,-0.835267451,0.1305303507,-0.1813610854,-0.3890721178,-0.6197938353,-0.09728329888,-0.2858497105,-0.03529982673,-0.413787985,-0.1598680297,0.3594135665,-0.5227480408,-0.7995785452,-0.9412651629
0.3043724678,-0.3965303571,0.2801308221,-0.283371004,-0.4476479247,0.2583770859,-0.1776805029,-0.2604884221,-0.3481543449,-0.03455633116,0.1671897856,0.2974758536,-0.9493406569,0.09409787773,-0.1894688722,0.07695515282,0.05128773116,0.6838115541,0.3793770937,0.6634827458
-0.008993347469,-0.6376546414,0.09189563851,-0.3552058795,-0.3327497662,-0.04212782731,0.4346399809,-0.1690453669,0.4873478442,-0.02983046529,0.006617411331,0.1865410225,1.083301626,0.235617958,-0.07031850127,-0.3472389155,-0.5930431709,0.5527900847,-0.09523175061,-0.1303693475
0.1543222218,0.2097863817,0.4625456473,-0.56873588,-0.2058462916,0.2103952045,-0.2668957561,0.4396905801,0.1077461461,-0.1987546343,-0.8974051171,1.146933266,0.3315245673,-1.015299163,0.4391983668,-0.06057337382,-1.203475117,1.746858315,0.2202174688,1.343171374
0.06807584213,-0.2343874073,0.3081854085,0.5563907477,0.06884330187,-0.0901108834,0.6543369326,0.1116394935,-0.3748825501,-0.2525386163,0.7338614784,1.574599163,-0.2733810136,1.935843133,-0.01852736758,0.487398424,-4.186293457,1.65479099,1.4487086,2.316264067
-0.1404305672,-0.7448589299,0.2133318241,0.5299181686,0.1431305129,0.6643286437,0.8620829878,-0.04969224505,-0.5002428951,-0.3701348286,0.3142347753,-0.3298527422,-0.926212492,1.101221969,-0.1299608838,1.263196597,-0.4110605625,0.3418013692,0.691352569,0.959437842
0.5961176878,-0.0477469033,0.4849977911,-1.125341378,-0.1790803601,0.6385438133,0.1479091936,0.2224576322,1.208549214,0.854559452,-0.4866698197,-0.04838464426,1.382685868,-1.542709262,0.7003643501,-1.106004122,-3.836035466,0.05728505352,0.1675677865,0.04963953153
0.03822054024,0.3311788368,-0.4638879488,-0.0006258010125,-0.08227627801,-0.4309609808,-0.2795706067,0.2701229381,-0.4843999397,0.7550763101,-0.6016901329,0.1099121551,-0.3313414066,-1.426331073,0.4503684989,0.5466656465,-2.190470339,-0.1066634054,1.056693147,0.8178318604
0.3532135773,-0.05754265192,-0.2652099393,-0.2356075059,0.0115835752,0.4742903174,-0.2255801517,0.2851269501,0.2668959465,0.4889314626,-0.2678220364,0.1191024134,0.12270493,-0.5105419076,0.6692437989,-0.1485257466,-0.4180021279,0.1381621334,0.3462054161,0.6598772305
0.3521095192,-0.1447233876,-0.2904484277,0.1278913298,-0.383549178,-0.04361118448,0.4300831721,0.2274867852,0.2424748466,0.3474729265,0.8449434297,0.9560079335,0.3884937498,0.8759453601,1.126801152,-0.2727392963,-1.262867542,0.2892525065,0.8673388878,1.602778715
-1.071966069,0.6939007871,0.4027410345,-0.002474258895,-0.2559840995,-0.04552092451,-0.7735529325,-0.2408830538,0.2160807607,0.3136266623,-0.481017762,0.02586710869,0.2811714114,-1.123670638,-0.3306114883,-0.5485447612,-1.258975391,-0.2115327145,0.2577571783,0.2281658413
-0.2615494399,0.07935893566,0.01520457014,0.4568644855,0.09121931012,0.6273235859,-0.3954823207,0.1961294288,0.07954873634,0.01233770672,-0.7674059246,0.9647493696,-0.2841415329,-0.7971561613,0.4338200521,-0.22930249,-0.8678290546,0.8659007911,0.4756062415,1.354022424
-0.3994550157,0.4311827113,0.2526281945,0.1304030896,0.7467864518,-0.3267472112,-0.4234360139,1.326755646,-0.301651091,0.3731152454,-0.2502297915,-0.7745966735,-0.278748609,-0.6071013335,1.486516996,0.2877782401,0.3238906633,-0.7738240344,-0.0623738847,-1.076280957
0.3819003222,0.1320418506,-0.2299110165,-0.4086775125,-0.6864142966,-0.01791154472,0.09031924048,-0.4875324184,0.111870525,0.3439578756,0.09590519267,-0.7538015151,0.2033604244,-0.3077809749,-0.4750220224,-0.0757767685,-0.2783903471,-0.83664192,0.3417254404,-0.6135194031
-0.2027876149,0.004685747046,0.1622578905,-0.1807528978,0.2238304771,-0.5159384147,0.009940218504,0.005936237555,-0.0486679827,0.3184568859,-0.164728355,-0.7731597895,-0.1852212007,-0.4327626137,0.4388348187,0.005328058026,-0.4934256363,-0.3283368561,0.6264779114,-0.1713763043
0.503915271,0.005985394074,-0.2166348869,-0.7985101373,0.6364078587,-0.06432180103,0.5254264623,0.5408492272,1.055472758,0.5803716778,0.5512349984,0.8553187605,1.557316119,0.1112203711,0.4573138149,-1.114525186,-0.9933973685,0.4745214719,0.4451279901,1.049017034
-0.2684880068,0.7755890918,-0.523472128,0.04082325919,0.1158733179,0.2426657952,-0.6766958753,-0.4862208884,0.4308187421,-0.3492379429,-0.2375349963,0.8124914616,1.094176059,-0.04970756527,-0.8965807287,-0.5842653924,-0.2415714488,-0.5081722546,-0.281372612,0.4269507195
0.1115320933,0.1020973464,0.1322696477,0.2035157218,-0.3876715784,0.1256413023,-0.2584296761,-0.8414530015,-0.08569951333,-0.2357630258,-0.7852879594,-0.4921703274,0.01833225185,-1.060541341,-0.9218677443,0.4903854497,-1.426794168,-0.2204254035,0.9885940363,0.214488929
0.2860963486,0.5010644152,-0.2029213682,-0.4323927115,0.6759035796,0.07886227393,-0.3714806252,-0.3012707382,-0.1898364459,0.3374310833,0.1089843763,1.180358759,-0.4115387043,-0.4601407758,0.4368471507,0.2452162158,-0.3508414297,0.3142017133,0.1497996945,1.866273158
-0.1475505603,-0.3164312102,0.3857114781,-0.05553857751,0.06373500552,-0.2671156804,0.8170247798,0.5725706974,-0.3782927075,-0.221038649,1.003546491,0.143183046,-0.6813821638,2.004250768,0.3106159526,0.3836518943,-4.282298575,0.3639851364,0.5789788146,0.3068103411
0.2406817126,-0.2122422218,0.06328902559,-0.04184721544,-0.4132850856,-0.08657097421,0.2351042696,-0.2633834017,0.1407040114,0.7887144857,0.1472153859,-0.1738454203,0.2582481551,-1.398346983,0.1679065017,-0.4506499575,-1.914361975,-0.1703056577,0.3821996177,0.09125496926
-0.1085861787,-0.09883322278,-0.0263536826,-0.09978556558,0.1853997823,-0.3393851476,0.1338660583,0.2194912406,-0.6493761289,-0.2576182605,-0.1405395061,0.4138674514,-0.9831565243,-0.6477311207,-0.1513525727,0.6988922723,-0.01186042613,0.4460669178,-0.09075139211,0.6511661628
0.1049379332,0.3312214965,0.5812079383,-0.2608384067,0.342398531,0.1195857861,0.05851067099,0.5669089626,0.1941480525,0.5247694575,0.04223853228,0.3718675323,0.6068320618,-0.9810810588,0.4175123948,-0.8416954869,-1.247434342,-0.05789518115,0.09254311003,0.2895645802
0.06156462726,0.3117249478,-0.5284167289,0.3432356975,0.2091786368,0.1041535939,-0.7419611155,-0.6680656907,-0.2886327874,0.9675217164,-0.4809066257,0.9510380968,-0.5685952111,-1.789205703,0.3140428203,0.3216981291,-4.420929881,0.7948793181,1.737689692,2.687248788
-0.6177461295,0.1638834497,-0.1121548468,0.237446435,0.4748361446,-0.5672054221,-1.005129117,0.4397599286,-0.0440009348,-0.2379861011,-0.9448628077,0.4409464626,0.03514905192,-1.025300075,-0.2002108482,0.3063026662,-1.436131443,0.9689651563,0.6564396463,1.205361308
-0.9284679149,0.1770630571,-0.6013287418,0.9325048329,0.03289977414,-0.7472946398,0.3216182871,-0.300903842,-0.4108637973,0.2247178552,-0.06281151061,1.148066118,-0.747082355,-0.9168411648,-0.3253435841,0.01101453794,-0.7759570388,0.6403307509,0.7515417392,1.645443375
0.2230676342,0.6096349545,-0.4930741765,-0.6265110492,-0.4549832462,-0.3431973497,-1.565012592,-1.293554028,1.46605946,0.6800755442,-0.6487709284,-0.7189508353,1.574451304,-2.028741286,-0.480585765,-1.70029254,-5.586649419,-0.5056077563,0.4248993148,-0.2585423676
0.01816935331,0.1658177555,-0.226261983,-0.08416054765,-0.09812589394,-0.2663155672,-0.596531229,0.1464716754,-0.2891973382,0.02363850737,-0.6066637443,0.1668218312,-0.8956069089,-1.180645062,0.9067358934,0.7384041853,-1.236348593,-0.03854534664,1.32122569,1.394640276
0.2717836366,0.5834732564,0.1042064946,-0.9366761964,-0.587665354,0.5733534184,-1.011287938,-0.6055634584,0.3238906742,0.009089082978,-1.214130587,0.07677506974,0.7271227602,-1.530004021,-0.4294135857,-1.153830714,-2.964044998,0.2070332334,0.2316503352,0.4942479746
-0.3017269312,0.05524703822,0.1234198621,0.00790857609,-0.5057907138,0.04182433739,0.1117271541,-0.1000776121,-0.2796208491,-0.4685246315,-0.4216142265,0.1052847404,0.1943259748,0.1362392259,-1.026051709,0.5429088745,-0.6495547526,0.5913903512,0.6468512558,0.9122022671
0.02714884648,-0.2511411762,-0.3433734776,0.4183114706,0.2774900914,-0.4421442814,0.2809131205,0.2804515501,0.08935135571,0.3251337283,0.3770793876,0.08932419381,-0.1052725385,0.07405378767,0.346868601,-0.16855787,0.1845157952,0.1820337265,0.1485000357,0.0517344443
-0.3307586012,0.06866036878,0.09899730086,0.5759844221,0.07202941231,0.294016739,0.6823250071,0.7989820282,-0.3555695791,0.2959934376,0.69550055,-0.5945241134,-0.7935561319,0.5797932724,0.6414368179,0.1642364406,0.2127953549,-0.8740205678,0.09555499461,0.2690385804
0.03260224046,0.3938925586,0.2281249828,-0.5568536151,-0.6884381177,0.6243273048,-0.4690386234,-0.8772191243,0.7544435036,0.05423574957,-0.06932887444,0.06131773267,0.6496472151,0.3985770941,-1.036066238,-0.6354637056,-0.5223351973,0.07604929018,0.2984275602,0.6255972987
0.5844123059,-0.2706791028,-0.3118855959,-0.4000090298,0.1433373604,0.539429238,0.4408297072,-0.03781902467,0.5839207799,-0.2372308897,0.1163956938,0.1405945983,0.3428120864,0.7569547923,-0.1456781562,-0.4825736645,-0.3689826628,1.042107594,0.6486988276,1.068839749
0.08731876367,0.1479554379,-0.1441931774,-0.359272282,-0.1260381606,0.08994728142,-0.459378372,-0.08602077771,0.1448915867,-0.1041484913,-0.564124767,0.2402104146,0.09178936823,-0.5141353503,-0.1453206587,-0.01049625598,-0.4410684672,5.053239435e-06,-0.1229049812,0.4261519706
-0.3904263108,0.004885038909,0.4688137421,0.6454667763,-0.1572389769,0.1843000175,-0.2840814247,-0.3201804065,-0.8764402119,0.5402373911,-0.05343341736,0.3871740597,-0.8786234743,-0.2958766562,-0.02042435972,0.7807641314,0.331661654,-0.3290677416,0.1545576143,0.129390562
0.569275031,-0.4134150778,-0.05975737518,-0.07252655298,-0.3214330301,1.199871144,0.187823418,-0.01996885106,-0.3188102784,-0.2221013763,-0.2453966312,-0.2828071484,-1.628313974,-0.5113016647,-0.4748685229,0.4055432396,0.7593539791,-0.2642124983,-0.4947672503,-0.1195195737
-0.1208881406,0.2223729989,0.2641459783,-0.2013438011,0.5141297257,0.4312694925,-0.09533819532,0.04548732983,0.02951950759,-0.3095246649,-0.1891292757,0.1018214942,0.1610592038,-0.04044546199,-0.9049605992,0.6541995131,0.1814650991,0.6116832446,0.5841616248,0.7443257493
0.1270538092,-0.454681976,-0.5226536442,0.3967056879,-0.1564219402,-0.1021077929,0.7163379167,-0.1163391033,0.1304030063,0.298809629,0.219450599,-0.02828629938,-0.009559495636,0.01121246925,0.1868787602,-0.6983356221,0.4599440043,0.5095583906,-0.9046081197,-0.6471673964
-0.04464942213,-0.3925756126,0.4021773887,0.2836496729,-0.06512473963,-0.1983284642,0.4049842675,0.5054662323,-0.6595441881,-0.2106594677,0.4130294834,-0.4149410387,-1.010178763,0.8183194395,0.09319443953,0.09730413805,-0.5880849571,-0.03340558,0.7757180283,0.3799125653
0.3536940307,0.05183708478,-0.03770387365,-0.3989167284,-0.7498940663,0.2259886025,-0.4521340568,-0.3009950709,0.3340465524,0.07070848353,-0.02213787531,-0.1648790372,0.6220770687,-0.4080397059,-0.1196085728,-0.130985021,-0.4709099071,-0.3645790584,-0.409842874,-0.2665313514
0.1019685564,0.974725924,-0.4056127538,-0.7674315307,0.7441845407,0.06556267581,-1.317431844,0.9546064736,0.8233366644,0.858566452,-0.9806131932,0.3698954633,0.9298839694,-2.315131508,1.7181451,-0.4423698038,-6.930915485,1.156947274,0.3950538349,1.049513931
0.1985850939,0.05885897774,0.2462419377,0.4731680202,-0.5253804234,0.0913034156,0.3887141735,-0.4499641635,-0.1793002561,0.9419081008,0.5001134228,0.2262325273,-0.8379546989,-0.5640183555,0.8385420985,0.6958738093,0.1334013989,0.8126478298,0.01961763558,0.1186911113
0.4867947865,0.06214920336,0.1110800007,-0.3801803775,-0.03632782483,0.7072314182,0.5171509253,0.342681713,-0.1678667318,0.4535605094,-0.02566924205,-1.118196286,-0.470986647,-0.3766357106,0.4962599269,0.1063144805,0.3971185523,-0.8540481752,-0.3011260491,-1.232279649
0.3019098245,-0.3372980562,-0.2467555131,0.5088136914,-0.3851347457,0.7204048539,0.5165837235,-1.061782944,-0.1247727489,-0.02145030087,0.2254720349,0.1528887884,-0.4972456909,-0.3890876246,-0.6826705144,0.8746221601,-0.3269010665,-0.6711575261,0.3787258822,0.229721061
-0.174088941,0.4179691372,-0.1038746606,-0.2383604004,-0.176339381,-0.1897191693,-0.1548414989,0.09136829432,0.5999067647,-0.2756910625,0.7902539759,-0.3760036363,0.8220113555,1.232977605,-0.3607360618,-0.9754266183,-1.717513253,-0.2861346933,0.1007776326,0.1003823364
0.5116333127,-0.03022948334,0.81008267,0.2071874032,0.4813601492,0.7151414832,0.4442933586,1.164139853,-0.311897938,0.3142808378,-0.04587426694,0.2981731519,-0.8923033393,0.02972675319,1.376924075,0.9802460842,-0.04175298025,0.005057786682,0.9943590995,1.136097893
-0.3894862252,0.4946006607,0.04592403788,0.7368525709,-0.2276017151,-0.745050257,-0.6329135507,0.1506999081,-0.7705073369,0.2332772591,-0.6333617776,-0.4590466212,-1.324730195,-1.475529075,-0.06768870493,1.046417016,-1.93823902,0.1104197093,1.044571671,1.110412104
-0.4066890558,0.8457380299,-0.3366600664,-0.3431179097,0.3222657557,-0.5315986539,-0.8741519839,-0.5250192224,-0.1317295776,0.03609147298,-1.361184363,0.1652452621,-0.2829932359,-1.767058017,-0.1867393578,-0.09682064234,-3.470379812,-0.5101474058,1.347890838,1.685744597
-0.07459520385,-0.03487728586,-0.1802551333,0.516753888,-0.1485983611,-0.2267430905,-0.8521061902,-0.6830363969,-0.4087020133,0.4542564615,-0.9319099146,-0.5547997852,-0.3437758647,-1.501388077,-0.2221663779,0.7183543544,-2.925485353,-0.9362266233,1.376131302,0.6318293077
0.03625369509,0.5959482683,-0.4466214097,-0.6654235909,0.0263753614,0.1121033433,-0.82765663,-0.4715346037,0.5262610107,-0.06050489917,-0.5772988228,-0.355477704,0.7400028181,-0.670412275,-0.3653882924,-0.8279699503,-0.6862984029,-0.3931951659,-0.4176368456,-0.6368683139
-0.1126876603,0.2880784725,0.3426471709,-0.6741828796,-0.157278334,0.1618041241,-0.09920827027,-0.4692861394,0.2721842293,0.7447257525,-0.2594990845,-0.5025207393,0.1604603154,-1.099317702,-0.3243638877,-0.4124820187,-1.552379545,-0.271365136,0.9850143966,0.456783839
-0.6007818024,-0.1162521137,0.1831396041,0.4491232462,-0.2893695844,-0.04251576643,0.1843801374,0.1460400676,-0.8405491685,-0.4318379232,0.2054877298,0.4195386777,-0.9488732711,-0.01699937995,-0.6175639749,1.015167367,0.4166559213,0.1370108201,0.4305763099,0.5932375665
0.2685618979,0.4788001165,0.4532339238,-0.8451979599,0.06194487549,0.1739425218,-0.9698564901,0.54745681,0.74637303,-0.09160451022,-0.4112857729,0.8289438166,0.5329486223,0.03929074792,1.025102742,-0.571226687,-0.2382558533,0.8803445889,-0.3832086461,-0.4793003716
-0.3747967197,0.2837631131,-0.15713211,0.2142800511,-0.1814436914,0.0503091298,-0.4731189316,-0.2023953936,0.1962941597,0.01341192949,-0.6140310246,-0.7568600515,0.3869248341,-0.7485491539,-0.0717469197,-0.5150102463,-0.6978196869,-0.6639076188,0.003202091642,-0.3752939546
-0.1571316903,-0.02078634212,-0.296262748,0.1110867591,0.5678167091,0.1712128937,0.04962857564,0.4566009438,0.3659086842,0.03654412241,0.7080524221,0.0482605148,0.6630876428,0.8210432472,0.5301524121,-0.8032685446,-1.207343832,-0.3351060946,-0.2010475966,-1.012620688
-0.1393522712,0.363837447,-0.8226944493,-0.2591690073,-0.6638126213,-0.07268886964,-0.8950494163,-1.26762035,-0.2849097961,0.2782391685,-1.448409229,0.4216417738,0.01508066944,-2.284670713,-0.5070715852,-0.1139963993,-5.592961518,1.110162333,0.6928387946,0.6535990572
-0.1228998703,-0.5668836783,0.2004350351,0.3390394849,-0.0643033454,-0.1905060917,1.019732343,0.7696611988,-0.3882989441,-0.03629866513,0.4486950606,-0.1616605556,-0.4535394097,0.6462472253,0.5843938134,-0.09064514779,0.1098019509,-0.3812210237,-0.6763907701,-0.9289517183
-0.3568391307,0.3486765145,0.2160673426,-0.09115114032,0.8174486904,-0.2459399696,-0.1980605217,0.478963056,0.2476600927,0.1626798243,0.02274212567,-0.5044639506,-0.2116885952,-0.2550471328,-0.05473784583,-0.1444970493,0.0531527221,-0.8959387136,0.1157974803,-0.9471003419
0.6129624261,-0.03289420701,-0.1275025611,-1.200105305,-0.1331346748,0.3121556785,-0.02348914932,0.165880667,1.281009226,0.5390439483,0.08829834259,1.172817583,1.397706876,-0.7571080776,0.6681099876,-0.4221610293,-1.526352826,1.087360436,-0.06827734047,0.6488137322
0.1312062582,0.06471233062,0.5594882803,-0.1612285468,0.3390627155,-0.03917077942,-0.6265509171,0.4084339277,-0.079433317,0.1475740351,-0.6913524144,0.3780345055,0.09294568397,-1.291344162,0.1467765426,0.4100608617,-2.016075671,1.144829277,0.9913713728,1.833231823
-0.06302623483,0.6566297217,0.05706894698,-0.3852106397,0.08929227749,-0.5270339043,-0.585649967,1.058162982,0.8486325335,-0.4280705602,0.09186953012,0.01293423521,0.2814345828,0.6706006313,-0.04946185622,-0.7195962559,-0.5950288179,-0.6275316143,-0.0856884898,-0.2700554832
-0.5774304433,0.4287535515,0.4092860841,0.1898890098,0.1355492563,-0.5876287833,-0.1832919635,0.6363234575,-0.08724749014,0.3283021482,-0.1984361298,0.221011577,-0.7959266724,-0.485213437,0.4669783962,0.1065521907,-0.009628570398,0.0109787811,0.4291511722,0.3868771153
0.3010903727,-0.5495729509,-0.4666365703,0.486689884,-0.1409251769,-0.09604316426,0.3619912517,-0.2611951074,-1.215606715,0.3416459108,0.4298133783,0.1350857879,-0.9390940652,-0.1523148988,0.008366939963,0.9664311364,0.02353878962,-0.4202146727,0.470176642,1.185497816
0.005498887795,0.4725155499,0.7267888303,-0.4031594538,0.3474752132,-0.3162245347,-0.6371993581,0.7675448377,0.8341048268,0.3218486032,-0.8084137018,0.4973483302,0.7266683694,-1.788446352,0.6989464555,-0.8752657416,-3.732080611,-0.7813972078,0.2889437853,0.72188756
0.01427731851,-0.4092500874,0.4005413469,0.4588699869,0.2701449656,0.3810761789,0.1592675552,0.133930172,-0.105726287,0.1256800197,-0.1614039048,-0.7753722978,-0.5117981266,-0.1054047522,-0.2598762219,0.2710807239,0.1765556691,-1.378764915,0.5483756517,-0.9593667709
0.3448347805,0.7280032981,0.4292604961,-1.473849227,-0.3736140056,0.1230110541,-0.7965756184,0.2120012722,1.179008016,0.3944461977,-0.5605999983,-0.293784625,2.053515289,-1.56214025,0.3298111318,-0.9850132338,-4.285577517,-0.07881409467,-0.2368271732,-0.2829947803
-0.1009659526,-0.1354430108,0.4440741086,0.4618086031,0.2491851387,-0.5176450738,-0.3648329371,-0.3262357632,-0.1995351042,-0.2370870276,-1.746472828,-0.4924177817,-0.4781596386,-1.48597168,-0.9316356694,-0.1729827469,-2.501546394,-0.6844175034,0.6389441761,0.08234683647
-0.7733355504,-0.4368696817,-0.04427722048,0.6856523283,0.01860564078,-0.5179816399,0.8335788683,-0.04182236609,-1.141333508,0.05975269968,0.2798339689,-0.656355739,-1.242663846,0.3103553945,0.3608353501,0.977310466,0.8707564858,-0.2806337236,0.07306693315,-0.04020347186
-0.3071381441,0.3647644959,-0.1205482508,-0.2867423072,-0.1536642158,-0.146995936,0.08704488776,-1.076125208,-0.1327181979,0.2569251767,0.4004121061,0.4373832232,0.1626657326,0.1197160082,-1.046845185,0.4602731749,-0.2731867833,0.1433727238,0.3748072052,0.7488090832
-0.4864786804,0.2177105063,-0.05347286467,0.5670826687,-0.1588087536,-0.06547554513,-0.119406993,-0.5401261412,0.06323276968,-0.3988151983,-0.3472362396,0.4836591397,-0.3443864961,-0.6406850124,-0.9192942967,-0.0863164676,-0.1410930311,0.1867399926,0.4294236673,0.9234169859
0.0715540602,-0.2792632227,-0.122851448,0.1691983821,-0.3816305705,0.1085544798,1.000487164,-0.7186748576,-0.1130590172,-0.5923020478,0.2025667955,0.01521026411,-0.1127982256,1.552136308,-0.8911436429,-0.04220271689,-3.974808921,0.1156189653,0.9287187679,0.3289797973
-0.1216048354,-0.03387270164,-0.04808393791,0.3656780491,0.08773550259,0.03335567033,1.154938417,-0.4722023287,-0.8755442358,0.07564326758,-0.06742044955,-0.3958826825,-1.48120231,-0.1650617981,-0.3771603105,1.422809374,0.6711399323,-0.6027758858,0.4105548777,0.01568545027
0.5400525959,0.2558686425,0.1963462199,-1.379255539,-0.0212706802,0.1968170337,-0.275419146,-0.3697975729,1.141180391,-0.8520550904,0.1603456964,-0.5909810925,1.918467077,1.46321524,-0.5950400061,-0.8498235588,-3.909882489,-1.089574221,0.27731026,-0.6463764863
0.8058618408,-0.1649945757,1.033199135,-0.4492262492,-0.2251020074,0.702449757,0.2075623469,0.345561727,0.3947175597,0.474258493,0.5258844404,-0.3051939462,-0.1489514787,-0.4617531433,0.3713347917,-0.4076464832,-0.2106489032,-0.09881617878,-0.501114202,-0.7612152187
-0.367623643,-0.02291941349,0.341000226,0.730876635,-0.07016905183,0.1056884221,0.2486196183,0.3382376658,0.084079906,-0.07855279062,0.2928556264,-0.886351322,-0.07155687881,0.6284600342,0.6032014234,-0.08268905967,-0.1013480004,-0.2982034505,0.2701171527,-1.036279607
-0.2310500596,0.4014541189,0.4164074141,-0.6773537234,0.5077813442,0.3428737221,-0.4833408266,-0.001129652104,0.2476522137,0.03965053618,-0.9400435179,-0.3245466634,0.4908747129,-0.9184820126,-0.6476587674,0.1441918314,-1.076710714,-0.8608948812,1.172685268,0.6029190363
-0.7991853081,-0.111750961,-0.2309234245,1.089871493,0.3203794264,-0.2260703162,-0.4527154567,0.5625496501,-0.7721303107,0.3762784476,-0.5448887878,1.442118368,-1.052014052,-1.576656319,0.8332939841,0.3623126655,-2.40765971,1.520190914,0.9885700515,2.004322971
-0.06761369975,-0.01262840955,0.02468009567,-0.087120576,-0.8951178375,0.6699520828,0.259010247,-0.815328085,-0.4813596447,0.3658640632,1.281687166,-0.0740163584,-0.9143290509,0.1777584044,-0.2823454918,0.4194535327,0.3195551688,0.7125088266,-0.07887429148,-0.2851712913
-0.2895330388,-0.4377231776,-0.130803811,0.6152857679,-0.0767897414,-0.09500316759,0.4806307699,-0.03654837098,-0.374500707,-0.6479942873,0.3445049938,-0.1733560896,-0.4392774316,0.811772911,-1.218210075,0.1953555312,-0.3769523037,-0.2262522545,0.5951616205,0.08532684357
-0.02362197274,-0.2502744192,-0.013470847,0.4150923246,-0.1499853508,0.1180453318,0.3419687519,-0.2293489567,-0.5091576687,0.1713460798,0.5412181287,1.27014251,-0.4783997081,0.3589486991,0.4055919076,0.8698238253,0.941214297,0.9520072372,-0.04089149108,0.9519046297
-0.4216539677,-0.01563485468,0.120417713,0.1949606963,-0.5275263878,-0.2608699873,-0.383943146,-0.1011547777,-0.06575184458,-0.3731277246,-0.1440977485,0.02843827124,-0.5084200852,0.1925062525,-0.001008171596,0.4519150065,0.04592993542,-0.5893100139,-0.01567477113,-0.246988628
-0.2306968301,0.1516032591,-0.07032589153,-0.1066463255,-0.1464790255,-0.1741520758,-0.03809358823,0.07658627481,-0.1403529722,0.3977298223,0.225306546,0.4016364382,-0.8288761429,-0.2181301017,0.6931145794,0.5723410938,0.01811628947,0.3701648884,0.3899560142,0.6592677388
-0.3946774896,-0.4580288909,-0.07494606194,0.1589572325,-0.3615723764,-0.1652283011,0.5137201515,-0.6888774532,0.3173733935,-0.2657830272,0.7965371186,0.1162903652,1.00295113,0.9804366401,-1.048518,-0.2891078614,-2.095645443,0.1076885171,0.722518717,0.4725895382
-0.883378186,-0.4002468695,0.6561485448,0.8709361632,0.1006657846,-0.7082588857,0.04190250181,0.3500306734,-0.2975007175,0.8039281268,-0.2244968033,-0.2736691464,-1.009021525,-1.010745851,1.342827338,0.5165892164,-0.1442870893,0.283616183,0.2524629359,-0.1409734521
0.1537416373,-0.4707349074,0.1801272446,0.5146134662,0.2922911721,0.1019361005,1.154868925,-0.04221682809,-0.7629382759,-0.1252549819,0.3620236606,-1.467117393,-1.263983859,0.740289532,-0.2078744234,1.151197712,-0.5031646557,-1.819614359,0.08479337125,-1.676324882
0.04764013621,-0.5814061815,-0.06372431226,-0.09806734329,-0.7340280707,-0.02896816546,1.125953712,-1.146950069,-0.111421048,-0.579908578,0.6980797457,-0.3168088229,-0.2681567146,0.6844532407,-1.929017367,0.108323584,0.1226669949,0.2512818423,-0.09581198974,-0.504693436
-0.281892821,-0.1359904131,0.6935368512,0.7100973279,-0.1518258634,0.06378994214,-0.0478160407,-0.00318956905,-0.300927155,0.2672694256,-0.4644385991,-0.5284326559,-0.2891857901,-1.032629564,0.1602784983,0.6544249087,-0.9295982772,-0.4881724133,0.9525908958,-0.07343576726
-0.1718229415,-0.2302867319,-0.1346672837,0.3251333638,0.5427013899,-0.06483997957,0.5003635877,0.5325440484,0.2419885938,-0.2112328387,0.3216849633,1.509756174,0.1652100736,0.8274592796,-0.1056901788,-0.463462721,-0.5053373182,1.176931913,-0.2155502376,1.376143135
-0.01543035134,0.2295410213,-0.09566902919,0.5804073745,-0.2719542461,0.01434564915,-0.01545366383,-0.3111791369,0.08417204226,0.216710754,-0.1738948562,-1.022486538,0.108379525,-0.03661555863,-0.8580911635,-0.5735020592,0.2002107462,-0.6597273472,-0.9095061601,-1.613422865
0.3890828712,-0.3746041855,-0.4117724191,-1.001952878,-0.45823334,0.0129554411,0.7017031827,-0.8924113619,0.4025607029,0.4054251505,0.6729010863,-0.6949984079,0.6505524624,-0.119575293,-0.5514908081,-0.6115365262,-0.05022765276,0.1404620169,-0.1406469643,-0.8779554696
-0.3675585098,-0.1857637821,0.3128429257,1.025667542,0.2015577669,-0.5997513148,-0.3621793854,0.425684432,-0.6473501345,-0.1212436126,-0.5411127068,-0.1345495867,-1.363878145,-1.213563651,0.9081852038,0.2795528973,-1.396552974,-0.6413112868,1.116461314,1.196700786
-1.07608159,-0.1562302502,0.3660928124,0.9489596246,-0.3109517675,-0.5721076387,-0.03976601149,-0.8188582114,-0.5254733549,0.1448337417,-0.5260133989,-0.5348892628,-1.019002105,-1.099960392,-0.5445412334,0.6720554974,-0.8472349436,0.2841872277,0.9726044258,0.9168619916
-0.1472000993,-0.06000234828,0.3053969288,0.2280295334,-0.1825923524,-0.3260477894,-0.3740199047,-0.3353110868,-0.4550442588,0.9585446941,-0.2446664912,-0.9635981553,-0.393749723,-1.041178692,0.2348992315,0.6433261631,-0.7517644034,-0.811371985,1.3795424,-0.2149137914
-0.3393252603,-0.2149310915,0.01692069155,0.4875641424,0.2152451903,0.3139008334,0.1740893252,1.08999676,0.1249585762,0.2943334376,0.553491039,1.15781641,-0.4198488442,0.3962503786,1.183900968,-0.2255464002,0.2808747167,0.8162809663,-0.8948311385,-0.04502311362
-0.1803118572,0.03669573716,-0.4998064744,0.5627314104,0.1674828761,0.4944150436,-0.3711550225,-0.004474998087,-0.4779539934,-0.05294637715,0.05942738116,0.7389105898,-0.8954360209,-0.04775267654,-0.3582205908,0.8245113076,1.055655729,0.3385405216,0.3868159141,0.9702087382
0.07427901307,0.05464069677,-0.08002320623,-0.405694111,-0.06048928983,-0.1101930094,0.06211046629,-0.3044167859,0.7238660644,0.0296430798,0.5489518251,0.1245265822,0.8193624766,0.9974669884,0.1919818716,-0.885534668,-0.8852919816,0.7495393966,-0.156830988,0.440450129
0.007661443128,0.09628803747,0.4170216153,-0.8263786845,-0.3936960668,0.3472275361,-0.3586755991,0.6943840783,0.4963344908,0.2485701908,-0.6538196283,-1.13878006,1.269361008,-1.526057896,0.3998398216,-0.3210008808,-3.557938703,-0.7695565884,0.7599385946,-0.6101721042
-0.5322981398,0.4938449419,0.1213586971,1.112125518,0.302475407,-0.3462434063,-0.9500337565,0.2299777231,-0.3137619142,0.2648196721,-0.8330563481,-0.4872138613,-0.861331684,-1.070269281,-0.001866275783,0.07880998962,-0.828940406,0.1331605078,0.4495853141,0.06797569379
0.379860001,-0.4835839364,-0.4524173853,-0.5562274497,-0.6667819962,0.1167703899,0.03352268037,-0.6616457952,0.634046879,-0.5712524777,-0.0520914524,-0.08171873568,0.6423984473,0.5204978066,-1.492222148,-0.2423852114,-0.6896223827,0.5214237778,0.9722688744,0.9045459052
0.2302636376,0.5636220278,0.03014320042,-1.367135291,-0.3318723567,0.05125488273,-0.5966398207,-0.3264489369,0.7037626252,0.1588456934,-0.6545892048,-0.2378899519,1.239400758,-0.8932021663,-0.1584709149,-0.7654025212,-1.654463214,-0.05395786975,0.3659481695,-0.3023785397
-0.4591916162,-0.01314597649,0.2791741543,0.2586058949,0.217317076,-0.08906089157,0.3665338298,0.2450724789,-0.1273242694,-0.2960148693,-0.2486197576,-0.7073782573,-0.03410126483,0.7903651279,-0.301480363,0.5261541205,-0.03445790827,-0.1730078096,0.8061615332,0.3338572826
-0.4716582357,-0.001042369768,0.4823963379,1.222152172,0.5458943444,-0.1749073413,-0.5883388024,0.690385635,-1.007718514,0.4215126537,-0.3711869281,1.02489822,-1.4714691,-1.051839403,1.134446158,0.4667527658,-0.9619169534,0.4930327241,0.792061669,1.682847603
0.08579988492,-0.2407736813,0.2880032679,0.1180607358,-0.2342630601,-0.6795451685,-0.06695331091,-0.5317329658,-0.5517721573,-0.02130521131,-0.6066466316,0.3194646632,-1.623689945,-0.6921764143,-0.09890506966,0.6637969185,-0.4802250141,-0.0423859091,0.3886669525,0.3729014735
-0.1935237726,-0.1253530105,-0.07226770302,0.1625839573,-0.1092358663,0.005157858143,-0.1199021439,-0.3267782001,-0.001784535136,0.246737785,0.01039985909,0.08122548578,0.6219725607,-0.205409862,-0.2571202279,-0.04830116744,-0.3706937749,-0.0913284533,0.5502839872,0.4244024227
-0.6654799847,0.03020581339,0.540062871,0.9401730769,-0.4197662574,-0.3444903147,0.2597549978,0.4495070792,-0.8165505813,0.1973843497,0.5872055004,-0.1691588125,-0.85836443,-0.05706022333,0.4534347578,1.39736935,-0.07237698446,0.7234745983,1.111776556,1.327581266
-0.253156203,-0.1174505594,0.003231392415,0.4914203851,-0.1155686464,-0.2538232956,0.7141418417,-0.1519274958,-0.5565640984,0.06564513319,0.5384180604,-1.065601863,-0.320115809,0.6044668723,0.1379573354,0.2473233047,0.08456464578,-0.4671660869,-0.3161596918,-1.875016021
-0.4900104247,0.4921013597,-0.09473316637,-0.2537165372,0.3003927867,0.01672601118,-0.9616281078,0.347447985,-0.01420212961,-0.1513841394,-1.296921629,0.05397507667,-0.4008414744,-1.52564236,0.5316188137,-0.07505816798,-2.741062449,-0.1329048496,1.325573627,1.928057344
-0.4282820751,-0.305407187,0.4971496664,0.0374905305,0.06594822181,-0.4414253433,0.3673340804,0.0982104048,0.4078641088,0.6897020436,-0.01871157189,-0.7478530352,0.4889757786,-0.5712217137,1.169792601,-1.030656051,-0.6954044998,-0.3315692028,-0.3697082644,-1.291914955
-0.2372041035,-0.09903971003,-0.4316727853,-0.1152483418,0.5000723986,-0.3374139492,-0.02021285239,-0.2368600279,0.4548859946,1.145784202,-0.3745603181,-0.969224467,1.004647048,-1.611664217,0.8503835074,-0.6400424171,-3.343459231,-0.7513800451,0.4419256425,-0.5686233114
-0.5661732863,-0.5318143383,0.4203018468,1.042800209,-0.2382504865,-0.4173891715,0.8413992948,-0.07876667255,-0.1185444554,0.7736886528,0.9742310843,-0.120974789,-0.8240503011,0.6235727114,0.3193407815,0.6620118172,0.507197669,-0.1092476971,0.212473031,-0.1541962991
-0.614412781,0.5294725263,-0.07468010648,-0.1408558077,0.4218397306,-0.1979669425,-0.1546075715,-0.07215138984,0.2962624452,0.334723633,-0.7650790875,-0.5656584166,0.2756596982,-0.9257213468,0.01491459559,-0.8786184281,-0.6550460657,-0.6686678725,0.2061816323,-0.6682020633
0.1576082642,0.4391829864,-0.9761309506,-1.137745632,0.4524767034,0.265638144,-0.471844062,-0.08087425108,1.030738393,1.321173558,-1.532685918,-0.6636098989,0.8133609058,-2.777937611,1.291103632,-0.6677184361,-9.326591175,-1.436450444,1.263019737,0.1039190345
1.004696207,0.2760998678,-0.112574664,-1.18097241,-0.1238575398,0.6406922395,0.04007457295,0.04261699334,0.2653654791,0.4000806108,0.240018126,-0.9299027903,-0.3530690274,-0.8147496183,0.7813255571,-0.370561867,-0.5733701641,0.303992028,-0.1369183859,-1.124725296
-0.01965346713,0.1356941001,-0.08806062117,0.2194747416,0.08949754317,0.09687072495,0.1172506986,0.6086695551,-0.3836821773,-0.07919683482,0.6677648295,1.272767355,-0.4437514527,1.293101491,0.2549129998,1.037416087,-1.612497872,1.055574575,1.416872632,2.557208514
-0.125629602,-0.57355014,-0.2826250284,0.572873889,-0.2721534412,-0.2197202755,0.9330245578,-0.1328631994,-0.2993024227,0.3242338275,0.8486706482,-0.8169170254,0.02896245263,-0.1414910589,0.4386155657,0.9440029454,0.2673141422,-0.7040973609,0.3434002218,-0.2868267652
-0.5987777849,-0.1046865602,0.5652032576,0.4524572242,0.242414442,-1.557581424,-0.5189461541,0.2827252894,-0.06467774182,0.3051256393,-0.323321388,0.0806213836,-1.539475774,-0.8810750521,0.3183601279,0.479605821,0.3189532049,0.5708498301,-0.2993249006,-0.01346813774
-0.1698317387,-0.07573561084,-0.5216342652,0.4895612978,0.513424934,-0.6956701208,0.03639640713,0.0985532337,0.2784377515,0.2455131515,-0.5786247145,0.1502077125,0.04181014234,-1.152711065,0.7950441321,-0.3946456421,-1.631733998,-0.5310850336,0.496521769,0.2024092306
-0.02416216668,-0.06477732448,0.2274739497,0.2354894894,-0.246556994,0.03637833639,0.079885958,0.08420191697,0.1095447838,0.1772788853,0.3572637727,-1.13753497,0.3831577079,0.43492076,0.4398263562,-0.06652576916,-0.6543763095,-0.348627499,0.2555160433,-0.896976687
0.2387306273,-0.2034396602,0.2891841291,0.5635214017,0.2017136215,-0.6186283775,0.2880016724,-0.1222594297,-0.02084749538,-0.1854146426,0.3727398354,0.1574930894,-0.2146190003,0.9762146423,-0.6175103176,-0.07707562356,-1.395383283,0.05560574336,0.6656924271,0.9958190806
-0.4577979992,0.2258940279,0.1077093022,0.3994397253,-0.1450595796,-0.2796635894,-0.1847701007,-0.09579075732,0.06948802035,0.170961261,-0.150965586,-0.4184843875,0.007038599672,-0.3330390322,-0.175933613,-0.02403034015,0.4134726509,-0.2989330972,-0.6453999326,-0.8193694448
-0.05992520507,-0.02293036912,-0.2206747495,-0.2755531574,-0.2474882132,-0.2643782782,0.1103634919,-0.1296722555,0.1148265429,-0.1477261447,0.6726314952,-0.4608961426,-0.1445625659,1.309644999,0.3592075169,-0.6860329135,-1.661221954,-0.9046362712,0.2947772484,-0.7197584759
0.3123304982,-0.04078132814,-0.009455263043,-0.7470666572,-0.3890346286,0.5846576732,0.02909027184,-0.6431680167,0.4287487326,-0.05145554927,-0.195379644,-0.2210420942,0.3131810992,-0.02830005684,-0.6384827654,0.0858623479,0.6728070042,0.6649624867,-0.6692129021,-0.4685577423
0.1644311683,-0.2223471746,0.3557562768,-0.3349710305,0.4545670189,0.4423789898,0.2169892722,0.4153537259,0.0873227396,0.166720192,0.04290508354,0.8625471115,-0.2401413951,-0.1060932778,0.1990611411,-0.4755085055,0.5136892974,-0.1784883829,-0.7083207408,0.9442372614
0.2368752201,0.1268382231,-0.1301711067,-0.7015426129,0.1525460192,0.1355028161,-0.3802962336,0.6437076196,0.4643452846,-0.06716228863,0.0613047606,0.2348980247,0.4346880423,-0.2075868255,1.121436552,-0.4059255402,-0.04816358583,-0.1845326645,-0.02373226,0.2572586656
0.4481368838,0.05118139405,-0.1666063173,-0.5632591551,-0.1858848823,0.6949407351,-0.0715990224,0.5876378059,0.6401252779,-0.2718261876,0.21936782,0.3018718608,0.06737672755,0.2615009915,-0.1847959188,-0.4596184295,0.2067391883,-0.2999781475,-0.2965630873,0.06210894793
0.3986607098,-0.009314147452,0.2679863515,-0.7196046849,-0.1096835039,-0.0833382617,-0.0322466162,-0.4043542802,0.2639044383,0.3870751783,-0.3871107929,-0.8908633112,0.818744689,-0.4776019981,-0.4818462766,-0.4290799328,-0.5389309445,-0.6614207573,-0.4841590952,-0.7943322779
0.09632035643,0.4122015203,0.04597102006,-0.1033598824,-0.4416705593,-0.2083721273,-0.5531336315,-0.5077283872,-0.34825435,-0.158528845,-0.3328402804,0.6518854802,-0.9446460957,-0.5612282388,-0.8936952515,0.7545696672,-0.3215569251,0.5685020726,0.6881455177,1.464166556
0.1914811153,0.1678244049,-0.4033293781,-0.115507254,-0.09607160782,-0.2079292731,0.212451952,-1.065861576,0.2118362561,-0.3790380055,0.3713044142,-0.1681227167,0.4899409972,1.062035827,-0.9496921724,-0.2633519585,-1.680774793,-0.1833989849,0.6230405972,0.153866383
0.7321782915,-0.2365311121,0.5573913494,-0.4288919828,0.299105242,0.6602760226,0.1748535175,0.03582467204,0.05690766576,-0.3812687487,0.3211003099,0.1455334051,-0.9621562334,0.9899993521,-0.3859721001,0.1362806185,-0.6570684889,-0.8302861417,0.8211431254,1.147094374
-0.009232886227,0.706163867,-0.1430389654,-0.7628049107,-0.04090672099,-0.04486831015,-1.030285315,-0.6938481118,0.4864526481,0.4676581724,-0.6889913835,0.1690156798,0.714969381,-1.286432192,0.1774433503,-0.1087844752,-2.668600876,-0.5211912097,0.568153511,1.323729539
0.4805380916,0.3707800878,0.656867129,-0.3130659191,0.2687605367,0.487897555,-0.3591892651,0.2600315488,-0.2013273744,0.3538180977,-0.4702489735,0.2441607101,-0.5892908448,-1.2114505,-0.3609037639,0.4153581929,-1.488624379,-0.1817291015,0.5270180478,0.09280581751
-0.3542117432,-0.09294749854,-0.1687556273,0.135009702,0.07069329277,-0.4277841795,0.02798055053,0.3084146335,-0.06119057002,-0.3504569395,-0.2385131858,0.3343304376,-0.7132643386,-0.8382644082,0.6180682946,0.6441192022,0.2415176802,0.3734409287,0.3333202449,0.6388153902
-0.1688007885,0.3845295464,0.02258273672,0.2884700221,-0.3070796229,-0.679348835,-0.2647763901,-0.5490716794,0.0474746832,0.09262328865,-0.1142374874,0.02646415002,-0.7140584606,0.09348526463,-0.4235956708,-0.3449432099,0.3405575441,0.1617153354,-0.6956021289,-1.167499637
0.2362237254,0.1764173569,0.3049379295,0.007449129792,0.2152103327,0.3544680243,-0.4525399687,0.5798497301,-0.393637108,0.1878228465,-0.822074798,-0.2746846419,-0.488173107,-2.023303547,0.03725013919,0.3599222495,-4.000489009,0.5680075477,0.9704687743,0.4410815954
-0.09575476155,-0.003223616936,-0.1944434794,0.1495160641,0.1185172751,-1.082368873,-0.2525598136,0.05336995207,-0.2761421723,-0.3484347268,0.5934004579,0.461954274,-0.9828979798,0.9779103522,-0.08837242888,0.2726024196,-1.036719375,0.5077450429,0.7030775304,0.5785278511
-0.4996577287,-0.3789277747,0.1348018784,1.036526078,0.7016967647,-0.1353095026,0.0853046206,0.4469531034,-0.9375516231,0.2018101134,-0.08194935825,0.3449697853,-0.9619225831,-0.791784984,0.1387619625,0.652354221,0.1465813494,-0.4742661466,0.3267468792,0.4882016625
0.2323908004,0.5174443817,-0.4258821113,-0.8428633905,0.1543460178,0.6909718261,0.1426678573,-0.4617774712,-0.2230806003,0.5662039652,0.3591972007,0.3654554875,-0.8039382805,0.01326540837,-0.4970453029,0.1098831746,0.4556963269,0.164215467,0.02487080649,0.4953967514
-0.07264536731,-0.3427596338,0.2532879088,0.6852206192,0.06566540305,0.6448219299,0.247732528,0.7554136032,-0.05725639519,0.1459977351,0.1798207437,0.3300677336,-0.7235541705,-0.004439488099,0.4120517442,0.1490074452,0.1123629485,-0.5403094622,0.2620992566,1.188481532
0.08914311016,0.09704367673,-0.08130084946,-0.2954658457,0.261845855,-0.2333567398,0.04287617546,-0.6248669624,0.06483300433,0.3472617764,-0.02069903011,0.2877837035,-0.3386339475,-0.6249752454,0.3642366412,0.07629534343,-0.2232328683,-0.2381793321,0.2025970496,0.8308998103
0.07650232452,-0.04859784259,-0.1677381367,-0.4202980431,-0.2468805339,1.068731,0.4632722795,-0.06140947661,0.5843719411,0.007339004644,0.6653648342,-0.499729272,-0.2681203789,1.023311125,0.2513884631,-0.9556500365,-0.7930477443,-0.3620481435,-0.6424860354,-1.142991564
0.4920178051,-0.3497923266,-0.6115236308,-0.1932186756,0.005200355571,-0.01476935546,0.1596890803,-0.7718642525,-0.094363673,0.7491056547,0.4717175958,0.6616843299,-0.5125410273,0.1719378903,0.2529978194,0.7586291329,0.6237537371,1.557101705,-0.5611123133,0.1433551897
-0.3897124426,0.06647437017,-0.1214744968,0.5361983584,-0.5735592098,-0.4031184849,0.2587708381,-0.1879861478,-0.2962373002,-0.4513714576,-0.3160353158,-1.038889924,0.07517467764,0.0494501435,-0.2711211026,0.09815282892,-0.1727292578,-0.8537297735,0.2495791431,-0.3991433734
0.1828497063,-0.2441124619,-0.6401171125,-0.01916845302,-0.3672963743,-0.5724697794,0.4068376167,-0.2835637887,-0.6451898901,0.8251575946,0.2676486994,-0.116968435,-0.9070984622,-0.2677887228,0.2839978852,0.614230755,0.05380163783,-0.2599855004,0.3558252229,0.6937050189
0.09532573841,0.05415313516,-0.1711752519,-0.4785897955,0.1009115025,-0.5774767759,-0.3848568682,0.07684345291,-0.340512393,0.3298826176,-0.4188399672,0.8287252381,-0.03433016269,-1.038650549,0.4653003414,0.6303934794,-2.072432198,0.9289837853,1.435151729,1.714521972
0.1960974876,-0.07696622091,-0.5145683055,0.3316337983,0.6637570877,0.09866303644,0.1907875027,0.8752143539,-0.2382050697,0.7386907596,0.4190542477,0.6931106361,-0.1667083884,-0.05511510503,1.865924029,0.09695873143,0.4950137971,0.5906333463,-0.08727542445,0.7415558609
0.5173940277,-0.2463656111,-0.063938557,-0.03063592395,-0.251428562,0.2597452137,0.2504994697,-0.1956781419,-0.4565969516,-0.07407772387,0.5748638661,-0.7936904311,-0.3869689013,0.7191355776,0.1171415676,0.3938265591,-1.067938921,0.3692172368,0.9982510648,0.3022183729
0.3191363927,0.1304698161,-0.2240286084,-1.104068851,-0.1079115497,0.8953522038,0.1519418109,-0.5361896998,0.8443041774,0.7922978978,-0.3802125088,0.07364372149,0.1396313899,-2.289863473,0.2235127308,-1.007249303,-6.213589916,0.02205844266,-0.08376160101,0.0365301341
-0.02930183781,-0.3234347972,-0.3505109179,0.4634802068,-0.2894782156,-0.2290955019,0.7920819263,-0.1067197768,-0.1275210443,0.2101287535,0.9425040512,-0.08160530098,-0.1760890283,1.020914707,0.7862022616,0.3849767634,-1.702912507,-1.216469717,0.8189802183,0.9859616165
-0.3377706929,-0.4498510089,0.1913384651,1.0238854,-0.2066976947,0.03996992019,0.6216161458,-0.1867334124,-0.2195284111,0.3881822111,0.2756547114,0.7965790127,-0.4691244082,-0.3855194367,0.2842878902,-0.7896239861,0.05913527466,0.7335316189,-0.7884653197,0.7203326301
0.6083064958,0.5560707841,0.0760153203,-1.33261607,0.3290117619,0.725711774,-0.2080733185,0.2703607151,0.7083432157,-0.2596086088,-0.3393192135,0.08727310269,0.61014785,-1.014221556,-0.2142892628,-0.9610644805,-1.618010662,0.1360965979,0.0004285285749,0.4393354923
-0.1580911529,-0.256053247,0.1607991205,0.6527310272,0.07875219337,0.1842891078,-0.07866054184,-0.1942581427,0.09002575721,0.5843549198,0.4377671322,1.11290353,0.01487364752,0.3643113637,0.8070395428,-0.248664331,-0.2604726699,0.5802009881,-0.0131747729,1.422602093
0.8194179367,-0.4880461904,0.2639051233,-0.3841710378,-0.5312028718,0.6119096094,0.3775154039,0.4924777032,0.05226461259,0.3182241272,0.3834888352,-0.3646712866,-0.3340155916,0.174649567,1.338732345,0.0132746287,0.2171903871,-0.3496605135,0.04203150156,-0.9078097799
-1.070987512,0.02567202307,-0.06135175932,0.5500525378,-0.1194337234,0.1977791722,0.01517659752,-0.01363494823,-0.8849701337,0.142090277,0.01362009809,-0.1978264619,-0.5606864429,0.772435189,-0.357894981,1.405660724,-0.4272286351,-0.3882709191,0.6983263177,0.3530884669
-0.1371932157,0.1987256451,-0.5971440794,-0.4016476231,0.011564738,-0.3785698398,0.1733294532,-0.6885478976,0.4468337172,0.3380812218,0.7735901146,-0.810391807,0.4748977247,0.2488068433,-0.2693427555,-0.6994797573,-1.245653093,-0.7917740311,-0.5430156091,-1.307939959
-0.3521116707,0.1264429482,0.09744995509,0.2272094883,-0.4638500904,0.01425896555,-0.3863548844,-0.6072473502,-0.1161690158,-0.6384709488,-0.1943826517,-0.7057363,-0.1120273122,1.090258201,-1.562907708,0.3625007457,-1.350571919,-0.4832248587,0.7512033432,-0.4058471014
-0.2018816161,-0.179319782,-0.03104544035,0.2833647287,-0.139305047,-0.4438283589,-0.1843442694,-0.2947318712,-0.4163257262,0.5557628761,-0.9407981388,-0.4982417012,-0.7180702176,-1.726824607,0.308069273,0.6192566624,-3.306230732,0.138020211,0.6566643933,-0.00592796408
0.2441160315,-0.1904164929,0.2856642261,-0.03657778388,0.3282683626,0.09298027084,0.3828959593,0.5632748051,-0.06219492315,-0.2074887145,0.3902774381,0.977111859,-0.2208947885,1.137350319,0.08594770576,0.1230222222,-0.9455784192,0.5946016936,0.2214120945,1.840596004
0.2447931676,0.7151537937,0.06804650059,-0.5662870739,-0.6592406705,-0.2986764906,-0.9245400805,-0.4299097306,0.285651975,-0.007203915633,-1.001846487,-0.4045983968,0.01219035478,-1.105076478,-0.3915195179,-0.02603585413,-2.264646996,-0.4224754299,0.1262889397,0.3282002475
-0.4214901163,0.1988581903,0.2609233943,0.3712425428,0.1211542028,-0.2678893998,0.254715937,0.05864927691,-0.7617911087,-0.05324749065,-0.0922803666,0.7793474225,-0.7981604234,0.1771635696,-0.3943751327,0.8797971142,0.8441635683,0.1924484434,-0.2320987816,0.3500777636
0.3530662348,-0.6216180467,0.869648052,0.001010859895,-0.9223588689,0.2972818521,1.317816946,0.3984129138,0.1375922718,0.7488242285,1.08006295,-1.18525098,0.2209554858,-0.2418852358,1.217422772,-0.01446757141,0.2653557547,-1.236949147,0.1446513868,-1.227480413
0.1742104031,0.01301376419,0.390292163,0.1070030883,0.5133339097,-0.0194589544,-0.3968122146,1.307630942,0.4339485154,-0.4378696284,-0.9572587808,-0.1266978863,0.2700163885,-0.5225569242,0.1813324891,-0.6523004366,-0.2016986448,-0.9570699443,-0.3282038278,-0.6142031652
0.1386098595,-0.7406431126,0.2246618932,0.4246014487,-0.6899213075,-0.006574647339,0.6201505955,-0.4177015377,-0.3078454988,0.6195294197,0.5552960382,-0.9387708363,-0.2970195721,-0.6341895365,0.01517374037,0.4304170679,-0.7213940632,-0.3551284421,1.366603912,0.5989101241
0.08024401572,0.2206205705,0.3334461898,-0.144420086,-0.380671384,-0.7083452674,0.05312454837,0.04447656405,-0.1231199603,0.01338341331,0.3968487943,0.09740443673,0.6584221313,0.9163935597,-0.1467818864,0.2620993459,-0.8122697418,0.1531853663,0.2131302985,-0.2493760354
-0.1192763808,0.2883135663,-0.1045858263,0.1334155668,-0.5147335469,-0.4528004225,-0.3197399282,-0.513772535,-0.2762456035,0.05279544447,-0.6860152137,-1.213892738,-0.4645012297,-0.6878148951,-0.164969411,0.594193476,-0.6498890357,-0.9845135392,1.146474393,0.1917523114
-0.09729157646,0.1329670817,0.03111198107,0.3401911223,-0.1026951626,-0.1775789493,-0.8138301193,-0.2259208581,0.2202269896,-0.3020449618,-0.9960387475,0.1893448106,0.3820567062,-0.6392999946,-0.2563504039,-0.2268627938,-0.1393508342,0.7408509889,-1.104671105,-0.3065059767
-0.1417178401,0.7457182694,0.1465889833,-1.58151434,-0.1898733056,-0.1353759762,-0.2127299455,0.5553968721,0.6215479893,-0.06722247632,-0.06793080863,-0.30804964,0.8141269345,0.5406410676,0.5455333694,-0.4285955998,-0.8142575592,-0.8027777563,-0.2344069029,-0.8938799629
-0.4997415055,0.01562691923,0.09952235961,0.6367101776,0.2711820336,-0.6529582669,-0.1977333812,0.6692760708,0.08456190002,0.00770972445,0.1069192489,0.3771538101,-0.1046845494,0.3585699441,-0.2742617224,0.1920002596,0.07781912247,-0.5808545257,0.4379509468,1.205876008
0.6043903098,0.05526138223,-0.1547924453,-0.6784654384,-0.1786862486,-0.01973135621,-0.169071601,-0.1657944784,0.5153740223,0.3939089563,0.4414759878,0.3371843459,0.5039647975,-0.213762642,0.02439802548,-0.8585238072,-0.5988207459,-0.3086561233,0.6738238972,1.316294295
-0.8325530353,0.2875128114,-0.01642836944,-0.1572819297,0.09512102763,-0.6099205065,-0.1394994571,0.2133347162,-0.1313871821,0.06815441055,-0.2280407101,-0.3446834825,-0.1923669209,-0.226520521,0.1646184123,-0.1021133373,0.04083571411,-0.4037213952,-0.8444577994,-1.214788988
0.5691346416,-0.1460943401,-0.1862445298,-0.3266760077,1.063251246,0.4236198173,0.5550113455,1.040313806,0.2383473098,-0.2167089033,0.1658145231,0.5164450876,0.7586894171,0.7163636651,0.4395180944,-0.7171633218,-0.4979701838,-0.8507710904,-0.5652542277,0.04876427864
0.4630762706,-0.6713090854,-0.4177891984,0.7683318119,-0.1532528658,0.8174613654,0.5802794256,-0.6408189943,-0.663632723,0.6065943651,0.9076581028,0.2561192938,-1.325719873,0.7593183516,-0.2822081481,0.6485219804,0.604100802,0.7634472518,0.01157084657,0.4155695487
-0.1884081347,-0.9273164955,-0.007742446767,0.56976085,-0.4109838609,0.08643893709,0.5674956321,-0.7557690852,-0.1809059433,0.2270490502,0.06635581343,-0.6789022351,0.009696610928,-0.3711036618,-0.3828118705,0.7772121817,-0.2918549221,-0.9867235837,0.2043213024,-0.7517252706
-0.3096193509,0.2906521015,-0.6457328343,0.6140668723,-0.1986029727,-0.4818220187,-0.4507954724,-0.008708275452,-0.1188450045,0.3079113671,-0.5575234302,-0.9739394206,0.06759693088,-0.9365644273,0.3428737177,0.2731270284,-0.697023368,-1.657853912,0.451977937,-0.7312992012
-0.5253120943,0.2072381621,-0.05833155956,0.4514395939,0.08057527158,-0.6412748433,0.05066621789,0.1781305551,-0.5452376201,-0.2386138368,0.1675655804,-0.391670197,-0.9607693273,0.3785828841,0.19335188,1.312913936,0.7317685653,-1.81352642,0.84614961,0.495484894
0.2608857345,0.06501977737,0.6407012857,0.2749508206,-0.1303659166,-0.6221892676,-0.1768248806,0.1433621766,-0.218570308,1.073549547,-0.5902607118,0.3448278625,-0.4171355105,-2.153070875,0.8053388135,0.5983029624,-5.39841219,1.00787713,0.6549371295,0.7922740772
-0.3539460206,-0.4581884974,0.46806716,1.043876437,0.455775357,0.1501059536,-0.03152312551,0.1886524471,-1.085265658,0.6700829787,0.3266934185,-0.5040848276,-0.8769356769,-0.5666852197,0.8183047917,0.5942796239,0.4338331422,-0.5894971214,-0.05797741636,-0.007483937015
0.4382423849,0.06198737937,0.0786748083,-0.004120714871,-0.3729678298,0.5364534855,0.2597625494,-0.1428277595,0.158290493,-0.1291622157,0.4458117844,0.4865539804,0.134058953,0.4631533422,-0.3798562801,-0.3147224368,-0.999661902,0.4648252981,0.3442412588,0.9675306443
0.4090502051,0.2225071108,0.1436118776,-1.086040261,0.2177332348,-0.1087618213,-0.2275572482,-0.07102986587,0.9943473867,0.1690590862,-0.1263617228,-0.6025187528,1.475250708,-0.4094154601,-0.2192708191,-0.7153521022,-0.8618173524,-0.167010262,-0.02009611203,-0.507064023
-0.2211241235,0.7032437533,0.2130781811,-0.4794101337,-0.1512269909,0.4666216059,-0.9977473681,0.08867091343,0.2958049738,-0.4825997905,-0.9813552349,-0.1780739875,0.1566596277,-1.011351777,0.01989014557,-0.7519236249,-1.216702137,1.036108724,0.1724481233,-0.4334559903
-0.202762124,0.06725187295,-0.4212122744,0.08813678356,-0.2803996016,-0.4974987195,0.1858425269,-0.4114255767,0.6523145574,-0.1380379391,0.2545226355,0.8483234627,0.794891285,0.4754755615,-0.1846813393,-0.1744553816,-0.6223114673,0.8714974714,-0.1493411569,0.1743529971
-0.07595769257,0.04766531261,0.02287714037,-0.5435948739,-0.398584974,-0.0215202068,0.6781919499,-0.1277643745,0.4059563308,0.609348483,0.406155029,-0.1307117863,0.2879722049,-0.3516722501,0.3161806453,-0.2438456556,-0.01140184435,0.0008548708636,-0.5539491345,-0.6837517036
0.1047080063,-0.2846552399,-0.06217988559,0.1609016738,-0.6843998403,0.1242809555,-0.09148118092,-0.9302478431,-0.2976648733,-0.3084570399,-0.06701558264,-0.4853672037,-0.6289297422,0.3750888016,-0.6804596892,0.2854430045,0.3411347317,-0.1325755971,0.163543638,-0.1742790805
0.04237469615,-0.0515917552,0.09224212894,-0.04411499263,0.7174937761,-0.2006635012,-0.2162306785,0.4519292884,-0.009940510462,-0.3212334128,-0.9131265701,0.1747737995,-0.386341343,-0.3424132722,0.5490543173,-0.1155559938,0.3591169007,-0.259499519,0.3212379837,0.841306299
0.1537734886,0.5757551688,-0.04907660145,-0.124688037,-0.148155189,0.7462651881,-0.6862962278,0.1458568607,-0.04475362768,0.05212392249,-0.372679281,0.4386714922,-0.3462236808,-1.096707108,0.1483141296,-0.2101457901,-1.649050259,0.5151728687,-0.3022892229,0.2396879279
0.0137402769,-0.3919962015,-0.3174930993,0.4736403891,0.2108163768,-0.07500539121,-0.04330800523,0.04129633589,-0.6115070587,0.03770421772,0.07382628941,-0.5205135873,-0.8678829427,0.3631307039,0.1719804523,0.5414671731,0.04066225821,-0.4952260835,0.2989776254,-0.6091059411
0.01940573086,-0.4155179027,-0.3003862371,0.4155497719,0.1227081189,0.335651266,0.5868780342,-0.1692119807,-0.4888644582,-0.2627096426,0.4607820224,-0.5502478043,-0.7913372292,1.256714206,-0.1053121769,0.8108776635,-1.387903574,-1.338620549,0.9767420109,0.07414092042
0.08414376766,0.03127479363,0.240345602,0.3913595723,0.1740464259,0.2319948755,-0.3452215381,0.2826891482,0.1965490567,0.4681526643,-0.2719498325,-0.1654172201,1.085332958,-1.066290354,0.4231054799,-0.3984840118,-1.553366791,-0.600811906,0.2964650254,0.4559891589
0.2001155605,0.06133613546,0.3855759308,-1.011960035,-0.004653255209,0.4394095769,-0.5388096359,0.3410372426,0.1722424111,0.6170264581,-0.7982672022,0.4714371866,-0.3100393741,-1.47849506,0.4885702852,0.2465139374,-1.959653145,0.402151126,0.5794213376,0.424621048
-0.2437802433,0.02730982512,0.4272905438,-0.05622532396,0.4382853135,0.2543691117,0.2836135302,0.3819298514,0.5741172251,-0.1626646559,0.3023010779,0.02242851759,0.5858294989,1.018426447,-0.2647696529,-0.3737271646,-1.844976286,-0.3710937044,0.3900210173,0.5135498551
-0.1350424007,0.2997091541,0.5559408185,-1.114901759,0.1776475734,-0.02351851348,-0.1010432542,0.3026033241,1.08443971,0.3305700883,-1.097268768,0.3105583581,1.439301671,-1.547913682,0.1819096244,-1.618757417,-3.78595211,-0.2664381034,-0.704221209,-0.8571271396
0.3064098894,0.01597006754,0.197005995,-0.1928099455,0.2733830838,0.4269495934,-0.1544293134,0.5625144842,-0.03385170765,0.4705208951,-0.543856538,0.6138398744,0.2863301477,-1.276717261,0.7541912967,-0.1914927488,-1.874556622,0.2830887188,0.4297444089,1.235245273
0.1460629617,-0.7786101277,0.01089317041,0.982932336,-0.4460594789,-0.2002624817,0.8509895275,-0.4727607727,-1.172298734,0.3099114328,0.7229845249,0.8111787947,-1.027083083,1.062334332,-0.04616630153,0.9337281517,-0.7596117541,0.1508314902,1.541383918,2.322756341
-0.2867530009,0.07164104964,0.1050728265,0.7742554593,-0.136526247,-0.8168809867,-0.1069730574,-0.6559180172,-0.3277875767,0.1419605875,-0.5760368032,0.4258513554,-0.6241062469,-1.20414928,-0.1357882835,-0.04660984255,-1.448149717,0.734453302,0.6704466588,1.250896004
0.3007612203,-0.2227922834,0.3470604116,0.656311024,-0.2282110049,0.5499432624,-0.6215555596,0.1721316684,-0.5916380712,0.04030819102,-0.7195508882,-0.5309944949,-1.221884258,-0.7165428605,-0.2283035318,0.4482699673,-0.7139642594,0.4521985971,0.9280765226,0.4496621143
-0.5447642716,-0.7841232641,0.7466648175,0.892198623,-0.2425874207,-0.4337235078,0.8991001153,0.2079392162,-0.3695911874,0.7581309971,0.3936874279,0.02428529341,0.1794639244,-0.5122536896,0.6203364097,0.7314508213,-0.2942880793,0.2470663887,1.364640468,0.9612088421
-0.435940274,0.4042063882,0.1328411622,0.06568140237,0.6852991534,0.1674795779,-0.239205957,0.3887035617,0.09754902771,0.3961410668,-0.04879906967,0.6317233885,0.09806997026,-0.7123559503,0.7838559574,-0.5995895422,-0.24418352,1.020681049,0.1173639496,1.06293736
-0.1267950145,-0.1611017127,-0.09910463194,0.3118371989,-0.5628089425,-0.3812593133,-0.09549285123,-1.015496525,-0.5200242711,-0.1671093898,0.3435952381,-0.09556995681,-0.7502610158,0.569218676,-1.376058009,0.5490477425,0.1420916751,0.2367947452,1.330222515,1.11671963
-0.07769056653,-0.2492127042,-0.7383922371,0.174130265,-0.04457505265,0.4825668108,-0.3117128437,-0.5608443948,0.01571904089,0.8439687365,-0.4137085874,-0.007304930506,-0.6538598169,-1.582891162,0.04763759237,0.7520735313,-2.572005093,-0.2571870375,1.512318849,1.238402844
0.2202921876,0.0350001248,-1.149849557,0.167418001,0.2589165496,0.1800136713,-0.03979577223,-0.5616342051,-0.6323551503,0.8249002592,-0.5596348161,0.1102667634,-0.4759896062,-1.484527336,0.4149455206,0.1307068872,-2.517972968,-0.0172049417,0.7429654022,0.7349272935
0.4881140434,0.04452606067,-0.1266769507,-0.3874375809,0.5232904862,0.5572497209,0.2305359326,0.02461113735,0.2233828008,-0.04436086768,0.1761041228,-0.1559846931,0.5733732044,-0.04293608654,0.1217866642,0.5397065319,-0.3601939095,0.5051078257,0.2591031742,-0.1111234487
-0.3589390174,-0.389264301,-0.01426068758,1.146066433,0.3339342619,-0.9775351086,-0.2900667174,0.5501251692,-0.1246668958,0.2508063839,-0.1167630222,-0.9725673121,-0.773495074,-0.8523818422,0.950786988,0.005792556339,-0.2918453518,-1.08861438,0.1533412595,-1.413542454
0.08915586704,0.5513384526,-0.2791993153,-0.2343369798,0.05452729734,0.1487913523,-0.2624574138,0.1742520162,0.5406363722,0.274314523,-0.5255373114,-0.5133092073,0.6253984278,-0.3844795887,0.4662103819,-0.2279164068,-0.9742211665,0.02413662457,-0.1123326344,-0.2788314551
0.4261586535,-0.1636792554,0.3164623393,-0.4014271475,-0.2978660002,-0.1555536304,0.1161113218,-0.5847776833,-0.340161202,0.200470422,0.6509924121,-0.2595499635,-0.4856856181,0.3035963261,-0.7597624652,0.2436030121,0.4571211721,0.195632699,-0.3663147097,-0.4298575735
-0.403979355,0.1274335653,0.4819457419,0.2006125866,0.5178285599,0.560901334,-0.2647697583,0.8605489297,-0.5755642615,0.4062574306,0.05810520818,0.4504778568,-1.021685649,-0.1630645945,0.4612826801,0.3059492201,0.3666414958,0.4847441596,-0.9592834456,-0.3336235193
-0.5331730793,0.2688992205,-0.1874908395,0.2765972098,-0.1492868962,-0.1449534077,-0.2892408592,-0.1986020168,-0.6518245394,0.3690187771,-0.3289512982,-1.146539197,-1.212430012,-0.4595312134,0.2471703103,0.9230795625,0.006550873175,-1.308805915,0.4452910882,-1.126002409
0.2952698528,0.1301741227,-0.0498141193,-0.6690742142,-0.4078116505,-0.0710379963,-0.1725689125,-0.8314890177,0.5025356031,0.519125652,-0.03594312967,0.5672187564,0.769137498,-0.8482848165,-0.5119274415,-0.8270593258,-1.198698574,0.857944565,0.185031195,0.696009813
-0.2080449652,-0.2838073275,0.09742476829,0.4861423235,0.00406756175,-0.02138740696,0.1701794194,0.3226383405,-0.3244317531,0.1538666315,0.527063204,0.164858058,-0.7179200792,0.4832832568,-0.135297995,-0.0006660260463,0.4682935407,0.6030331731,-0.3734546688,-0.1381267369
-0.7905016178,0.04348782937,-0.2243655707,1.225629939,-0.1313753644,-0.5345312708,0.2807601127,-0.7446111133,-0.4296974,0.2354730535,0.4112848934,-1.186445067,-0.7931090359,0.144619834,-0.7623181924,0.753270351,0.4237506059,-1.011340366,0.2216923844,-0.9862561471
0.2461122371,0.4042635578,0.1007517266,0.1077632362,0.4340280737,0.2466058843,-0.2794483662,-0.2954178709,0.06552981322,0.1541512259,-0.5351007339,-0.424564991,0.08349677573,-0.9655241818,-0.04560163981,0.1790452524,-0.4506774468,-0.06579088888,0.219304076,-0.07954617307
0.2069669127,-0.103551431,-0.3298413272,-0.3608280601,0.1440084545,0.1844909581,0.2716984689,-0.1917583349,0.2974788893,-0.2875431035,0.4153291669,-0.3275057098,0.2075539843,1.19117644,-0.7937401199,-0.145742999,-2.491436671,-1.18372111,0.05146777444,-0.5650605393
0.05175030216,0.3804133021,-0.746773875,-0.7912694302,-0.1160767533,0.3254544615,-1.180449227,-0.4562667912,0.4667582951,1.406219388,-1.410826449,0.1191824109,0.671500652,-3.146306768,1.057247555,-0.675288359,-11.54033833,-0.5202844257,0.1519347964,0.7456139318
-0.1208229198,-0.04734551868,-0.2257048243,-0.09595832357,-0.1987869857,-0.1819589817,0.2592781774,-0.1004119636,0.03019884074,0.4122224101,-0.3113507822,0.1905860367,-0.3692002135,-1.039704028,0.7507643926,-0.02655710554,-1.073669599,0.03453957082,0.506723592,1.351028493
-0.5643109191,0.04575362474,0.5895531761,0.7454898317,-0.6290465224,-0.3398564618,0.4698896568,-0.0426028662,-0.06173533634,1.006672987,0.908100867,0.9502746534,-0.245115191,-0.0920278087,0.6980535349,0.2272375439,0.216970591,0.825113848,0.1501293532,0.9317602005
-0.05571311705,0.2973657425,0.08159726338,-0.8389112758,-0.2148609676,0.332781797,-0.4737096415,-0.06208193487,0.5734429617,-0.6395681807,-0.5494187408,-0.09902150158,0.4524635688,0.08289396172,-1.355060139,-0.220900229,-0.5413716526,-0.02773365254,0.1116413571,0.242099307
0.04700000198,-0.640462723,0.74893238,0.8781599822,-0.1028564492,-0.6161107983,0.8273815812,0.7177824468,-0.5267443139,0.4142966218,0.6072550285,-0.06647484032,-1.276058475,0.06593827548,1.253290061,0.5270434988,0.5253486391,-0.6916116286,0.2431265923,0.2940331708
-0.03711178416,-0.2075356146,0.9061682186,0.2058963558,-0.4188068747,0.04690554493,0.05598891347,0.7877920831,-0.3345224811,1.716175796,0.001350537249,0.5031874103,-0.2282684358,-1.763096267,2.393142238,0.189624552,-3.426565357,0.3484378762,0.7738000451,0.4550785086
-0.4374434028,0.1411924902,-0.2589371335,0.5899562103,0.09605874744,-0.3610771724,-0.3736269175,-0.2236732568,-0.1755336272,0.5390695593,-0.1891993836,-1.212324367,-0.4187245929,-1.164968311,0.1004359653,0.243898927,-0.5707910086,-1.05009508,0.5580099803,-0.7369134456
0.006026016005,0.1483277635,0.605165062,0.04744245245,-0.2579955901,0.2138483078,-0.1959564646,0.1927822289,0.5810661094,0.4267749974,0.5366685673,0.1285903124,0.6945975071,1.003131878,0.7166647783,-1.290813369,-1.621450994,0.7968621045,-0.09125685325,0.3779629287
-0.07597808146,0.2962608517,-0.01411807128,0.01316394651,0.1241298906,0.7494014516,-0.4540619021,0.3575326733,0.2916970549,0.1081394433,-0.4428915275,-0.0008902440884,-0.01903608178,-1.199000228,-0.2206589073,-0.6525378064,-1.68732469,0.1364936088,0.283507685,0.3566508608
0.1656962365,0.6024030924,0.1635436215,-0.1131049217,0.9327986399,-0.2082933687,-0.962047877,0.7188191947,-0.002956785168,0.180108794,-0.6209219694,0.2555323321,0.4790256892,-1.29038215,1.563652652,0.6229680123,-3.125768518,-0.87152597,0.9345258601,0.484990784
0.616853437,0.63837605,0.07602290742,-0.9111780791,-0.4661574042,0.1373223974,-0.9775354918,0.1490430675,0.1427974497,0.1340180441,0.07248663012,0.2339454841,0.4193857558,0.3520753329,1.021396567,0.08150620264,0.1574746317,0.6307898895,0.1279892022,0.5067819549
-0.05376590594,0.01769010498,0.2864329294,-0.1685554397,-0.3527773435,-0.252663496,0.4462407879,0.6362043602,0.3780663188,0.372440645,0.7502739044,0.3594674729,0.4096259948,0.6732536767,1.153554975,-0.2725186048,-0.6159224998,0.09399286338,0.8008777894,0.961348255
0.10796403,0.4509188431,-0.1310585516,-0.8341696308,-0.1854307119,-0.243968232,-0.3706193773,0.3425502779,0.2087679964,0.1670875796,-0.5972070969,0.02003670011,0.03849283989,-0.9916028907,0.07919250796,-0.2690430051,-0.8189336186,0.1469480422,0.1001605297,0.07743808296
-0.4873435971,0.1841190294,0.6538177254,0.1963436125,-0.3156827931,-0.3475286311,-0.1271770204,0.1027455283,-0.2318162187,0.4505638609,-1.125278161,0.832001775,-0.4114577792,-1.443024242,0.5211485414,0.6562982319,-2.547605843,0.9001611927,1.369588126,2.094203444
-0.43705482,-0.0434677906,-0.4147340819,-0.05651552923,-0.4636726329,-0.7394716015,0.5197827107,-0.08794610346,0.6238993252,0.7433888784,0.9076652977,-0.2017119195,0.4560122093,0.6686746138,1.144702165,-0.2706249186,-1.204809916,0.5976384984,-0.2611847894,-0.5116739352
-0.2799486282,-0.3777948228,0.5288443713,0.5759328869,0.2121039508,-0.2238673732,0.6295970832,1.110102391,-0.04914007379,-0.1016780966,0.4652158736,-1.036236824,-0.3302509505,0.6869168697,0.8135738862,0.5230553191,-0.453274678,-0.332617633,0.2011146935,-0.5531658176
-0.2914416572,0.123593009,-0.1757823766,-0.3646087423,-0.09458789328,-0.09704721621,-0.2820971454,-0.4856299037,0.2833873965,-0.310387614,-0.5995368716,0.7768957504,0.130978893,-0.2995239628,-0.9750220575,-0.4665415309,-0.2215155044,0.8850738676,-0.3902907815,0.8368004617
0.1763640574,-0.3428236956,-0.06232740496,0.4544692915,-0.3339138327,0.4484832184,0.7697585882,-1.230480853,0.7891797986,0.2279705225,1.248278621,-0.4963311563,0.4178953979,0.9153273163,-0.8020168187,0.06206559953,-1.275779996,-0.06675386538,0.4472490782,-0.1648621925
0.3659266675,0.5699148896,0.403130141,-1.065537977,0.4022970106,-0.08171741898,-1.179511951,0.3441301499,0.845933097,-0.04491611352,-1.117070412,-0.4419532515,1.453315108,-1.593269435,0.5282063525,-1.039586906,-3.384041542,-1.054794568,0.03442750727,-0.1474973776
-0.1272869112,0.4940462679,0.3361866717,-0.6093424111,-0.1350169171,-0.0510105403,-0.9464682129,-0.2158011026,0.901636473,0.1864104777,-0.8409373965,0.1273088208,0.9884172116,-0.6649840481,0.1949079224,-0.5901614033,-1.136192205,0.1226084985,0.01114524115,0.4984152577
0.3829529187,0.6098178643,-0.7899999455,-0.8867586787,-0.7934466226,0.3634880903,-0.4113707217,-1.113460415,0.6848088701,0.4648974397,-0.3307586686,-0.1277452673,0.9140121444,-0.6929535236,-0.6609992197,-0.6556262085,-1.163411657,-0.05855455454,-0.3067520874,-0.7881141791
0.2690981112,0.1087343677,0.4100494524,-0.8108403711,0.0532902778,0.2668566437,-0.303335915,-0.131604454,0.1942666217,0.5599800585,-0.06245416779,-0.1309868163,-0.2826611013,-0.688639643,0.4517134294,0.1944666542,-0.9249780512,-0.7988435505,0.6390315848,0.4507748825
0.09442816439,-0.05538974439,0.04631685726,0.6499723424,-0.09263251236,-0.2195487433,-0.4968819731,-0.306731544,-0.5131967435,-0.2624038674,-0.158152064,0.7730960397,-1.162849075,-0.3049524215,-0.8674584226,0.6912218253,0.7886022244,-0.3925815905,-0.2755752306,1.449194454
-0.5142920014,0.1662668821,-0.3024243034,-0.3018489597,-0.4818437762,-0.5004531433,-0.4893304766,-0.6772473032,0.2664276045,-0.04646300969,-0.3738087255,0.03061299041,0.5272569526,0.3178784273,-0.7956358738,-0.4259477233,-0.1934710178,0.2743914311,0.208234674,0.8184219768
-0.6059060781,-0.1374991194,0.01224391498,0.7061062587,0.008564350785,-0.5320697166,0.5562530565,-0.211329176,-0.6585427502,-0.3919297234,0.756095729,0.2675155003,-0.8746610239,1.33457764,-0.4746515465,0.6571989393,-1.333244942,0.2909023924,1.078566954,1.249901446
-0.05449106494,0.2805772866,0.1248035128,-0.1229237323,0.03822491168,0.1369018159,0.1763331773,-0.1571428962,0.4602996122,-0.04627551306,-0.04934839727,0.3104885093,0.6757691255,-0.1689132083,-0.1967252312,-0.4753592899,-0.1512699689,0.5541978376,-0.1609043729,0.352544752
0.7356889447,-0.5430867618,0.0007531536636,-0.1201242289,0.9812425476,0.1829256188,0.8752660958,0.4437843438,0.1940814481,-0.4584239524,0.7263708824,0.4369478222,0.8221501203,1.488081621,-0.3987153238,-0.2825143295,-2.570262525,-0.3912188956,0.0009438601844,0.6243257596
0.1021537669,-0.3347499323,-0.2503683003,-0.2453367103,-0.4382040779,-0.6479865119,0.2024175077,0.07758276214,-0.09546868853,-0.1450674465,0.4913572099,1.230557026,-0.3436528823,1.41170292,-0.6227146806,0.3424870983,-2.238424233,1.321067898,1.142213915,2.189749541
0.2875466974,0.5542739028,-0.1778209477,-1.187549685,0.09669473976,0.07060217368,-0.8002338726,0.01030614972,0.4915273593,-0.3967401248,-0.5401937673,-0.7308531877,0.9802686462,-0.03227528128,-0.4998815126,-0.4561964489,-0.5461084208,-0.33492671,0.1186099359,-0.5047773673
0.839365369,-0.05140916181,-0.5439651576,-0.05728043841,0.8309211883,0.4086969466,0.3749968395,-0.03827536659,-0.03200007218,0.9099007647,0.8494957261,0.03250004477,-0.4326485728,-0.3129740996,0.31400255,0.6902097262,-0.003981963053,-0.4145671996,1.220525069,1.005013307
-0.3491124661,-0.5192268037,-0.4962805377,0.786257839,0.2577210414,0.4101853787,0.7216428688,-0.2684446642,-0.8584389202,-0.1104742514,0.7839781694,-0.1389948404,-1.915312838,1.782697453,-0.5965337109,0.6361435202,-2.319897461,-0.2462476045,1.331885352,1.440232188
-0.04057583518,0.2968413582,-0.4001577511,-0.1181143216,-0.2600841748,0.3523232091,-0.0178559718,-0.9026770626,-0.4286017642,0.3584153631,-0.1729370416,-0.00394717957,-0.5328575386,-0.5604432333,-0.1650455642,0.317119074,-0.3278371179,0.1161513082,0.8293152058,1.065272618
0.5812458838,-0.2916199338,-0.05944847191,-0.3098506277,0.1184689579,0.1577846443,0.6412043507,0.2130399811,0.6996562292,-0.233857123,0.6126769508,0.07407818601,0.9004781998,1.118142472,-0.3785119053,-0.7535557149,-1.816286463,-0.08015406401,0.2422099762,0.004664218114
0.1584838191,-0.5459823029,0.05050276447,1.084902866,-0.1657271461,-0.9907366999,0.3690187558,0.2026199761,-0.8723861293,0.5569961815,0.1825587391,-0.6281781941,-1.679798994,-0.5935196273,0.8598361404,1.349675488,0.14460659,-0.4905184857,1.209632925,0.2041947151
-0.1448545302,-0.05308263685,0.1377862243,0.6559150209,0.6464839154,0.5755038823,-0.2554115462,0.5493279441,-0.7058253804,0.1444933611,-0.610808962,0.9165575345,-1.009644531,-1.012674001,0.4949083955,1.058703227,0.3735802776,0.3854221285,0.5141535001,2.010469243
-0.2521144924,-0.3420027659,0.1414682681,0.04034422482,-0.4250350268,-0.09027177762,-0.0508985298,-0.6933369708,-0.6794304735,0.1179040889,-0.7163783186,0.1101221686,-0.7543605641,-1.496018423,-0.7686523015,1.077082772,-2.359108474,-0.02551397031,1.563172718,1.795438459
-0.1191672176,0.1099329905,0.3022607766,0.3651909706,-0.3369833638,-0.2235796414,0.004234302533,-0.4772149699,-0.1454740673,0.2558379508,-0.006383610579,0.1187451004,-0.6341118523,-0.7240258888,0.1312463402,0.09512929512,-0.5053598147,0.313225828,-0.3570721717,-0.2944592262
-0.2809708227,0.3675069741,0.3735457998,-0.3186390983,-0.3376248028,-0.1159612619,-0.4328573527,-0.431771728,0.2944287184,0.786801753,-0.7883109551,0.2326253746,0.2435510316,-2.046917499,0.3511319685,0.1546008991,-4.961703038,0.5437296762,0.8933124314,0.9337981108
0.06897739698,0.715292003,-0.1012969882,-0.3131138439,-0.1059648972,0.4042043501,-0.8292022449,-0.2542854591,0.1646915729,0.1236172838,-0.9280910907,-0.05874747756,0.1441083761,-1.146192354,0.06121655533,-0.1663624479,-1.651906795,-0.3451422674,0.1621800963,-0.4440545907
-0.6778144691,0.4432213924,0.2147514408,-0.2113629834,-0.2159218646,-0.759213616,-0.8182378916,-0.336114498,0.1106107514,0.5137971962,-0.7375075417,0.6179084329,-0.01256131245,-1.668716688,0.1128691872,-0.7795379881,-2.814029374,0.1351156647,0.6873836545,1.334407836
-0.6479419332,-0.1766317402,0.0703010896,0.6811196814,-0.3791349475,-0.1630352386,0.4058621623,-0.8169539931,-0.7251753758,-0.1945980721,0.6982787076,-0.4375229949,-1.657803129,0.8702720164,-0.533537943,0.3510871769,-0.468374945,-0.5858992631,0.4715291537,0.3145246837
0.05261099806,-0.1263931372,-0.1538454156,-0.2166487409,0.2907498486,-0.5130621031,-0.1535089572,0.06081778947,-0.2080564824,0.2487175586,0.5349124252,-0.269527643,-0.5255566339,0.01352966402,0.2199486492,0.4828057338,0.7497122921,-1.546178668,-0.1583771645,0.1099433754
-0.07404652145,0.1191782243,0.2861625765,0.1522686831,-0.2980755678,0.4198205016,-0.3773213752,0.3249287728,0.1115975382,0.1202582211,-0.5342823802,-0.3509044544,0.3542540493,-1.178019951,-0.09823511146,-0.2932465865,-1.720257267,0.3892509178,0.3062401605,-0.4713417907
-0.2041510907,-0.958353335,-0.3903330044,0.8787064678,0.2018755511,-0.3528264016,0.4584020454,0.1620970191,-0.5976326594,0.01577670446,0.5765391595,0.694050601,-1.567745753,1.195712421,0.4157829816,0.6521142534,-0.2459870868,0.6237969569,0.7587817109,1.654003411
0.8368208121,-0.06673279051,-0.1139794102,-0.6006819683,-0.1703334198,-0.2209697036,0.08501193969,-0.3793636718,0.009373791552,-0.04373320045,-0.4609281053,0.6063672487,-0.075298568,-0.3749571666,-0.6610883417,-0.4773769797,-0.2669859932,0.2967323241,0.2452271897,-0.007857772214
-0.07495780576,0.09965339924,0.03186844792,-0.191236619,0.3387403291,0.0313834431,0.4887327994,1.148272045,0.3888190449,0.1080070841,0.6962014511,-0.2280284797,1.130244968,1.184582965,0.4401151876,-0.7423372487,-2.221196183,-0.6879250985,0.338365456,0.2063858203
0.3136894273,-0.1181152093,0.009816730636,-0.6781010337,-0.5644600261,-0.0532792454,0.2307973988,-0.3708359735,0.127755389,0.2796340715,0.09727617546,-1.626045798,0.1780650275,-0.08150333168,-0.2099401257,-0.6522954206,-0.0596854816,-1.025108567,-0.4861610833,-1.796856093
-0.04356803794,-0.1206066012,0.1459990275,-0.3079819638,0.6643586709,0.01880376166,0.8537024451,0.2060167606,0.7383304695,0.2431189593,1.196413082,0.04884173847,1.332503165,1.006578369,0.4488056765,-0.4032523625,-2.343150933,-0.1347604906,0.7259077442,0.6805405137
-0.4930842873,0.7394719705,-0.3225723517,-0.1774142028,0.1495499282,-0.3397651472,-1.348676438,-0.535384752,0.0486816331,-0.08064781496,-0.6999720392,0.855128368,-0.4574799678,-0.01796865511,-0.1372958321,0.2765171167,0.7815233033,0.6144052548,-0.5876941293,0.351076843
0.3081885357,0.440757939,0.2246145495,0.1342589085,0.5733619771,0.4083183758,-0.6137363639,0.4227337865,-0.6191515059,0.1758322824,-0.7751481099,0.6733547464,-0.8535738125,-1.006904357,0.06258227096,0.1952688606,-0.9222768273,0.2523458826,0.4962965064,2.285966604
0.3574286264,-0.04762694972,-0.006523037365,-0.3815332054,0.07697977202,-0.113727718,0.1815389377,-0.5222705172,0.2147288906,-0.4445257201,0.7507234068,-0.2446156615,0.04746618748,1.84484094,-0.7013349406,-0.8004561642,-3.609917507,-0.1096907279,0.8057894439,0.5732929212
0.3672676377,0.4727549574,-0.3539337168,-0.3898974913,0.276063374,0.3743499326,-0.8880177791,0.09570441695,0.6114352044,-0.8285317532,-0.742739152,1.102302063,0.4949112022,-0.7676859554,-0.2955952494,-0.7536341988,-0.8248374419,0.9265444171,0.430981812,1.297869781
-0.09914884502,0.3151663864,-0.1444495382,-0.6634312145,0.06436450688,-0.3606478185,-0.5003702051,0.248691724,-0.1299957034,0.2416563993,-0.5947047385,0.0332329998,-0.4249196916,-1.159190761,0.7594165991,0.2341196762,-1.410651916,-0.5783168608,0.619164047,1.096225385
0.1468031614,0.3936295558,-0.5445938003,-0.3743160497,0.3766088286,0.4257659744,-0.156501214,0.1094335498,0.3451015136,0.3328813154,0.06586819731,-0.292825804,0.7533325243,0.01064912316,0.4736505921,-0.0799399847,-0.981092156,-0.3859680924,0.761331706,0.3879813105
0.7047169,-0.4898925878,-0.02183819755,-0.1576458824,-0.1322699137,0.1111238825,0.6612324117,0.0714235855,0.08399877323,0.2041838565,0.1783927584,0.4337075915,-0.1058413054,-0.009246266968,0.3763673407,0.2796275436,0.4564434128,0.2876799677,-0.01990005547,-0.3206873183
-0.08505247859,0.3995220686,-0.3273707043,-0.8217460699,-0.1608943245,-0.06482794063,-0.7775276882,-0.5473579846,0.2099255798,-0.2620800473,-0.8000827394,-0.1586389731,0.04555089048,-0.5913786924,0.2734723948,-0.3848040075,-0.2448803344,-0.3194997331,-0.005550864823,-0.04203148159
-0.1767154975,-0.1028283558,0.09472835514,0.3699878787,0.5281198008,-0.001014968834,-0.08955025809,0.3625684485,0.04349603212,-0.6845642067,0.140765983,0.2076033694,0.7321574369,0.8826815923,-0.1357265582,0.5709404103,-1.627419111,-0.05945360081,0.9590324685,1.110147227
0.4019789352,-0.1450896329,0.2401204031,-0.4888890851,-0.2179920972,0.2853608151,0.2757108955,0.1124915461,0.1064119592,0.1891686886,-0.1060724818,-0.9207901329,0.428015823,-0.478713708,-0.2579154895,-0.676176498,-0.01060921058,-0.4079212503,-0.3083436547,-1.644140107
-0.2389606632,-0.4000883895,0.1539527591,0.5562128496,0.3098539315,-0.101493955,0.4036045214,0.2113104424,-0.4795788858,0.4619119668,0.2486387787,1.043465729,-0.5447552866,-0.7396532815,0.7786609855,0.4836822727,-0.4231230929,0.7853402529,1.4064884,2.680352601
-0.6061697866,0.2867750867,0.4344030363,0.03014432256,-0.02691319074,-0.2969778264,-0.3938168524,0.3577804276,0.6326541739,-0.2326366667,-0.3550204009,-0.503676117,0.07153512515,-0.08832754484,0.2102770626,-0.7481555492,-0.1081288971,-0.4975505138,-0.5010702017,-1.205765682
0.10301723,0.09249451376,-0.5033174008,-0.242227308,-0.199409187,-0.3258448386,0.5586821328,-0.4633632724,0.2543673113,0.1103921282,0.3304959742,-0.410364612,0.2799373204,0.1067927071,-1.122534902,-0.1938805455,0.07914260732,-0.105389301,-0.1580042231,-0.08168526935
0.0803213588,-0.112732273,0.991823703,-0.3839840295,-0.0223298495,0.2574154982,0.6372760145,0.6546689561,0.02821010112,1.238501243,0.08338539593,0.3158514792,-0.6068212635,-1.647564436,2.057466882,0.1226994062,-3.798751561,-0.6200794438,1.329667092,0.7960106768
-0.1305036951,0.1645680983,-0.2110548179,-1.052717961,0.3327975914,0.3183503058,-0.05583463149,-0.1809931552,0.8165658027,0.1466840982,-0.2786424735,0.4353733709,1.492648301,-0.6830647018,-0.2110910103,-1.030400493,-1.084978329,-0.3820954135,-0.1600991429,0.3309734687
0.2709636814,0.3631380733,-0.157063339,-0.8978665549,0.5331079715,-0.04474799989,-0.5265218207,-0.14278459,0.3577808025,0.2379431044,-0.4516861288,0.393797894,0.3787241354,-0.7761058284,0.7225130351,-0.5100975856,-1.137535929,-0.3598297248,0.4534021035,0.5807677159
-0.5849512164,-0.08420255226,-0.378719988,0.6859192516,0.684081363,-0.4875955018,-0.5328906931,-0.1208046146,0.06885992494,-0.03132161151,-0.6421343607,0.4996633362,-0.001412704854,-0.7957794442,-0.1489724443,-0.03090796693,-0.9172905021,-0.4949123543,0.5123191633,1.506326935
0.1719151845,0.2404350751,0.7812370701,-0.5912111244,-0.06010807393,-0.1978287481,-0.5751545312,0.03626410168,0.1615856411,0.6265518967,-0.3471235267,0.8140628304,0.04753915259,-1.697626504,0.6908877301,-0.2426877419,-3.959984311,0.5519428924,0.6838181359,0.743961368
-0.02204040705,-0.2936129835,-0.6164381038,0.1294722526,-0.07038846503,-0.0200479253,0.369738622,-0.2485963685,-0.2704344821,0.6633881715,-0.1958986111,0.1045925201,-0.4815919223,-0.777706106,0.4594752826,0.4420842726,-0.3377263717,-0.2970367782,0.829913597,0.7836722004
0.4640962178,0.5136786912,0.07906850865,-0.8926964326,-0.9526510707,-0.4976913207,-1.013897577,-0.7580269459,0.1001987191,-0.3037752455,-0.7021997264,-0.8642213321,0.7315683352,-0.7060625207,-0.9835435909,-0.5326760092,-0.8266626715,-0.4477007115,0.05710846589,-1.08878113
0.1126319664,-0.2524269317,-0.9212395064,0.06042742483,-0.1389760394,0.4713486454,0.1540958606,-1.389133108,-0.1896129265,0.2888057689,0.1436136559,0.8565864724,-0.6868620021,-0.0361253517,-0.8485765065,0.4712923385,0.164924933,0.1961800033,0.04263983575,0.971405952
0.2577373039,-0.2509694065,0.08706657803,0.5175248288,0.1549188255,-0.1225024113,0.7422973822,-0.009596706267,-0.00644692278,0.1727143164,1.02489321,0.1083266407,-0.5129149958,0.9161525776,0.3740908762,0.3221266757,-1.196824168,0.104941942,0.5549339865,0.6485086653
-0.1965029209,-0.4417247314,0.2347843797,0.9009094136,0.258931699,-0.1139671414,0.2368747646,0.1235131758,-0.2755409267,-0.2980888326,-0.1526544896,1.376907302,-0.08402207107,0.02803365699,-0.1338938653,0.552933945,0.08439373093,1.007841986,0.0193847674,1.240872382
-0.1158293041,-0.00507602633,0.2590847683,-0.3651024581,-0.154595805,-0.1176384447,-0.05905125265,-0.1243216405,1.003572523,-0.4633881256,0.5098854305,0.212841819,0.7656894909,1.60044157,-0.257583061,-0.3318552511,-3.386624358,1.320020687,0.4105697382,0.6533393933
-0.1673213485,0.3577174325,-0.2317827678,0.243046562,-0.09302217685,-0.1920085414,-0.722991732,-0.05809159271,-0.322547354,0.1414295119,-0.2464031663,-0.334859079,0.02643430096,-0.62493885,0.02141241187,0.3314830799,0.03803755927,-0.208616911,0.3909036274,-0.07934509298
0.3142295582,-0.1607207012,0.5733270609,0.001307419271,-0.103528061,-0.3973446706,0.1591334529,-0.0605841952,0.03714916941,0.5710766135,0.2703068313,0.04319844702,-0.1190092367,-0.05239254345,0.2968105817,-0.2861768088,0.4698440374,-0.4030280211,-0.5144827534,-1.07863255
0.122798659,0.2615626613,0.01702663629,-0.8098138749,-0.08999725391,0.002299239348,-0.7894269179,-0.1660100497,0.9489288285,-0.2484622713,-0.2121514363,-0.0703908907,1.198712657,-0.06222680939,-1.040358389,-0.3517724098,-0.8935457486,-0.00367361556,1.114443074,1.632682908
0.6970095748,-0.1494957963,-0.3183305814,-0.4120418034,-0.06866646018,1.280448799,-0.3516903256,-0.6005905116,0.651150649,0.2302707252,-0.9334444536,1.149326374,-0.626660803,-1.615673672,-0.4175942712,-0.7494559964,-2.674777195,0.9742561671,-0.06397822866,0.8541999615
-0.2557406055,-0.146388722,-0.5095342645,-0.1232983479,-0.6199927399,-0.0007076803625,0.315107971,-0.6262611165,-0.5876498341,0.2180120648,0.6686880878,0.2201930308,-0.5723896222,0.5328014549,-0.110977219,0.7870231193,0.1630107796,-0.3341048826,0.6570132801,0.3361707313
0.2498706651,-0.02702342402,-0.1906866276,-0.4373898722,0.04296207917,0.6594694235,0.9829720871,-0.5178747708,-0.1589728165,-0.6218976021,0.8747877578,0.956442957,-0.7272016496,1.991775315,-0.9147092136,0.3910457897,-4.154057612,0.5809805419,1.02165678,2.499365196
-0.4994840962,0.9611359282,-0.3591939756,-0.02814047821,0.41478862,-0.3243909998,-1.129111491,0.567425274,0.2948153661,0.1208465728,-1.192975509,0.4730731962,0.08557525567,-1.423838628,0.3717515446,0.03574505777,-2.521409032,0.2419000694,0.4172016995,0.5666946685
-0.04032327697,0.2122385929,0.3287015822,0.07660662097,0.1743854183,0.04283480375,-0.7162501633,0.5107252451,-0.2327395376,0.285762849,-0.5905227201,0.6960318279,-0.9177497507,-0.8520473717,0.9021867558,0.5234388454,-0.2626362199,1.262423156,0.2112598975,0.6172335325
-0.1528318304,0.212402847,-0.552585633,-0.05871091506,0.7027856789,0.07914116463,-0.09967705495,-0.3416919286,-0.1396923894,0.3182447003,-0.1473831912,0.2907897081,-0.2532557677,-0.6870007475,0.209253782,0.4541979369,-0.5842700866,0.2716468695,0.9236093331,1.227409721
0.5635086813,-0.03842406843,-0.4234494144,0.03576315846,-0.09471420138,-0.1603092123,0.2899400949,-0.5444477459,0.22715996,-0.2301270101,0.03842717309,0.482759469,0.4463892752,0.6556483269,-0.9974147839,-0.3112970182,-0.814388656,0.8355835511,-0.2421096118,0.3387606898
0.08943781187,-0.1305181339,-0.7301481975,0.4008093888,-0.1756018712,0.4429431854,0.3245986645,-1.057101003,-0.4897823885,0.1596117383,0.4757500231,0.8910810778,-0.9007245456,0.2151660883,-0.5068666405,1.494451219,0.5499840204,0.4028809593,0.09938846895,1.042563459
0.221393078,-0.4011030173,0.1157857373,0.09705136935,0.4564547897,-0.1425157888,0.5989904286,0.2184797129,0.0152957389,0.5933349757,0.2355659892,0.3857987809,-0.02493724545,-0.5284104615,0.4814771801,-0.802561913,-0.2754769268,-0.04091181216,-0.1525918567,-0.07677319613
-0.3816157836,-0.01795254681,-0.02342497359,0.4860009509,0.1309241439,-0.2791835003,0.2885959715,0.1379410949,-0.5007179409,-0.2072629493,0.6959313937,-0.8119039714,-0.1454120289,0.8130101695,0.04884790469,0.7629708938,-1.157014041,-0.2319346654,1.025017181,-0.4380421376
0.5786579598,-0.3057304678,0.01244931425,0.3488961694,0.3849606676,0.6604330516,1.212695877,0.1197025786,-0.5092936383,-0.3730811655,1.424816337,-0.6987298674,-0.775286271,1.622528976,0.4197408279,1.17070323,-2.744628061,-0.5865705704,1.586279323,0.9549799188
-0.07333446496,0.05425117901,0.2059888931,-0.2091799721,-0.1925647002,0.1897281094,-0.5400678021,0.4390645396,0.5810552097,-0.5719101003,-0.05084559751,-0.3896977311,0.5460276456,0.6084392976,-0.3215853997,-0.4047661921,-0.5074360323,-0.7489212012,-0.01153631264,-0.4022218301
-0.5440041421,-0.7929651997,0.5535619014,1.359410451,-0.1236965759,-0.4457518538,0.3852519676,0.1010495841,-0.7968558991,0.4945688162,0.448767013,0.2638897561,-1.129253707,-0.5372619858,0.03385273324,0.6347907033,0.3196509604,0.9081670798,0.4674514355,0.6324825803
-0.09455245409,-0.380570435,-0.2188108673,0.6819578042,0.335861093,0.03626435522,0.8688489064,0.7540947561,-0.3955933755,0.289517724,0.6138902797,-0.532602239,-0.6700385957,0.5153828506,0.2287734986,0.8206336509,-0.07058505737,-0.4378313506,1.05386095,0.1836639746
0.1199928059,0.1048614786,-0.2816201957,0.2576441584,-0.09100150048,-0.3657772403,-0.2627668193,-0.2607167999,0.2585273753,0.4001857956,0.0163610033,0.261362804,0.6651495952,-0.8473181686,0.6142401184,-0.280253593,-0.6561512655,0.3174971728,-0.2320299135,0.2095318503
0.3030679352,-0.1002006578,0.4466871893,-0.1651587731,-0.07224652459,0.2149490814,-0.420274079,0.1028795268,0.3249369299,0.3936118356,-0.3052001635,0.4317044607,0.1298295408,-0.714591923,0.65481795,0.09534444268,-0.6960281722,1.410491126,0.05612785517,0.0492618305
0.08852225521,-0.1213263338,0.3189064672,0.06485464738,-0.5133130312,-0.4882257066,0.2914689719,-0.4729028396,-0.06072217101,0.4330981786,-0.14692266,-0.2432649392,0.2806041896,-0.4005157263,0.2595862176,-0.3992056475,-0.912005725,0.236731454,0.4754121327,-0.4111145366
0.5122316263,-0.4367232122,0.3394493614,-0.06298730418,0.3580355392,0.2030854259,0.7436088883,0.420816629,0.4176807698,0.2255447963,0.8377615878,1.192181168,0.1769868828,0.1977258292,0.8142038278,-0.5795986626,-0.1139229108,0.2419393388,0.2091726053,2.109395876
-0.6047218648,-0.1285776557,0.1731139244,0.3883947503,-0.0865252829,-0.4433603701,0.06834960371,0.282396762,-0.02853733455,0.07615761834,-0.2800666417,0.966518454,-0.4321929022,-0.4604570581,0.3220104376,-0.1475692235,-0.5260316603,0.9680328844,0.9334986153,1.819671445
0.04139027863,-0.2895948191,-0.8583765803,-0.1784423365,0.3505496798,-0.5366278571,0.2280865483,-0.0933932863,-0.1835197443,0.4335439458,-0.4108621039,0.7960667816,-0.3989273597,-0.4828301914,0.3275785354,-0.07277281166,-0.222808539,0.0889290693,0.13593243,1.214279243
0.07252654873,-0.1532149219,-0.02415370696,-0.1821522703,0.8694930032,0.3434565431,0.5247745702,0.7795910811,0.1783560402,0.1817991649,-0.2143971399,-0.3250545507,0.412409118,-0.3601908599,0.2702945446,0.2205848716,-0.09140391341,-0.8122266884,-0.00137070378,-0.2479424215
0.005902157636,-0.163207243,0.05014216755,-0.1764161818,-0.8683880874,0.3878827646,0.8298374526,-0.2796340471,-0.7597016175,0.2380372512,0.7252058312,-0.7873674265,-0.5924094579,0.69946937,-0.1368218972,0.3620513158,-0.7141559999,0.9504681469,0.478715292,-0.6933775346
0.1990528903,-0.1660730464,-0.3590686468,0.2078092407,0.1249467549,-0.006853083964,0.1105350601,-0.245915412,-0.1358936396,-0.3039763462,0.3576593617,-0.1447390212,-0.5467453764,0.7605573936,-0.6960350008,0.01077759673,-1.104984819,-0.2499545843,0.6124994525,0.5295872443
0.1645213641,-0.1876339824,-0.02614372594,0.1484525121,-0.3496357938,0.4525619245,0.7279783028,0.3092905897,-0.5422857458,0.7020118041,0.791785209,0.4523979157,-0.1781101077,-0.4041240485,1.086003708,0.1667645832,0.3347473872,-0.005137927568,-0.3995910366,-0.08340963932
-0.4323556999,0.3533668704,-0.567400353,-0.2682307359,0.348195978,-0.2161773574,-0.7588299166,-0.3208477464,0.4971976362,0.4137170525,-0.3066345925,0.7139512735,1.022976406,-1.575259646,0.5193466925,-0.6691361287,-2.96687567,0.009672269651,0.2232038092,0.6896610682
0.2553921957,-0.0829205639,-0.07694892726,-0.8272598745,0.1673548929,-0.3044843183,0.2591640625,0.2097452953,0.4482673273,0.03577684196,0.3847997533,-0.05441923502,0.1804200208,0.5189734679,0.1108458712,-0.3872573358,-0.8364730659,-0.2444056433,0.06410131678,0.9961357607
-0.4056798731,-0.03326854312,-0.06303426475,0.2391643405,-0.2044708336,-0.2458121029,0.06560306511,0.07820368326,-0.02414864214,-0.7835314654,0.6917150723,0.4769329029,-0.2733824799,1.834357772,-0.3390133898,0.3036166031,-4.119505201,-0.3611768503,0.7025035159,1.207977085
0.2503754395,0.3675743296,-0.09012504053,-0.8206275309,-0.1747939357,0.1746410187,-0.3277016917,0.2892693158,0.9716210956,-0.3264241996,-0.7437252077,1.026516604,0.7912653443,-0.5286849279,-0.6459233747,-1.303768373,-0.7675938162,1.119777467,-0.6457420098,-0.02611368627
-0.1274351291,0.03023540137,-0.2104382475,-0.3287426179,0.3744118368,-0.3743289718,0.2211774969,0.2934792287,0.06711406542,0.0833949032,-0.157399676,-0.3123972099,-0.3721541532,-0.1965402651,0.4867818946,-0.5612628454,0.5931381832,-0.3745399236,-0.4209987631,-0.4024274965
0.02683116187,-0.1222605975,0.4264539675,0.5233542379,-0.4033425021,0.004737548044,0.6274913208,0.1027563944,-0.3065723231,0.3662025792,0.3250614773,-0.2662643741,-0.3605791067,0.07064641242,0.2839894263,-0.1009534897,0.7761472237,-0.4084844331,-0.8373156042,-1.121705764
-0.5082976179,0.3352051007,-0.1172602456,0.2789949246,-0.1164545759,-0.8421184066,-0.4443778729,-0.1174243757,0.4038290003,-0.2297140415,0.2455509913,0.9281191687,0.384758112,0.7516124903,0.2907062144,-1.033407443,-0.4815110944,0.6612339132,-0.1591273075,1.294585307
-0.007544538644,0.01498437895,-0.001717408615,-0.5727843741,0.5536895771,0.1949933018,-0.6422041777,0.949184772,0.3188335784,-0.0213110315,-0.8405350756,0.002394599803,0.9323421163,-1.37612676,1.246694296,-0.284051679,-2.91083674,0.4176896192,0.4702036017,-0.2179664149
-0.5748687219,0.4780165602,0.5828607449,-0.04239911488,-0.5143505386,-0.3955739437,0.01140797814,-0.450299307,-0.7921328631,0.6952550732,0.2431631201,-0.8924233069,-0.1155313438,-0.6118129368,0.4184909359,0.3128155058,-0.01229816036,-0.2111950002,0.1549099151,-1.035839602
-0.4742620481,-0.5646207238,-0.8033775854,0.4487756066,-0.1521525101,-0.1054528419,0.9238079132,-0.4047121311,-0.6855357901,0.2343871314,0.9895490937,0.09299975054,-0.7617692828,1.266656102,0.07937989727,0.5737067824,-1.784568533,0.2311107531,1.157900454,0.9789402239
-0.3107566508,-0.3952149233,-0.1395256674,0.3441350338,-0.1667692252,-0.2561040232,-0.1462716065,-0.6153495414,-0.125222896,0.06619839389,0.383170709,0.9402106583,0.09596465447,0.2600801873,-0.4496428889,0.02209988805,-0.8173326026,0.5207874633,1.149501203,2.355339209
0.05483421132,-0.08691006935,-0.632830183,-0.2486119004,0.4551568805,0.4969486485,0.06340117103,0.2758658211,0.29205673,-0.4004721745,0.2384373087,-0.1773035076,0.2204378509,1.27703493,-0.04476440429,-0.5749484575,-0.9350149888,-0.643009939,0.9100008097,0.2990193724
0.334880649,-0.3181667492,0.4891116321,0.2188640927,-0.1416487188,0.2243840535,0.6707568052,-0.1345016288,-0.6355650576,0.4419700987,0.3896298697,-1.104945121,-1.126851789,-0.006481015591,0.3501898486,0.1914553835,0.741316968,-0.6609493771,-0.5559411162,-0.8917872761
-0.05007121676,0.1657648495,0.1539758487,0.3623714774,0.4758177009,-0.190134051,-0.888294557,0.1487645724,0.06353205983,0.07684250602,-1.027154401,0.6606042615,0.2863252917,-1.444003831,-0.07828182276,0.250532585,-2.437465986,0.09002649759,0.861035131,1.591607492
0.1479330052,-0.1303280268,-0.2630703576,-0.5430861433,-0.209580097,0.02180111212,0.03469034031,0.2562806292,0.885211302,0.6035534406,0.4274486703,-0.3135749322,0.8479591919,-0.73862416,0.945259777,-1.015189061,-1.301680431,-0.5642337152,-0.3118261404,-0.6536997821
0.1325166007,-0.1455369264,0.3625004541,-0.3675058488,-0.04157289794,0.2673644537,0.5752681586,-0.3897691852,0.4325258911,0.5442444219,0.766471409,0.03571338112,0.3708187031,0.7563130524,-0.1899664471,-0.8889324641,-0.5814768319,0.198924069,-0.1396632033,0.1068326368
-0.2088043222,0.1282363583,-0.1450629,-0.1564744965,0.76532415,-0.3783774823,0.1372255075,0.4485697079,-0.3617839498,-0.123929121,0.2578892836,0.2957609979,-0.400664755,0.6254969529,0.1660259955,0.705235728,-0.2546262299,1.199031694,0.2165299808,0.4243729615
0.05513844273,-0.20760206,0.4411652658,-0.1416489526,0.1453853059,0.01731992435,0.6847717401,0.6092560294,0.628176777,-0.1710248002,1.10187576,-0.1905343076,0.2146317629,2.465458747,0.6003072083,-0.3103793333,-6.909520055,-0.4573036349,0.5795577917,0.4416077188
-0.4786910646,0.07489289766,0.5051751652,0.498880032,-0.08076624566,-0.5667267485,-0.3060479995,0.3323862141,0.2325476383,0.114787338,-0.294680281,-0.5057731716,-0.3289959466,-0.9732804275,0.6446210141,-0.1876754813,-0.2352072775,-0.5925745332,0.2780092641,1.007910765
-0.7425948946,-0.2645468157,0.2455211601,1.463028326,-0.2539234473,-0.3494218297,0.5804261939,-0.2513962286,-0.6849518307,0.0287061165,0.2314698994,0.3203125534,-0.8024402955,0.3779213263,-0.08654519957,0.706280672,-0.3849363481,0.1488453984,0.3513033411,0.3923788141
0.1597728664,0.3808348309,0.2706073492,-0.6427545673,0.1827639585,-0.5942817349,-0.05406362038,0.1966163173,-0.1374386989,0.3386104166,0.4775655819,0.2620556446,-0.3709801189,0.04310543476,0.6417458699,0.03299918464,0.5839297998,-0.09669450154,-0.5205401317,-0.2236912273
0.1399365211,0.51598589,-0.06993690114,-0.9821282694,0.1537897518,-0.5158377478,-0.769422954,-0.05518268474,0.6098560247,0.6394737608,-1.026949304,-0.2720984664,0.1684393404,-1.837121292,-0.07598457252,-0.7558432124,-3.777586177,-0.2171309713,0.8192832587,0.3762903698
-0.7592037356,0.07589158191,-0.007261278017,0.8714598284,0.1210080883,-0.6284437238,-0.0040776897,-0.002784602103,-0.4216406921,-0.2546571707,-0.3380682102,0.2774085857,-0.5093230885,-0.8927741436,-0.3823077336,0.7637497138,-0.1981225271,-0.6207289253,1.342159184,2.267718429
-0.004737924483,-0.07134413296,-0.1484214428,0.04126019587,-0.4994668119,-0.5750199531,0.9551994102,-0.2006691721,0.04746748466,0.06007290289,0.8079172048,-0.1734462019,-0.350879657,0.9357908299,-0.1479578423,-0.7517637721,-0.5511183245,0.08381757964,-0.7343480916,-0.2242787707
-0.2202100775,0.6185800667,-0.2114226679,-0.3769002727,-0.6810309223,-0.2183022545,-0.8430965624,-0.9973675021,0.1230973818,0.7456979308,-0.3616877246,-0.4029289975,0.4873237297,-1.534184517,-0.1078054799,0.2925017956,-2.743848523,0.9707002626,0.9454632562,-0.348177956
-0.321886816,-0.6137838536,-0.2413315395,0.9962124229,0.2549229631,-0.07231914626,1.118069495,0.2760704186,-0.2711206745,0.4748138707,1.100254856,1.179965187,-0.2418802055,0.4697938731,0.8178332748,0.3399464549,-0.5049205478,0.6347558291,0.773067694,1.919858596
-0.08457014936,-0.2202920639,-0.8007725913,0.560551305,0.07629755086,0.6358416825,0.09903863932,0.2889455474,-0.185915499,0.5879721643,-0.2589012431,-0.2944904488,-0.1370866521,-0.7215575344,0.4358575472,-0.05535738791,-0.1227388649,0.2745285477,-0.2930240138,-0.3812613734
-0.3516760959,-0.1567931633,-0.2116913445,0.4345589203,-0.1841000567,-0.5280919883,0.2883444839,-0.248543077,-0.6185300663,-0.1798419574,0.6664890122,-0.3024792572,-1.192345404,1.467365522,-0.4085992696,0.3455129857,-1.799326632,-0.007045146282,0.5646399814,0.310330189
-0.1093310188,0.5229543975,0.002842903051,-1.191905128,0.1960982252,0.1354166113,-0.4354657611,0.2212413958,1.178054768,0.04809248096,-0.8448044505,0.9500590391,1.473341043,-1.20436179,0.4156423035,-0.362560857,-2.609305959,0.5944025233,0.9958666094,1.941604781
0.1381666814,-0.2512397766,0.002985349158,0.5168051608,-0.3444389464,0.1847186948,-0.3376978441,-0.854190668,-0.9112782271,0.212174912,-0.07038679792,0.4791106368,-1.601991744,-0.104357678,-0.2650098734,1.077448629,1.072674922,1.275954054,0.5226786813,0.7989691492
0.7183252806,0.37853698,0.15843992,-0.7876717943,0.1331827387,0.4658262634,0.08057192526,-0.5791556895,0.3441124064,0.2541835016,0.02779758596,-0.6438921962,0.4454753308,-0.04593236899,-0.04981777441,-0.02231541822,-0.1336232437,0.1207791019,-0.4655169224,-0.8669791098
0.7753772215,-0.3103568791,-0.2847115327,-0.1804599047,-0.07662782949,0.9261305331,0.2896459819,-0.6224442409,0.7467569938,-0.06536921013,-0.3937687861,-0.2805372094,-0.2624298999,-1.307966718,-0.1829867589,-0.9081363108,-1.816701113,-0.3117748644,0.009786007936,-0.103325354
0.548708844,0.6306419893,-0.358634446,-1.404699225,0.2978668744,0.7012896846,-1.264155824,0.2502034238,-0.07603334922,0.2878958704,-0.8198071009,-0.03718392915,-0.3746098661,-1.557809086,0.4749502316,0.09464260241,-2.795388872,-0.4061933133,0.9848872994,0.6126894454
0.3191913981,-0.07999288924,-0.141070604,0.2533280664,-0.406910128,-0.1932865476,0.4736961028,-0.9254896673,-0.05876736168,0.2593146199,0.2344265991,0.178305562,0.09687578722,-0.4887567989,-0.541593898,-0.4057403696,-0.3808620809,-0.9883344637,0.2873757356,0.1414282261
-0.05355442492,-0.2345358898,0.2859465525,1.021937619,0.3027153272,-0.08303246655,0.5024913274,0.3546835114,-0.07721776623,0.3699292954,0.606355212,-0.3007921259,-0.6624716828,0.08087426226,1.094871043,0.1612190624,0.3693899306,-0.7286615352,-0.2239338205,-0.6555676895
0.1019248705,0.3082886715,-0.04271536027,-0.2671188418,-0.0217700108,0.3708132169,0.07591675881,-0.4310902701,0.2880109183,0.2668886132,0.1898184017,-0.5621057789,0.1738152781,-0.269837104,0.06374485395,-0.4831689019,-0.7522437318,-0.5908567003,0.3053001871,-0.6054172068
-0.5162472038,-0.700640798,-0.05450996598,0.4081969696,-0.6869172792,-0.6300877724,0.5671318984,-0.453991418,-0.1452252575,0.2694575718,0.1986119225,-0.8195359166,-0.9124984047,-0.1132557395,0.03857027175,0.4515948362,0.07783100373,-0.9090421369,-0.008642718945,-1.014972545
0.1518757608,0.2029785186,0.07402087135,-0.9425367113,-0.5270516173,-0.6350603981,-0.2792430091,0.4425380801,0.9918382669,0.2757033205,0.4451827022,-0.800361505,1.261486185,-0.1358076219,0.9478836899,-0.9733261591,-0.2971830211,-1.254317637,-0.3323892272,-0.8063694529
0.05009645105,0.4465890193,0.1118703829,-0.3505428026,0.09055264531,0.03202155401,-0.2742698766,-0.1131698827,-0.3914537622,-0.2364139437,0.1069647101,-0.1600450024,-0.5122991806,0.3287996597,-0.1708884511,0.8401604656,0.2953563742,0.18271232,0.2468829707,0.4983616696
-0.2652339293,0.3113443345,-0.545324662,0.5372862057,-0.01890525774,-0.1403382829,-0.6187037149,-1.002265201,-0.2314233223,0.1094530498,-0.2797174799,-0.8461406192,-0.03436901161,-0.4603752168,-0.8405429814,-0.2880306648,-0.583075274,-0.6310855609,0.2394034976,-0.5871118888
0.08616279579,-0.4998562372,0.5623426123,-0.0836737401,-0.02255461645,-0.239857133,0.4800618667,0.6907592924,0.4378250892,0.3268615652,-0.02277483271,-0.09638824879,0.5805895988,-0.3436875348,0.5439858863,-0.2919515266,-0.3376210919,0.5957977229,-0.3227483454,-0.9017063434
-0.5329737932,-0.6512835595,0.1735368891,1.291270665,0.4656072759,-0.3324806981,0.4264859567,0.8274924665,-1.193167552,-0.6052504261,-0.02743701601,-0.2670469132,-1.753725428,0.2011170538,-0.4708984321,1.966395804,1.012153561,-0.7040600836,0.6298699961,0.6712143551
0.09932554807,-0.3521826526,-0.5763270722,-0.04901155568,-0.4194156987,0.1170899489,0.6078952863,-0.9358286502,-0.2836951367,0.5832195155,0.5293222792,0.4448890579,0.3049669424,-0.1166654614,-0.1237185292,0.2892719345,-0.2627655106,0.4374392724,0.3707705174,0.5722156612
0.4266782701,-0.3277136599,-0.2180449101,0.1529548398,-0.02448486833,-0.1241130502,0.6311529562,-0.4691751219,-0.1934123735,0.3496412667,0.6701778463,0.6801397575,-0.04733384282,0.9484011236,-0.7273740048,0.4417383983,-0.7096606955,0.448661507,0.6671495403,1.819908122
0.01661978726,0.4526626642,-0.07335229722,-0.3798074857,0.08765912209,-0.1395206254,-0.4150058662,0.08456580698,-0.136042455,0.2251608928,-0.1420196612,0.5178514915,-0.3019014038,-0.7289428766,0.809339169,-0.333384801,-0.3535449138,0.3520110031,0.3016248607,-0.007302009699
-0.2263314309,0.4614623126,0.01508433285,0.4006183888,-0.2285897797,0.3073513345,-1.001469892,0.02112806363,-1.123227765,0.3463413815,-0.3133652316,-0.06589722394,-1.639622405,-0.7730648086,0.6401124861,1.827810172,-0.5727376432,-0.2634081135,2.016811972,1.858466804
0.2833784048,-0.1249177915,0.3539574333,-0.22104689,-0.6709974017,0.06077187614,-0.4383513486,-0.5969646997,-0.2891366233,-0.2193942828,-0.04757076822,-0.3648027459,-1.093986157,0.287708819,-0.9071783089,0.4215595703,0.5603758728,-0.4869603386,-0.586764063,-0.745754372
-0.09092158968,0.04966019996,0.0290844248,-0.2882074103,-0.4952442744,-0.4347530751,0.256528208,-0.1995542932,0.334496321,-0.3579451853,0.5178009377,0.5858627179,0.4916292238,0.7921502797,-0.7618371712,-0.7334641996,-1.678388846,0.8766462207,-0.06441978404,0.2994805621
-0.02821725116,0.3135463385,-0.4167418352,0.05747312162,-0.2248965987,0.04124405883,0.2225569937,-0.2260460625,-0.01151848843,0.7635964454,-0.1299456666,-0.521741362,0.3108383744,-1.169318876,0.5295055832,-0.2856515314,-1.361420566,-1.007357123,0.8312026862,0.004678241704
0.05840318605,-0.04097265329,-0.165961545,0.3955571995,-0.815540553,0.2888378227,-0.2763671335,-0.8159367921,-0.2956121129,0.5908438325,-0.1618584507,0.9505468689,-0.3818039347,-0.9749932515,-0.6118349573,-0.2567503754,-0.7126253188,0.8734508877,0.06061393219,0.7968570002
0.07569748719,0.1715494382,0.3819283531,0.08947844547,-0.1330560912,-0.05261352021,-0.3966049243,-0.06408579786,0.2227415445,-0.04957150415,-0.1018396708,-0.146970402,0.4256824854,-0.01317356539,0.2288504967,-0.5534891376,-0.4818044133,-0.1510074322,0.2752706348,0.3287072166
-0.6523013283,-0.5405347416,0.1829678301,0.7928014383,-0.3421559054,-1.171950619,1.058709084,-0.549632647,0.09792770024,-0.1567166755,0.6683628728,0.9678996474,-1.190782963,0.3298111633,0.1362987928,-0.4829252573,0.3605019668,0.5423109917,-0.1762440471,0.9295377318
0.446079723,-0.7973848013,-0.379670328,0.5808740125,0.3105213007,-0.1841482315,0.7066680151,-0.1641023392,-0.3116958303,0.3824232083,0.4027738763,0.7577969296,-0.4064988557,-0.3511258089,-0.237950401,-0.7471438006,0.1250790341,0.3732431256,-0.982966441,-0.2000545551
-0.5485131014,0.3755383946,-0.520979856,-0.5020579165,0.000283505955,-0.6557124108,0.0307068915,-0.08033463022,0.44186564,0.308483831,0.6753400736,0.1486370618,-0.2178788142,0.6448540798,0.1283355905,-0.5347759212,-0.3999984718,0.9657551247,-0.2436039728,-0.02143337598
-0.2724833927,0.0370585091,-0.1296709708,0.653872578,-0.4656686197,-0.2924764232,0.2470996746,-0.768183366,-0.3059294569,-0.4029253438,0.161840911,-0.3295066122,-1.020793967,0.8463850021,-0.5872785634,0.9775971089,-0.6684429411,-0.375464409,0.7200092966,0.01719578535
-0.1501319637,-0.2474640592,-0.227684615,0.3666146833,0.2260576596,0.1578517129,0.5592298019,-0.1392008161,-0.6390522519,-0.1097900766,0.8043399279,0.7354461513,-1.34502325,1.032583349,-0.4148881496,0.355102219,-0.5015359514,-0.2955632926,0.5095042595,0.9536127365
0.4845201524,0.2515235508,0.2155824273,-0.6485425001,0.8635312617,0.05088662062,-0.8329909979,1.157834614,0.7620506259,0.2627926802,-0.682616247,-0.1621556109,0.531536283,-0.9192136472,1.789023732,-0.9949738368,-1.841003373,0.1157182958,0.2806523593,-0.03043725989
0.1312785337,-0.1456458389,0.3723652507,-0.03793269737,-0.268312127,0.1192873432,-0.1493189945,-0.0967186351,0.1132845779,0.05071370559,-0.00559736643,-0.3203002164,-0.2983904645,-0.8405844557,0.563328073,0.2783602056,-0.9156531034,-0.3631230515,1.30195293,1.165045876
-0.2600582017,-0.4246780933,0.2037774939,0.05627181829,0.5729724952,-0.38017591,0.350820477,0.3943499987,-0.1625891628,-0.05991387347,0.2975025198,-1.198867615,-0.1734861955,-0.008673787855,0.2778756832,-0.07894193643,0.5916285908,-1.559529998,-0.7318435681,-1.703908382
-0.2429016901,0.3959927798,0.7241154262,-0.08939370566,0.02925653956,-0.2334457411,-0.1965688958,0.3293446273,0.06200497825,0.3924265567,-0.25580776,-0.4218012805,0.02483603867,-0.9317743906,0.7298702991,0.1821752644,-0.9875169238,-0.7563532542,0.4177635404,0.4590951385
0.262153435,-0.07017017989,0.2429171328,0.3399834445,-0.305457098,0.1327921699,0.2732704276,-0.2062957564,0.236852239,-0.5527607378,0.1506429539,0.5134159281,0.4574156051,1.116574382,-1.065993242,-0.5283613073,-1.55322176,-0.1704103455,0.6177336961,0.7383605421
-0.1222526042,0.3661543909,-0.04819773859,-0.4210034798,-0.04336170227,-0.2605046436,-0.1923464479,-0.01394369614,0.3838377941,-0.05660963876,-0.2968470162,-1.699000302,0.2849811576,-0.4517698539,0.2150943019,-0.5304575543,-0.0863470743,-0.8098403259,-0.6735956062,-2.510487266
0.3254278933,-0.2814357269,0.3930996351,0.03885661444,-0.2613328766,0.2534436688,0.7528668256,0.7898673985,0.007454599527,0.2841383994,0.8165538603,0.8950651407,-0.09340565162,0.5800709452,1.023675856,-0.2610646755,-0.3684749434,0.3164418055,-0.3199603232,0.2526830678
-0.1800115681,-0.2371040181,-0.3479726451,0.2368229702,0.06644891193,0.2450055233,0.5734922442,-0.3759533899,0.04391541418,-0.3026428295,0.7190084038,-0.2514234667,0.6409768336,1.087115727,-0.1534293097,0.2559465148,-1.816840884,0.01355664369,1.909134793,1.666918347
-0.2634597638,0.1339960062,0.6083312108,0.2758488525,0.6575055941,-0.3406787556,-0.4961731592,1.484728436,-0.2709680202,0.7688846114,-0.7134307388,0.2642786164,-0.2986710208,-1.817322386,1.800561098,0.5285288695,-3.889874716,-0.5259807871,1.11039145,1.182611437
0.02969523763,0.3594528086,0.7907388663,-0.6326804375,-0.3192221939,-0.2462666795,-1.029352266,0.06817991444,0.3428342041,0.7653051558,-0.8849934678,0.12305052,0.2460214933,-2.088096764,1.140015383,-0.5450685937,-5.238697142,-0.4101029728,0.3742881442,0.8885980271
-0.1815279086,0.3145337773,0.3590275295,0.778240965,-0.3109833123,0.09429231363,-0.5331856313,0.871643292,-0.4736921045,-0.4899223885,-1.076807388,-0.2251995977,-0.66587041,-0.2922069609,0.7042400831,0.9690779013,0.3057830158,-0.7812801221,0.7645510342,0.698487377
0.07263502135,0.09482901494,-0.2394765923,-0.3412572933,-0.2604741911,0.3795582911,-0.5520436119,-0.6280114676,0.8608567151,-0.3424090856,-0.09623190514,0.6784215778,0.9449319555,0.3215119331,-1.027483364,-0.8645882937,-0.607611775,0.9320138423,0.4429713004,1.069794718
0.199668792,0.1541946812,0.1665716604,-0.0279167303,0.03771911229,0.1014223284,-0.1224767816,0.04758044202,1.018975735,0.2445074502,-0.5141048796,0.8865599153,1.416226646,-1.340225664,-0.3011808878,-0.6305296825,-3.115708995,1.371316483,0.6069588549,1.42180208
0.1541691872,0.1632944136,0.08890911356,-0.5731008534,0.173098394,0.1099016001,-0.263227587,0.6092620935,-0.502183474,-0.4554715885,-0.3730552554,0.6870926539,-0.3013676949,0.06930724933,0.07712968838,0.7246440594,-0.2103371283,0.7232991681,0.5705168651,1.196414156
0.0547657047,0.2318475411,0.1228668118,-0.1778298071,-0.3923270359,-0.2383076428,0.5209392603,0.058248874,-0.1702161914,-0.06232062188,1.036292687,0.1054857616,0.0435193688,1.15481773,-0.1692193278,-0.6786516779,-1.221388407,-0.3173203972,0.5353810522,0.5943653002
0.1345288909,-0.5137440963,-0.1142373389,0.1604614615,-0.7529143439,0.3464496755,0.7702918759,-0.2129532638,-0.6603588474,0.5348933944,0.6719907494,-0.03835843766,-0.8807022727,0.1444392439,0.9561911346,-0.2566086715,-0.2938463144,-0.3777692227,0.311138244,0.05845131985
-0.6291082426,0.3609591441,0.1794727121,0.18102407,0.3730401723,-0.5446107976,-0.3666887657,0.2611018984,0.3936176136,-0.2691172914,-0.4243219015,-0.1108745088,0.1151305962,-0.2352332746,-1.30410169,-0.223477694,0.3400002567,-0.4315889092,-0.3774758115,-0.2960637607
-0.3648423962,-0.2815817183,0.6820574435,0.9284159124,-0.20978385,0.130344928,0.6518278776,0.05876031256,-0.6148810338,-0.1522751592,1.272522122,-0.8561478167,-1.634832618,1.45877219,-0.2569481025,-0.110858009,-1.339661194,-0.8541141893,0.7742087241,-0.0204242143
-0.5303357066,-0.200610892,-0.06972542984,1.375049492,-0.5766506753,-0.7318915884,0.1299959037,-0.4593805716,-1.051762563,-0.9897297913,0.626201049,0.4069196405,-1.862337424,2.532936315,-1.691454288,1.511317499,-6.641473445,0.5032836263,1.550839775,2.165400121
0.2932927566,-0.004948982829,0.1467687308,-0.1895386194,0.1905655127,-0.07543619693,0.2080702783,0.7463466938,0.09538709078,-0.3528393538,0.0752802542,-0.6229679442,-0.2105825333,-0.0824556879,0.4110682175,-0.3213968308,0.2193878989,-0.5143810201,-1.295739384,-1.626809778
0.1523862012,0.3009502931,0.1183398216,-0.2646139864,-0.0450715618,0.5951140758,-0.8811999893,0.1897499507,0.04811185377,0.3568874312,-0.532983928,-0.1797233037,-0.4230825559,-1.101841888,0.7875172929,0.110034796,-1.19813848,-0.9262599699,0.3079390128,0.8054580306
0.06459210665,0.4664039292,-0.06187107507,0.2097314456,0.6575303723,0.1955942478,-0.6228147415,0.8491520813,-0.2126951811,-0.1536627945,-0.4874613267,0.2664579123,-0.1688239742,0.1235499809,0.2025861067,0.5693727418,0.1658496652,-0.2364770709,0.7313018458,0.9087282225
-0.2174742242,0.1180757385,-0.1072916688,-0.4676361417,0.3312298358,-0.2993917374,-0.09530468511,0.7555540567,0.3835691643,0.1788522014,0.4726745946,-0.2730053076,0.2176279428,-0.1612553964,0.9337076374,-0.4147772857,-0.08652478704,-0.2167577753,-0.5169357968,-0.8564829721
0.2137886333,0.03821006721,0.1012229013,-0.06282709929,0.01392263209,0.05026947232,-0.008183920268,-0.3427867661,0.4792297899,-0.4541939937,-0.4605818406,0.2225538592,0.6801458993,-0.1351875203,-0.6885581023,-0.9637756435,0.01492233641,0.9227615628,-0.6667767361,0.03160469462
0.09483872246,0.2287987599,0.8172775495,-0.5143564948,-0.0393120912,-0.7224647219,-0.5931139053,0.8751517942,0.2111141425,0.4683754795,-0.1273927646,0.2015458366,0.7747971789,-1.136045275,0.4207104563,-0.9942617824,-1.21763531,0.1286124674,0.2546809662,0.2615659917
0.2682119309,-0.2062666121,-0.3395491481,0.3456386049,0.4953822215,0.08585025656,0.060593596,0.1570027147,0.2832346119,0.003099953806,0.1104139792,0.7174339626,0.1079803522,0.05211942809,-0.0149392164,-0.5836502671,0.4352611384,-0.3525649773,-1.250715019,-0.3061917056
0.4439125774,0.4502520707,0.2961708225,-0.5142368538,0.3952996838,0.6743342114,-0.1892461664,0.3490324142,0.7756259298,-0.2488340197,-0.189696091,-0.8487513833,0.1180006175,-0.4259345155,-0.3051338883,-0.7855269485,-0.444749968,-0.4835618299,-0.4527526565,-1.468095714
0.2519714773,-0.3160019411,-0.2053259384,0.6709179804,-0.09374555085,0.3904408922,0.3490282526,-0.3928043317,0.456540999,0.1441290886,0.1769492878,-0.7440538717,0.6026921585,0.5953785832,0.2940948405,-0.4050224855,-1.460719211,-0.5640178177,0.2251019394,-0.545756086
0.333474098,0.09473307966,-0.9432242924,-0.446287614,0.2298756364,-0.02365864173,-0.3636216515,-0.4285299817,0.9095342757,0.9733993954,-0.8674154328,-0.6708878688,1.47058696,-2.116160366,0.4536000376,-1.355623835,-6.163045237,-0.3977894812,-0.08806263365,-1.735482139
0.2145362811,0.011866229,0.6625158898,-0.3576864627,-0.1182119264,-0.1273333168,-0.1098678474,0.2323840676,0.7983069886,0.4122309168,-0.3875434987,0.651443087,0.6423006868,-1.717358002,0.5644401336,-0.2867638987,-3.347985494,1.023707397,0.3886390082,0.731111566
0.2404071307,0.150602808,0.1333870342,0.1778762405,-0.3759420745,0.283717779,-0.372570096,-1.186848562,-0.03350457601,-0.335038057,-0.3838585984,-0.114088978,-0.1243383194,-0.06114753861,-1.046839501,0.1209322859,0.1858850219,-0.7672208991,-0.3024190466,-0.7598967652
-0.371730519,-0.5297919601,0.1591831433,0.4799349054,0.421620151,-0.006113657067,0.8546713782,0.8210681514,-0.6323049622,-0.3859155776,1.09981053,1.025033109,-0.3578169557,1.872930793,0.01244658266,0.1596151656,-4.056269037,0.6812180433,0.9987257983,1.794608395
-0.01266068546,-0.006813560084,-0.07896652787,-0.2185336936,0.05129404385,0.3024121755,-0.2362155255,0.1232947443,-0.2500215254,0.1791095017,-0.2855214775,-0.2621788097,-1.184821557,-1.097670477,-0.06008805385,0.1072572019,-0.1190266806,0.1653479739,-0.302851284,-0.5362519066
0.129008597,0.1638457535,0.2880268013,-0.3692710247,-0.5309727268,-0.4721391141,-0.4484030423,-0.02668749169,0.2066133641,-0.3908307702,-0.7300690814,-0.6980118014,0.1774630871,-0.645306031,-0.002807421726,-0.5155166114,-0.5898670291,-0.2067111048,-0.5494073343,-0.5412159683
-0.1447280987,-0.1502854739,0.5021518254,0.2962378665,-0.09679025138,-0.1326258484,0.3216334539,-0.1683480906,0.4103908728,0.8167084698,0.03490023019,-0.2164919037,0.3501891727,-1.161674666,0.4730282336,-0.8993324183,-1.144510901,0.3165170787,-0.02671446089,0.1621880451
-0.3135658867,0.3137817822,0.3119828906,-0.1528679031,-0.318298666,-0.2795722304,0.008549750524,-0.7166818265,0.2840707185,0.1261691599,0.4324285839,-1.433568106,-0.4322838016,0.3025538444,-0.50123136,-0.5399696121,-0.01312985504,-1.775904414,-0.3480819528,-1.480715242
0.7911786626,-0.3647034659,-0.2255427289,-0.05694461261,0.2920750304,0.3772866283,0.6544619389,0.2063731447,0.3003974424,0.903808089,1.080198349,0.8795787147,0.4982691102,0.06461682959,0.4555528687,-0.6619562556,-0.2338570718,-0.08305300707,-0.3229924323,-0.4161542834
-0.08603584038,-0.2420895587,-0.4056976948,-0.09274964872,-0.1779049839,0.1172224452,-0.1415842427,-1.289710591,-0.1950882173,-0.09894207257,-0.2140474807,1.121582484,-0.04917250757,-0.008495761148,-0.766983758,0.8922608587,-0.2677882749,1.832870169,0.4551998885,1.801024616
0.1606405321,0.1088592212,0.2447562396,-0.6204750107,-0.2568973184,0.0847573796,-0.6076298365,0.01175383464,-0.03912071183,-0.01653875716,-0.7398149815,0.846155536,-0.2801027483,-0.9948251227,0.4288952057,-0.06630513375,-1.10747104,0.6832099388,1.044032899,1.21170817
0.1449814693,-0.332895306,-0.05246816669,0.03353956376,0.3888279002,0.109485357,0.4646494722,0.3689088016,-0.03907750297,-0.7127324343,0.3979222462,0.1832969925,0.06441768427,0.8466772879,-0.01362263969,-0.1907045195,-0.6806710936,0.3663601666,0.5322146477,0.6083210664
-0.1731869529,-0.2635408944,0.04402121474,1.1261466,-0.1424290395,-0.09044853422,0.3803233274,-0.1437663997,-0.3668494681,0.1377411024,0.7336177465,0.969384745,0.2351787779,-0.07577931177,0.2131019837,0.7515432396,-0.6163623704,0.5684831323,0.7769353572,1.928537459
0.5030282526,0.1976902078,-0.4584386065,-0.6796274664,0.08107848291,0.1912929714,0.05850734498,-0.4716398285,-0.3285000845,0.08360584126,-0.1402493802,0.6498281013,-0.6154376887,0.09395300385,-0.9422084674,0.3241912406,0.5904505691,-0.1011050712,-0.04127789474,0.5850462413
0.3290415955,-0.2710442306,0.2696118797,-0.4371507699,-0.0851663566,0.7626382998,0.3964268573,0.2594215164,-0.06249559648,0.2262138971,0.9111815974,-0.8465655819,-0.1623505143,0.500390787,0.7359449244,-0.08582965302,-0.6506336524,-0.534305018,0.831361481,-0.2220766501
-0.1215979409,0.5453348914,-0.3313728793,-0.08137515763,-0.2559896053,0.06100052223,-1.100399036,-0.4586626624,-0.01132505326,-0.1895417621,-0.6410602282,0.4232605199,-0.5187734943,-0.9265583495,-0.2521344428,0.170069417,-0.2764048373,-0.09533033439,0.7962021426,0.7602801396
-0.05228342156,0.1001659794,-0.2023413678,-0.2443607915,-0.02606072695,0.3471092661,-0.360991737,0.3377727015,-0.3380353606,-0.4631906868,0.2788296493,1.14717121,-0.5714712855,1.202787895,-0.0002502999592,0.03779743584,-1.287578277,0.250151295,0.8432634912,2.105297228
0.1911245631,0.04346061351,0.0521604766,-0.6145598346,-0.1558694641,0.1732218108,0.3034184667,0.09429340581,0.3560139464,-0.07966285574,0.3604830919,-0.165533806,0.1170327963,0.2260556969,-0.4174639226,-0.6138649646,-0.1026097224,-0.06999815594,-0.02869627966,-0.1095538606
0.2648963111,-0.6004883214,-0.09488829232,0.3193105525,-0.5299422872,-0.2671321139,1.187112081,-0.2873139902,-0.04715726106,-0.2256656355,0.821916466,-1.102101017,-0.2010661064,1.576311566,-0.4812701555,-0.03724521958,-3.288336229,-0.493105542,1.252743001,-0.1562823706
-0.5781927885,0.3056448859,0.3217115314,0.3790541753,-0.4652371898,-0.09480782549,-0.3273794777,0.223830728,-0.4080425854,-0.1726367791,-0.2359182756,-0.545270183,-0.8714970653,0.2039105969,0.651817348,-0.298863501,0.4907312751,-0.6802590242,-0.5605979953,-1.470998533
0.5454102907,-0.008056241293,-0.06660856198,-0.5620428867,0.1031252928,0.8351667141,0.002357532776,0.1008756176,1.002185652,-0.4576042709,-0.1005679936,1.145862798,1.403706763,-0.3495762108,-0.8154108032,-0.4151940106,-0.3107389243,0.4297218606,-0.1851994274,0.960352613
-0.1089426534,-0.4018522521,-0.1738316274,0.47688278,0.298983043,-0.2007978088,0.376012389,0.1394015012,0.2737970073,-0.5787111332,0.9640097658,-0.9947758899,0.04519987321,1.688221628,-0.3953328868,-0.5209540634,-3.079624955,-0.447221069,0.3285552087,-0.6665213106
0.0008656068424,0.5935834188,0.1917724827,-0.8489267468,-0.8835426146,-0.8065728016,-0.7962944913,-0.737295173,0.4562950434,-0.7232403276,-0.3283472258,-0.1449946036,-0.04701386763,0.3437439489,-0.4759517361,-0.5189236901,0.5686937681,1.056053536,0.03738823667,-0.3947716165
0.1552424938,0.4082192954,0.591710229,-0.728952551,-0.3048234262,-0.4868686337,-0.3430675012,0.5505984275,0.8244539829,0.3351886565,-0.138726244,-1.185578859,0.4937628404,-1.263380063,0.975865813,-1.3736138,-2.174122137,0.1777892519,-0.2100314439,-1.04257644
-0.2934117777,0.3738303318,0.2297206414,-0.6337929686,0.1200042969,-1.002431248,-0.6382563227,0.5889995467,0.6518857603,-0.1813300927,-0.5126097559,0.3311956426,-0.09457757036,-0.03270781245,0.7191727887,-0.8843819728,-0.6217158059,-0.7290518961,0.1052496551,0.5156727874
0.06170192041,0.1877719151,-0.02321415364,0.4885590894,0.2315543316,0.1426449967,-0.2437822302,0.300346305,-0.6017248501,0.09926702739,-0.1158521579,0.7346676327,-0.4826251258,-1.018984479,0.1929868739,0.6273495326,-0.09937177017,0.7053800769,0.8305567155,1.728022336
-0.5619241912,-0.293056056,0.1033862413,0.7005136505,-0.2928421311,-0.2014356062,0.4477883396,-0.3163943869,-0.7138663715,-0.05092919654,0.2950162386,0.3319331819,-0.4768263359,0.3130709177,-0.3254969062,0.5672842982,0.37401327,0.7651992,0.5112507903,0.7463663041
0.413908665,0.6102568896,0.2381219547,-0.4928058557,-0.5967261564,0.5756799458,-1.097710268,-0.6800651934,0.03016442692,-0.04130610053,-0.7912606654,-0.03741357376,0.3016510045,-0.9477658121,-0.6234502673,-0.4263456649,-0.7912686756,0.6510934084,-0.1092326362,-0.0007167434774
-0.3616971473,-0.08320199732,-0.11261462,0.7616571273,0.3224173591,-0.05810912072,-0.164008493,-0.3239509301,-0.03960413544,0.02209699484,-0.3122981195,0.4742233135,-0.3539002613,-0.2566756808,-0.2479788013,0.4148609128,-0.480235819,-0.7127958004,0.8526525622,1.482692365
-0.2461251656,0.0480706169,-0.368186686,0.578957412,0.04478475726,0.163986644,-0.09943501299,-0.4142662882,-0.08264457361,0.3071127873,-0.2027393074,0.2192990614,-0.7165179645,-1.414453326,0.09730566453,-0.3106381616,-1.857460067,0.1791461839,-0.3089965005,-0.5571568053
-0.02114233676,0.24283776,0.4211454342,-0.01208161393,-0.2306309129,-0.5596167949,-0.6371390323,-0.7271838811,0.02082234274,0.006500417427,-0.8512087837,-0.8000270455,-0.7401139824,-0.4461042738,-1.705207973,0.2697251113,0.04717455256,-0.377747078,-0.2458180137,-1.478000462
-0.3695888382,0.1217953826,0.8365774081,-0.08895412688,-0.8707329498,-0.4730957969,0.1692527236,-0.5255209543,0.497704123,0.3120782158,0.244430364,-0.04607743608,0.4961155321,-0.2520656222,-0.4075980355,-0.8520813913,-0.3000612399,0.7614815957,-0.9593735236,-0.6965480745
-0.3113717265,-0.2520077785,0.4593133178,0.2600678435,-0.04290159199,-0.6210222879,0.5849090723,0.06427457982,0.02408654511,0.6334163966,0.5782269432,0.3787174919,-0.742175354,-0.03593068393,0.7870583443,-0.4153159002,0.2283521197,0.1343668473,-0.1110712736,0.2507789564
-0.2607542661,0.2365387395,0.07895719555,-0.03371763333,0.1334047583,0.4919556759,-0.1186842392,0.009427158141,0.3338556982,0.3834423207,-0.6144360716,0.1148194944,0.3722709806,-0.7289888552,-0.05660000168,-0.9899325994,-0.860257341,0.6690127911,0.1392332304,0.612337627
-0.2400203679,0.07940512184,0.4310210383,-0.4652668996,0.3911930457,0.008464740777,-0.2989789226,0.5831485432,0.1892998925,0.6979741767,-0.4249585269,-1.167860803,0.4423384425,-1.178617416,1.362065233,-0.287040052,-1.720480611,-1.052755074,0.1626646475,-1.203802795
0.3898837347,-0.1626392071,-0.2305469799,-0.8622343477,-0.5086397555,0.4306157615,0.128507113,-0.3774259825,0.907482444,0.4226388592,0.1194522905,0.6500148233,0.187460691,0.1875752391,0.4321411713,-1.257320308,0.1745201143,0.6642142423,-0.6518940885,0.466063696
0.1325518027,0.6006339586,0.4193332972,-0.8141436252,-0.3226661075,0.4573007024,-0.8451238066,0.2556821913,0.2301576282,0.349880908,-0.8331774784,-0.5889597524,0.4798079385,-1.315393861,0.5574283808,-0.1310294135,-2.655257151,-0.476129053,0.2570473722,-0.4213514463
0.6421871334,-0.8348261617,-0.2621761211,0.07059911711,0.2464594579,0.7737491557,0.7500677825,0.2839347161,0.1281309717,-0.5176337324,0.7929819476,0.5837982906,-0.9067167325,1.195287099,-0.1392969444,-0.5115185396,-1.810956232,0.1356587423,0.6553187031,0.9668812269
0.431179726,-0.2694239751,0.246422842,0.08953221565,-0.6717204587,0.1405958982,-0.01243426105,-0.7998462359,0.1237691907,0.08667378649,0.2255367762,-1.03849274,0.3111638689,0.01068668229,-0.8584101592,-0.004674385758,-0.462836969,-0.663617087,0.00660125046,-1.785186917
-0.3757525377,-0.02660937998,0.4029925422,-0.2227490045,-0.09865170081,0.2514886846,0.5567246331,0.7283843181,0.541961803,0.5032743192,0.3615759703,-1.316971773,0.6886549246,-0.155038882,1.520636279,-0.5942404371,-0.03781602654,-1.119012647,-0.6485129874,-1.292080836
-0.1215435559,0.5666701389,0.009048890883,-0.02573716253,-0.1813389062,0.3031593072,-1.159575373,-0.1730523295,-0.1569903476,-0.2082627617,-0.2596436293,1.124220915,-0.2178011779,-0.1941047584,-0.1033329803,0.8224345949,0.2084565684,0.3438835549,0.2938291373,1.026170436
0.3783742693,0.008176813208,-0.08519562041,-0.6664313928,-0.06110111017,0.4379266892,-0.4178318713,-0.3019826754,0.4479824931,0.1972828456,-0.06104225742,-1.062991232,1.017910502,-0.3127485318,0.1216503691,-0.9649264118,-0.7818305543,-0.05627260355,0.7729058929,-0.1214687776
-0.4083143094,-0.4916948088,-0.7257466995,0.8914110767,-0.1804123485,0.2956136579,0.7016399794,-0.3335530038,0.3462226473,0.8102876788,0.6282094941,-0.3608476416,-0.3613297049,0.306824406,0.6837909488,0.1712390378,0.1071885804,0.1268043976,0.136371471,-0.4378718015
-0.4246019534,0.6101111683,0.02078684095,-0.3520162164,0.2506506316,-0.1759054937,-1.139165647,0.5728951775,-0.05808854007,0.2621032933,-0.6405295132,1.034490076,0.0491231077,-1.491016221,1.512705944,-0.1083475012,-2.615201381,0.2792213541,0.5077667738,1.325043486
-0.4203590215,-0.553468873,0.219551261,0.2523777087,0.4322715327,-0.36095441,0.3445958011,0.7341057975,-0.3712813512,0.6351988837,0.4602534991,-0.5528969478,-0.5623418862,0.06152052161,1.369105116,0.4945044705,0.07581298259,-0.8105719587,-0.1121029069,-0.9936598534
-0.5792776661,0.1694131296,-0.07478846609,0.4029118979,0.1497899131,-0.2226971027,-0.01617584739,0.4911107753,0.4183772282,0.3317825239,-0.02364972607,2.027165481,0.3382300424,-0.5968637313,1.057723072,-0.4673398081,0.2310060582,1.541946158,-0.2034893161,1.673862209
-0.9548103992,-0.729476975,-0.442998524,1.923452163,0.4986791406,-0.701133643,1.252599595,0.1245240948,-1.164516409,0.3279779816,1.078725984,0.1312003093,-1.519421064,0.5441895361,0.6318430408,1.196604751,0.8498893934,0.6903553034,0.832736378,0.8050822614
0.01623392561,0.1338906658,0.6168920217,-0.1837784023,-0.169980025,-0.1136481757,0.0703268823,0.532745113,-0.4184656967,0.006784551106,-0.4297746721,0.2723939388,-0.290715638,-0.6495683687,0.02268979669,0.6254046401,-0.2665820698,-0.6574797772,0.8847163487,0.7513179003
0.07300679619,0.6885235253,0.142068077,-0.7420680288,0.1915324141,-0.3399722998,-1.284799802,-0.6037925382,0.3977777294,-0.02712505332,-0.6398577094,1.031977382,0.5893141665,-1.08904673,-0.1854554699,-0.7771756104,-1.696373304,0.09216154364,-0.06422997595,0.7087796136
-0.3696860689,-0.4916621603,0.04360143541,1.061710111,0.1429483921,-0.2511031104,0.8851702267,0.2533508687,-0.5651630612,0.08620263395,1.3486136,-0.3876645442,-0.4506074671,1.476203515,0.165681984,0.536547874,-2.310919505,-0.8088319413,1.443789035,1.046105727
0.09456609946,-0.1919698052,-0.02988648724,0.2800195804,-0.4850095875,-0.481893621,0.5838129901,-0.8254510794,-0.823736594,-0.100362572,0.5677449232,0.2651089404,-0.8711050048,1.182341583,-0.7989954047,1.619713637,-1.137898943,0.3214429205,1.904013125,2.17145941
-0.07304596142,0.07911932618,-0.1495954412,0.2976112488,-0.05037951907,0.09611350473,-0.5729896318,0.1922142741,-0.2038292101,0.7661832729,-0.9687898701,-0.2887226275,-0.6208821508,-2.044819562,0.7982617843,1.000641462,-4.550758636,0.3200480551,2.014812977,1.711965919
0.017977357,0.4987053788,0.1797120176,0.4054363308,-0.1750722711,-0.7538142982,-0.4460071116,0.4210385869,-0.1960730643,0.1082983331,0.04654882679,0.8407192419,-0.6933938323,-0.07060233574,0.1830672744,-0.2937311099,0.3656355424,1.655366306,0.3475308521,1.93465842
0.4750883665,0.5674999234,0.2519670546,-0.9680170343,-0.1438867676,0.1520265111,-1.221694354,-0.3831239354,0.7890195069,0.1709834178,-0.6196594473,-1.70936102,1.137966185,-0.7801500966,-0.3299163961,-0.4143354242,-1.78640138,-1.421476858,0.4901514934,-1.358360915
0.5148121154,0.08271348521,0.56164198,-0.04403405384,-0.02709599266,0.5530119313,-0.4124150092,0.1745073111,0.2054566646,0.2126843549,-0.4596401695,-0.8997161186,0.4041939974,-1.243828983,0.2972541576,-0.2685033569,-1.859238723,0.2775958079,0.3893357345,-0.8522801564
-0.582305361,0.4369103014,0.3050937915,-0.3452168359,-0.1330030447,-0.4698101155,-1.470261675,0.4167617242,0.08798272495,-0.05331832889,-0.6602066766,-0.3349547033,-0.6230270746,-0.5485463812,0.2476400473,0.2990696188,-0.5041016149,-0.01937354906,0.2894681012,-0.7072922529
-0.1334038628,0.5053052584,-0.4127619576,-0.5666141795,-0.6958990853,-0.238919695,-0.813739499,-0.9775089368,0.2902953552,0.4435738289,-0.8494360796,-0.4786801384,1.308850022,-1.633545216,-0.8699702051,-0.3594337168,-3.906003932,0.3700403515,0.312119663,0.1567673964
0.02248938311,0.302978322,0.3171795814,-0.03331298664,0.09985404692,-0.09287143334,-0.3847347804,0.4843834256,0.3470853747,-0.2235927709,0.06448251708,-0.02589908408,-0.01461524364,0.4409973056,0.8364093731,0.06685152694,0.4104076908,0.1950078849,-0.3348904484,-0.2235660128
0.01865719378,0.03927005719,0.4925130083,-0.5177514687,-0.1756233953,0.09430829328,-0.2885941417,0.3100520598,0.1797015136,0.443381883,-0.412354151,-0.629112947,0.5262413671,-0.963206067,0.4715596606,-0.4342177897,-1.685545626,-0.289305456,0.2708843562,-0.6504951978
-0.07118495368,-0.2330608962,-0.1294581827,0.6783651097,0.6402450727,0.4339366663,0.2484209191,0.4847323639,-0.4564820907,-0.03567870505,-0.2815664123,0.0331093526,-0.6825884856,-0.4568672521,0.3719671513,0.1707629362,-0.1648705064,0.004729415826,0.2645269666,0.4561275768
-0.005395021932,-0.03213206703,-0.6986013605,-0.512950071,-0.06447706928,-0.1305265113,-0.4832203113,0.1169269666,0.1074479354,1.154410778,0.4326452094,-0.2676388066,0.2651006523,-0.9178728952,0.8673996534,-0.2192341819,-0.9709010968,0.3651166477,0.5615620011,0.179333039
0.2966914087,-0.346253347,-0.5800336658,-0.4195391281,-0.08433451625,0.2965591494,1.008781603,-0.0658576191,-0.157331607,0.4100627952,0.8280892087,0.378236889,-0.4796941563,0.513173267,0.02692940816,0.05109635234,-0.8481551803,0.07072185527,0.6220155808,1.091976083
0.0239836124,0.4347101172,0.3659535645,-0.993763591,-0.1984230926,-0.5842844533,-0.5086164767,-0.1061175976,0.5915337009,0.5375914665,-0.685864307,1.161084738,0.3645449684,-2.220745596,0.3525199437,-0.636435915,-5.526138215,1.491529555,0.2014696695,1.218968987
-0.1817951869,-0.0001686030464,0.1331166034,0.6164288692,-0.0139641671,0.1671393053,0.241857556,0.5583957328,-0.580282299,0.9864126665,0.692515191,0.2440952953,-0.4797460705,-0.1017594349,1.24900202,1.590212463,-0.1332075842,0.6000545483,0.9411734652,1.029933615
0.4295170605,-0.04269291599,-0.5125835958,0.1980754685,0.4538277286,1.250017907,0.2956561952,-0.2415853019,-0.287311358,0.05384381876,-0.06860085978,0.845405549,-1.633968346,-0.08961862768,-0.2474665689,0.3009253202,0.4523735074,0.2060936984,-0.7112680749,0.2434075968
0.319330436,-0.6635015052,-0.2318190617,0.3441713977,-0.3550835182,0.1949501085,0.8833974342,-0.4013988006,-0.8096570735,-0.1260503424,1.466761655,-0.2770466974,-0.8098391422,1.735304688,-0.6569168698,0.5263156454,-2.633272094,-0.0306841931,0.8500265333,0.6992724501
-0.802510759,0.2680877187,-0.1894783945,0.322082907,0.4666261181,-0.3641174378,-0.7151274342,0.3740848941,0.1609168133,0.3013957199,-1.147849399,0.07360808339,0.09258853876,-1.949105157,0.7192157406,0.005590441609,-5.000499706,-0.5533693104,1.34002345,1.812423645
-0.2641443668,0.05942650521,-0.1575289973,-0.2875823434,0.03397916113,-0.2676298137,0.01154080096,0.003701915227,-0.2566177684,-0.06153962143,-0.07826293371,-0.2509789489,-0.4470151528,0.3559541832,-0.1626327129,-0.4209669028,-0.07757963249,0.51755552,-0.6373682041,-1.052322973
0.1162373694,-0.06070877455,0.4700884127,-0.1531598791,0.03767479528,0.08376866715,0.04853453294,0.05146550876,-0.0387711885,0.1854817661,-0.510702155,-0.7636006538,-0.259119535,-1.415757951,0.09189657364,-0.2729544143,-2.387003682,-0.7309564607,-0.01293919327,-0.1028367964
-0.4172481704,-0.08681246511,0.1290243806,-0.2035415156,-0.1903836012,-1.124535945,-0.4285517302,-0.1273472656,0.410646839,0.0431755259,-0.6730576424,-0.2023277526,-0.3400572766,-0.7122129688,0.1170757978,-0.8490429161,-0.2761835636,0.4401765757,-0.1565462386,-0.1289393521
-0.116709341,-0.29459009,-0.04224068682,0.6575584165,0.02101861426,-0.1922985134,0.276344506,-0.1203951212,-0.5961038871,-0.4066778935,1.205022316,-1.216086264,-0.8813005431,1.600000839,-0.7037176281,0.2583852446,-2.511941897,-1.266180501,1.46700846,0.1570752174
-0.2602099185,-0.3352203075,-0.6090176444,-0.03750085958,0.426724973,-0.3121648003,0.6270785927,-0.5676690109,0.1746442318,0.1257069498,0.5025341721,-0.06014893306,0.2030642676,0.5280363401,-0.2889604538,-0.6153531865,-0.2860173995,-0.2878874464,-0.4947663631,-0.5341964688
0.6359433832,-0.4270554785,-0.3333695243,-0.2129831751,-0.2791036478,0.2710208482,0.6756041204,-0.545026414,-0.1020194889,0.3268129316,0.5390471697,0.3946881621,-0.01468768681,0.07892679293,-0.4029998296,0.04306180678,0.1805594024,-0.3224239242,0.04541777475,0.6334260575
-0.3781976744,0.09522702987,0.06931879204,-0.02542533021,-0.113365149,0.1773375008,0.09955016921,0.2193264594,0.3237744297,-0.09623072557,-0.6292254005,-0.3024014783,0.3432710152,-0.8386357351,-0.4636454729,-0.2513837703,-0.8723213086,0.5360972311,0.2665688901,-0.1962074605
-0.3563324562,0.6947010291,-0.2404561548,-0.1702557407,0.5537155631,0.7368004524,-0.7888052681,1.019246804,-0.2031499194,-0.3016079326,-1.30038676,-0.7347078724,-0.9795126627,-1.295420578,0.3079765165,-0.6117458443,-1.972862655,-0.928589108,0.8657283645,-0.06474328717
-0.2355377782,0.3624661968,0.01429322054,-0.4538621793,-0.149723947,0.1305896451,-1.085916108,-0.18847891,0.5216129996,0.1474748441,-1.410544939,-0.9001846341,1.277378225,-2.169686278,-0.5543642202,-0.4125218729,-5.88715754,-0.849048875,0.2647034189,-0.712282089
0.2490681014,0.309306035,-0.02503389506,-0.5630359222,-0.3528082142,0.5149844918,-0.4085908911,-0.488938967,0.4351909367,-0.6565791701,-0.6796552211,-0.3525498336,0.3302843673,-0.3698832485,-0.6709661016,-0.02774667903,-0.3740951642,-0.07731541593,0.2957454659,0.1445551597
0.1771184177,0.1232382675,0.5832748867,-0.4096253997,0.1517183022,-0.5648204894,0.0362852397,0.5378392326,0.625799318,0.6638911212,0.01165696462,0.2728338911,0.1246736452,-1.273737053,1.378453826,-0.5801356867,-2.371496478,0.09596797739,0.1466767015,0.2678798976
0.01209097548,-0.3759973215,0.01758388482,0.4072527323,-0.02331201888,-0.2031154237,0.2819359636,0.1321334089,0.005120746313,-0.3020602466,0.4051470545,-0.893302576,-0.001196480436,1.067843169,-0.1847271666,0.1966366134,-1.310784693,-1.388676992,0.9349732383,-0.00983440972
0.445842131,-0.4113226288,0.288432298,0.2039696364,-0.3161512294,0.1781172265,0.4579626808,0.2861258853,-0.4088576038,-0.03988130721,0.5145832336,0.8143178869,-0.08418376455,0.4697616315,0.01306453884,0.06797457752,-0.1794605295,1.216932443,0.3906014996,0.7985500809
0.2019917779,0.1738055524,0.6856705255,-0.2645907616,0.2068703863,0.115548181,0.1037083138,0.4047362092,-0.2279233932,0.603983986,0.3518657283,-0.01939660753,0.1909820497,-0.6298766694,0.908249314,0.01042091423,-0.6236085447,-0.2290699019,0.006647142465,-0.6721894375
-0.3314450556,0.5688967389,0.07559895177,-0.06668542763,-0.108224454,-0.200925601,-0.9354905867,-0.03723130765,-0.2772457401,-0.2909239293,-0.6860283025,-0.4253466818,-0.6325753938,-1.370215631,-0.4362226125,0.161351856,-1.695793593,-0.8007271358,1.521731829,1.519753493
0.01782826017,-0.01112929358,-0.1784270372,-0.4021050136,0.1063764775,-0.8887320352,0.002243294393,-0.1617758891,-0.04866098651,0.05061567959,0.4327967275,-0.9490211097,-1.385540373,0.796510885,-0.1563502119,-0.2597507595,-0.7123279168,-0.4719638143,0.3540484898,-0.809629307
0.06393463109,-0.3127606984,0.1606709391,0.520357369,0.04194642099,-0.3180689235,0.2857482724,-0.4488399728,-0.8001780755,-0.03912258888,0.4791170524,0.675673985,-0.9782055038,0.9685470396,-0.6366402853,0.8418393011,-0.2928714409,-0.1784795465,1.116514818,1.397989886
0.2421517621,-0.3316961919,-0.2701224462,-0.1333178739,0.03021589125,1.143590943,0.5606180048,-0.2192846911,0.04100878029,0.3876120184,0.4130067279,0.02061566184,-0.5307120916,-0.1733037373,0.1423247727,0.09287930103,0.576710423,-0.3022046015,-0.1967952106,-0.5509470928
-0.2404968183,-1.006062193,-0.2939120138,1.11713924,0.007230897606,-0.3190765205,1.596311987,-0.8818901476,-0.5340752272,-0.03564413438,1.187814197,-1.220219777,-0.9029326399,1.36956158,-0.6685337811,0.7537592871,-1.838493139,-0.6834487807,1.424606635,-0.1305331044
0.7060078158,-0.2032873545,-0.1762738591,0.02494496385,-0.342391749,0.3311242281,-0.09535484966,-0.3303600686,-0.2769876899,0.2534886331,-0.2095893726,0.7724342368,-0.8047092798,-0.5158365485,0.2192132889,0.1612922378,-0.2002516226,0.2782192305,-0.2111019071,0.8301459605
0.04955783273,0.3117904619,-0.1740972065,-1.175339686,-0.2966155941,0.4924002116,-1.12558333,-0.6870564619,0.2788724493,-0.03019701379,-0.8186740169,-0.5374057193,0.1907285142,-0.9744776165,-0.3537424291,-0.1420546522,-0.9470087244,-0.04340750845,0.1844418142,-0.7251659813
0.03767850095,0.1873930697,0.6233266928,-0.4826892335,0.2381915512,0.2093994546,0.3190495931,0.5777149798,-0.02559955913,0.1582762937,0.2947929992,1.47126342,-0.07140272885,0.5911536926,0.9476414019,-0.007658254693,-0.5391316996,1.420706432,0.2604090563,1.89035957
-0.3421928112,0.4266995192,-0.1985486209,-0.1260521976,-0.2044734913,-0.4514208319,-1.566234399,-0.3529091858,0.285071646,-0.02171646319,-0.5415048194,-0.6573019637,0.5298419474,-0.8324359933,0.1658297105,-0.09610751521,-1.245151629,-0.4191260378,0.2819595976,-0.3903253503
-0.09558373975,0.6707740295,-0.116556171,-0.5659255978,-0.5022128292,0.4073096714,-1.34641862,-0.3102021221,0.3409620849,0.08232658283,-0.9511495163,-0.797041339,-0.1220868512,-1.288291671,-0.1410568664,-0.7477424933,-1.285308491,-0.6109482892,0.08576480595,-0.794502661
0.6726539179,-0.04431291144,-0.02445211147,-0.3311367744,-0.233543549,0.1373654249,0.176310515,-0.3557061377,0.2666129228,-0.09294336064,0.5070329687,1.011517175,0.2238111492,0.1213752517,-0.059496586,-0.1400189586,0.20714298,0.4892360844,-0.63797386,-0.2533316381
-0.006715463814,0.1987926439,-0.2517027553,-0.5160702529,0.3543240491,0.3657902436,-0.3811152201,0.674988113,0.2367638889,-0.1816770323,0.1214594665,0.5157332536,-0.239494507,0.3682509652,0.5119486714,-1.176506112,0.3123881998,-0.3372162262,-0.9947189272,-0.8519513021
-0.7355141703,0.2160607949,-0.5939637323,-0.09236667344,-0.3565302347,-0.3241783737,-0.597505746,-0.769036415,-0.1553632099,0.6925814823,-1.312789744,-0.645623246,-0.2868885321,-2.846553561,-0.5153447828,0.5990322392,-9.894107474,-0.5603263362,0.7583081353,-0.01365533847
-0.06907020693,-0.4715692206,0.1505955741,0.3379739777,-0.4390407844,0.1722272316,0.9382463516,0.401219298,-0.8987279063,-0.1224089475,0.9139650323,-0.1640281284,-1.165831791,1.691730865,0.09792173066,0.5392971089,-2.563188753,0.363566838,0.8413734101,1.109829658
-0.1446409942,0.03694658184,-0.3554590962,0.5186723617,-0.08974119711,0.1370587586,-0.2525731246,-0.4199852949,-0.07246399099,0.3427998981,0.09414581285,-0.02069225114,0.2495679749,-0.6640368986,-0.1857581106,-0.0497517609,-0.151565498,0.3953215349,0.2717116469,-0.3546482223
-0.1837488686,-0.4767933259,-0.1632804831,0.7874968233,0.2797659155,0.09385934588,0.5574522408,0.5513597609,-1.157559484,-0.3333291865,0.4736047101,1.664166637,-1.713301591,1.029202429,-0.06174127657,1.265694446,-0.8853461905,1.203570785,1.423801486,3.422267391
0.04210379658,0.2658002455,-0.09981805604,-0.04809086825,0.5325377003,0.2335044112,0.3796343851,1.352524423,-0.3932198406,-0.530933709,-0.1101057008,1.104287879,-0.5968617709,0.5646072661,0.1796047741,0.7523652791,0.09961074535,1.40056706,-0.1629989011,1.004122479
-0.5409835981,0.1623564887,0.05462266302,0.4434779429,-0.1139844364,-0.3647922432,-0.2023193508,0.1475134527,-0.0650232439,0.2119780466,-0.3067472463,0.2562193254,-0.2039109068,-0.5008423897,0.3968888019,0.2131192195,0.2037105908,-0.2122146037,0.2332285064,0.417062681
0.2084050063,0.03327182102,-0.1051943633,-0.2196429412,-0.03956409904,0.2862809434,-0.08600401055,-0.2847876703,0.1956239089,0.4522694048,-0.194568198,0.7659085507,0.5092714609,-0.7740071811,0.4979187557,-0.166274726,-1.382166333,0.4134463879,0.7515820441,0.9501366801
-0.3375191948,0.8214598845,-0.5916179465,-0.5137921017,0.4541908198,0.3923957101,-0.6055577405,-0.4013190959,-0.2553192705,0.3343335623,-0.8527918369,0.9185756329,-1.138274699,-1.571272689,0.7700344937,0.2350945446,-2.434549057,1.143339071,0.9701184275,1.543262883
-0.5237501233,0.3267673078,-0.4676176092,-0.2885194272,-0.03749662374,-0.4222237437,0.35818228,-0.2871318038,-0.3656596854,0.1542495987,0.3634331922,0.502491039,-0.2225854708,-0.1668161158,-0.1901632831,0.2680185233,0.4186505459,0.2144335918,-1.004255356,-0.8636170413
-0.2320533304,-0.2048268445,-0.5899796716,0.4323494768,0.06806708952,-0.03574587181,0.5796352808,-0.2558495851,-0.6746169317,0.1793881539,0.4172945671,0.1422769817,-1.221281524,-0.4919447454,-0.2129237342,0.6018089309,0.2628311545,0.002687580869,0.04926901119,0.3540365443
0.2858345802,0.1863589258,0.2763493793,-0.7379817948,-0.1034780526,0.4355513262,0.02452444513,0.4370629149,0.398134475,-0.6058423479,0.4095521205,0.5327620112,0.1687920319,1.593052413,-0.3583816844,-0.6023197962,-3.652168991,0.3631486032,0.3973192071,0.6616279498
0.1530236158,0.4732800196,-0.28342726,-0.9506704831,0.4292808367,-0.02350994312,-0.7673796671,0.3513100944,0.9547838978,-0.3607726251,-0.6629703727,1.278239535,1.046938649,-0.1671753528,-0.6489382522,-0.5352312919,-0.8637907871,0.6048875111,0.3268603551,1.507302334
-0.390904382,0.2134726611,-0.1217147613,0.2224020599,0.4958809102,-0.2578349581,-0.8488528758,0.8280937354,-0.6528261772,0.07956237955,-1.11743548,-0.4659151398,-0.6063484044,-1.385898579,1.477050254,0.6639824947,-1.873997025,-1.754956227,1.411697717,0.5989760561
-0.500172404,0.06411612366,0.3449391904,0.09782196574,-0.2534158081,-0.4358030569,-0.1588865593,-0.5070165144,-0.08139521886,0.5641872114,0.242636395,-0.2742183259,-0.2578631268,-0.05081444941,0.206756266,-0.1096399694,0.6601676272,0.2487257535,-0.1688416379,-0.4949326797
-0.2685387633,-0.2672398687,0.3014681392,0.4059821471,-0.3641010107,-0.456431262,-0.107516029,-0.08968459656,-0.3180273509,0.2301824823,0.02967273462,-0.8539589548,-0.6596761419,-0.6542883925,-0.2993606146,0.6383902263,-0.5623046595,0.3430199261,-0.2227316063,-0.4991279499
-0.1300237677,-0.1909903495,-0.05238159568,0.6180640374,-0.24781654,0.1163157993,0.7127314743,-0.3142800834,-0.5399108727,0.2497294426,0.1744528514,0.1440765486,-0.640206085,-0.6809368462,-0.1823405771,0.3641697156,-0.2280925886,0.1695879126,0.4770022341,0.5193699663
-0.661813217,0.8757867741,-0.2098126442,-0.5473035927,0.05096228969,-0.5612691121,-0.8866451104,0.1718440722,0.7711205556,0.6838056506,-0.2997927036,0.246524977,0.5923023157,-0.841424734,0.4929154396,-0.9366127847,-1.245767881,-0.1538353979,0.06559266731,1.025882503
0.5747656991,0.3841912276,0.119827774,-0.2435248546,-0.4729325812,0.04187096398,-0.7635887115,-0.406647484,-0.07800679573,-0.3390834516,-0.5284225362,0.7508728887,-0.04338969394,0.05847286483,-0.9453036897,-0.5564633973,-0.07423527984,0.4623252752,-0.3446445988,0.07706976904
0.02392330458,-0.07525856777,-0.4541161672,0.005623632489,0.3619737439,-0.1900674073,0.1149039625,0.1227709893,0.08093628748,0.09831667229,-0.3435076098,1.133381733,0.6362845188,-0.4581250444,0.4426937773,0.08767154229,-0.7896814586,0.9223775253,0.01370716209,1.341669444
-0.04477212013,-0.6362658701,-0.4217611856,0.4367417297,0.2045780573,0.03137543953,0.6562178331,-0.1790448871,-0.216482741,0.788520739,0.5863624942,-0.3552012316,-0.7035682136,0.08664514516,0.01866343972,0.5840150215,0.7407747024,-0.2164620188,0.1167691205,-0.6025971834
0.329462738,0.3170211524,0.1957267146,-0.5676585901,-0.5190575254,-0.1925127882,-0.6105606168,-0.05361675446,0.09726212084,0.4095759345,0.148838397,-0.1146347996,0.3376978957,-0.1757739291,-0.1956376159,-0.139867045,-0.4776201789,0.2723190592,0.7834174882,0.8619212188
-0.6743204504,0.5769655368,-0.5414585284,-0.1588759873,0.4832239082,-0.3064026115,-0.4079436123,-0.3045229665,0.5912683707,0.2278823435,-0.3420295447,0.9413116637,1.780272024,-0.7848356885,-0.7051177118,-0.5875406508,-1.059458683,0.1335374229,0.3102596754,1.217197652
0.1857307991,-0.2940925046,0.07086849143,-0.5735724367,0.4064995786,0.1418945984,0.4569921184,0.6112317933,0.5021282837,-0.2407181543,0.4401556533,-0.1418505612,0.7630830494,1.481179712,0.1136774822,-0.2649118839,-3.054499479,-0.006113183154,0.6689657806,0.7845003423
0.6930703159,0.2792777156,-0.2471614014,-0.5734799542,-0.007492074627,0.736235479,-0.4221945725,-0.03942064839,0.5695018318,0.2669828243,-0.2484431166,-0.2354362924,1.200556436,-0.5919187241,0.6086216815,-0.9492836146,-1.024314725,0.1550227554,-0.2877234346,-0.1310509793
0.3645366712,0.03678994393,0.383485492,0.2993556329,0.2228672626,0.5968963541,0.432150603,0.6566472702,-0.5084793164,0.4231966802,0.5567853516,0.4140430306,-0.5736737714,0.4025750454,1.988092926,0.6355128314,0.216322352,-0.1618882474,0.1506347427,0.4206476161
0.533930843,-1.064566019,0.4198146683,0.6070058054,0.3358074379,0.5246336625,1.006088789,0.3542103804,-0.5554315372,-0.4165621729,0.8710200872,-0.01819975024,-0.3807774563,1.229194962,0.1765255076,0.2277456144,-1.935456252,-0.1752371214,0.2585867257,0.2401608072
-0.4547100011,-0.8217216803,0.02553626691,1.20993994,0.3284645067,-0.2859444506,0.09470187846,0.693401177,-1.10395769,0.1017030889,0.257660875,0.3033958349,-1.383725266,0.1305366094,0.3552434482,1.185971348,0.6808531832,-0.1371270501,0.8548388125,1.245289611
-0.4327725088,0.06057187416,0.01159999712,1.155154035,0.02565936921,-0.3150291718,0.1136380353,-0.4694215315,-0.618719366,0.1595347541,0.4002128374,-0.2157305114,-1.198454314,0.3871706607,-0.7071853468,0.9876034301,0.07347515122,-0.2972824428,0.9796079734,0.4497749411
-0.1313709365,0.2038608188,-0.4698417693,-0.2281394152,-0.454147017,-0.2979560276,-0.4379616889,-0.3893702871,-0.1809642801,0.5832906667,-0.8601997361,0.1317161442,0.1575244774,-1.564699923,0.2965804546,0.05600736743,-3.297651709,-0.26084957,0.7127920842,0.8358618945
